PRAGMA foreign_keys=off;
DROP TABLE IF EXISTS "Employee";
DROP TABLE IF EXISTS "Category";
DROP TABLE IF EXISTS "Customer";
DROP TABLE IF EXISTS "Shipper";
DROP TABLE IF EXISTS "Supplier";
DROP TABLE IF EXISTS "Order";
DROP TABLE IF EXISTS "Product";
DROP TABLE IF EXISTS "OrderDetail";
DROP TABLE IF EXISTS "Region";
DROP TABLE IF EXISTS "Territory";
DROP TABLE IF EXISTS "EmployeeTerritory";
DROP VIEW IF EXISTS [ProductDetails_V];
CREATE TABLE IF NOT EXISTS "Employee" ( "Id" INTEGER PRIMARY KEY, "LastName" VARCHAR(8000) NULL, "FirstName" VARCHAR(8000) NULL, "Title" VARCHAR(8000) NULL, "TitleOfCourtesy" VARCHAR(8000) NULL, "BirthDate" VARCHAR(8000) NULL, "HireDate" VARCHAR(8000) NULL, "Address" VARCHAR(8000) NULL, "City" VARCHAR(8000) NULL, "Region" VARCHAR(8000) NULL, "PostalCode" VARCHAR(8000) NULL, "Country" VARCHAR(8000) NULL, "HomePhone" VARCHAR(8000) NULL, "Extension" VARCHAR(8000) NULL, "Photo" BLOB NULL, "Notes" VARCHAR(8000) NULL, "ReportsTo" INTEGER NULL, "PhotoPath" VARCHAR(8000) NULL);
CREATE TABLE IF NOT EXISTS "Category" ( "Id" INTEGER PRIMARY KEY, "CategoryName" VARCHAR(8000) NULL, "Description" VARCHAR(8000) NULL);
CREATE TABLE IF NOT EXISTS "Customer" ( "Id" VARCHAR(8000) PRIMARY KEY, "CompanyName" VARCHAR(8000) NULL, "ContactName" VARCHAR(8000) NULL, "ContactTitle" VARCHAR(8000) NULL, "Address" VARCHAR(8000) NULL, "City" VARCHAR(8000) NULL, "Region" VARCHAR(8000) NULL, "PostalCode" VARCHAR(8000) NULL, "Country" VARCHAR(8000) NULL, "Phone" VARCHAR(8000) NULL, "Fax" VARCHAR(8000) NULL);
CREATE TABLE IF NOT EXISTS "Shipper" ( "Id" INTEGER PRIMARY KEY, "CompanyName" VARCHAR(8000) NULL, "Phone" VARCHAR(8000) NULL);
CREATE TABLE IF NOT EXISTS "Supplier" ( "Id" INTEGER PRIMARY KEY, "CompanyName" VARCHAR(8000) NULL, "ContactName" VARCHAR(8000) NULL, "ContactTitle" VARCHAR(8000) NULL, "Address" VARCHAR(8000) NULL, "City" VARCHAR(8000) NULL, "Region" VARCHAR(8000) NULL, "PostalCode" VARCHAR(8000) NULL, "Country" VARCHAR(8000) NULL, "Phone" VARCHAR(8000) NULL, "Fax" VARCHAR(8000) NULL, "HomePage" VARCHAR(8000) NULL);
CREATE TABLE IF NOT EXISTS "Order" ( "Id" INTEGER PRIMARY KEY, "CustomerId" VARCHAR(8000) NULL, "EmployeeId" INTEGER NOT NULL, "OrderDate" VARCHAR(8000) NULL, "RequiredDate" VARCHAR(8000) NULL, "ShippedDate" VARCHAR(8000) NULL, "ShipVia" INTEGER NULL, "Freight" DECIMAL NOT NULL, "ShipName" VARCHAR(8000) NULL, "ShipAddress" VARCHAR(8000) NULL, "ShipCity" VARCHAR(8000) NULL, "ShipRegion" VARCHAR(8000) NULL, "ShipPostalCode" VARCHAR(8000) NULL, "ShipCountry" VARCHAR(8000) NULL);
CREATE TABLE IF NOT EXISTS "Product" ( "Id" INTEGER PRIMARY KEY, "ProductName" VARCHAR(8000) NULL, "SupplierId" INTEGER NOT NULL, "CategoryId" INTEGER NOT NULL, "QuantityPerUnit" VARCHAR(8000) NULL, "UnitPrice" DECIMAL NOT NULL, "UnitsInStock" INTEGER NOT NULL, "UnitsOnOrder" INTEGER NOT NULL, "ReorderLevel" INTEGER NOT NULL, "Discontinued" INTEGER NOT NULL);
CREATE TABLE IF NOT EXISTS "OrderDetail" ( "Id" VARCHAR(8000) PRIMARY KEY, "OrderId" INTEGER NOT NULL, "ProductId" INTEGER NOT NULL, "UnitPrice" DECIMAL NOT NULL, "Quantity" INTEGER NOT NULL, "Discount" DOUBLE NOT NULL);
CREATE TABLE IF NOT EXISTS "Region" ( "Id" INTEGER PRIMARY KEY, "RegionDescription" VARCHAR(8000) NULL);
CREATE TABLE IF NOT EXISTS "Territory" ( "Id" VARCHAR(8000) PRIMARY KEY, "TerritoryDescription" VARCHAR(8000) NULL, "RegionId" INTEGER NOT NULL);
CREATE TABLE IF NOT EXISTS "EmployeeTerritory" ( "Id" VARCHAR(8000) PRIMARY KEY, "EmployeeId" INTEGER NOT NULL, "TerritoryId" VARCHAR(8000) NULL);
CREATE VIEW [ProductDetails_V] as select p.*, c.CategoryName, c.Description as [CategoryDescription], s.CompanyName as [SupplierName], s.Region as [SupplierRegion] from [Product] p join [Category] c on p.CategoryId = c.id join [Supplier] s on s.id = p.SupplierId;
INSERT INTO Employee VALUES(1,'Davolio','Nancy','Sales Representative','Ms.','1980-12-08','2024-05-01','507 - 20th Ave. E. Apt. 2A','Seattle','North America','98122','USA','(206) 555-9857','5467',NULL,'Education includes a BA in psychology from Colorado State University in 1970.  She also completed ''The Art of the Cold Call.''  Nancy is a member of Toastmasters International.',2,'http://accweb/emmployees/davolio.bmp');
INSERT INTO Employee VALUES(2,'Fuller','Andrew','Vice President, Sales','Dr.','1984-02-19','2024-08-14','908 W. Capital Way','Tacoma','North America','98401','USA','(206) 555-9482','3457',NULL,'Andrew received his BTS commercial in 1974 and a Ph.D. in international marketing from the University of Dallas in 1981.  He is fluent in French and Italian and reads German.  He joined the company as a sales representative, was promoted to sales manager in January 1992 and to vice president of sales in March 1993.  Andrew is a member of the Sales Management Roundtable, the Seattle Chamber of Commerce, and the Pacific Rim Importers Association.',NULL,'http://accweb/emmployees/fuller.bmp');
INSERT INTO Employee VALUES(3,'Leverling','Janet','Sales Representative','Ms.','1995-08-30','2024-04-01','722 Moss Bay Blvd.','Kirkland','North America','98033','USA','(206) 555-3412','3355',NULL,'Janet has a BS degree in chemistry from Boston College (1984).  She has also completed a certificate program in food retailing management.  Janet was hired as a sales associate in 1991 and promoted to sales representative in February 1992.',2,'http://accweb/emmployees/leverling.bmp');
INSERT INTO Employee VALUES(4,'Peacock','Margaret','Sales Representative','Mrs.','1969-09-19','2025-05-03','4110 Old Redmond Rd.','Redmond','North America','98052','USA','(206) 555-8122','5176',NULL,'Margaret holds a BA in English literature from Concordia College (1958) and an MA from the American Institute of Culinary Arts (1966).  She was assigned to the London office temporarily from July through November 1992.',2,'http://accweb/emmployees/peacock.bmp');
INSERT INTO Employee VALUES(5,'Buchanan','Steven','Sales Manager','Mr.','1987-03-04','2025-10-17','14 Garrett Hill','London','British Isles','SW1 8JR','UK','(71) 555-4848','3453',NULL,'Steven Buchanan graduated from St. Andrews University, Scotland, with a BSC degree in 1976.  Upon joining the company as a sales representative in 1992, he spent 6 months in an orientation program at the Seattle office and then returned to his permanent post in London.  He was promoted to sales manager in March 1993.  Mr. Buchanan has completed the courses ''Successful Telemarketing'' and ''International Sales Management.''  He is fluent in French.',2,'http://accweb/emmployees/buchanan.bmp');
INSERT INTO Employee VALUES(6,'Suyama','Michael','Sales Representative','Mr.','1995-07-02','2025-10-17','Coventry House Miner Rd.','London','British Isles','EC2 7JR','UK','(71) 555-7773','428',NULL,'Michael is a graduate of Sussex University (MA, economics, 1983) and the University of California at Los Angeles (MBA, marketing, 1986).  He has also taken the courses ''Multi-Cultural Selling'' and ''Time Management for the Sales Professional.''  He is fluent in Japanese and can read and write French, Portuguese, and Spanish.',5,'http://accweb/emmployees/davolio.bmp');
INSERT INTO Employee VALUES(7,'King','Robert','Sales Representative','Mr.','1992-05-29','2026-01-02','Edgeham Hollow Winchester Way','London','British Isles','RG1 9SP','UK','(71) 555-5598','465',NULL,'Robert King served in the Peace Corps and traveled extensively before completing his degree in English at the University of Michigan in 1992, the year he joined the company.  After completing a course entitled ''Selling in Europe,'' he was transferred to the London office in March 1993.',5,'http://accweb/emmployees/davolio.bmp');
INSERT INTO Employee VALUES(8,'Callahan','Laura','Inside Sales Coordinator','Ms.','1990-01-09','2026-03-05','4726 - 11th Ave. N.E.','Seattle','North America','98105','USA','(206) 555-1189','2344',NULL,'Laura received a BA in psychology from the University of Washington.  She has also completed a course in business French.  She reads and writes French.',2,'http://accweb/emmployees/davolio.bmp');
INSERT INTO Employee VALUES(9,'Dodsworth','Anne','Sales Representative','Ms.','1998-01-27','2026-11-15','7 Houndstooth Rd.','London','British Isles','WG2 7LT','UK','(71) 555-4444','452',NULL,'Anne has a BA degree in English from St. Lawrence College.  She is fluent in French and German.',5,'http://accweb/emmployees/davolio.bmp');
INSERT INTO Category VALUES(1,'Beverages','Soft drinks, coffees, teas, beers, and ales');
INSERT INTO Category VALUES(2,'Condiments','Sweet and savory sauces, relishes, spreads, and seasonings');
INSERT INTO Category VALUES(3,'Confections','Desserts, candies, and sweet breads');
INSERT INTO Category VALUES(4,'Dairy Products','Cheeses');
INSERT INTO Category VALUES(5,'Grains/Cereals','Breads, crackers, pasta, and cereal');
INSERT INTO Category VALUES(6,'Meat/Poultry','Prepared meats');
INSERT INTO Category VALUES(7,'Produce','Dried fruit and bean curd');
INSERT INTO Category VALUES(8,'Seafood','Seaweed and fish');
INSERT INTO Customer VALUES('ALFKI','Alfreds Futterkiste','Maria Anders','Sales Representative','Obere Str. 57','Berlin','Western Europe','12209','Germany','030-0074321','030-0076545');
INSERT INTO Customer VALUES('ANATR','Ana Trujillo Emparedados y helados','Ana Trujillo','Owner','Avda. de la Constitución 2222','México D.F.','Central America','05021','Mexico','(5) 555-4729','(5) 555-3745');
INSERT INTO Customer VALUES('ANTON','Antonio Moreno Taquería','Antonio Moreno','Owner','Mataderos  2312','México D.F.','Central America','05023','Mexico','(5) 555-3932',NULL);
INSERT INTO Customer VALUES('AROUT','Around the Horn','Thomas Hardy','Sales Representative','120 Hanover Sq.','London','British Isles','WA1 1DP','UK','(171) 555-7788','(171) 555-6750');
INSERT INTO Customer VALUES('BERGS','Berglunds snabbköp','Christina Berglund','Order Administrator','Berguvsvägen  8','Luleå','Northern Europe','S-958 22','Sweden','0921-12 34 65','0921-12 34 67');
INSERT INTO Customer VALUES('BLAUS','Blauer See Delikatessen','Hanna Moos','Sales Representative','Forsterstr. 57','Mannheim','Western Europe','68306','Germany','0621-08460','0621-08924');
INSERT INTO Customer VALUES('BLONP','Blondesddsl père et fils','Frédérique Citeaux','Marketing Manager','24, place Kléber','Strasbourg','Western Europe','67000','France','88.60.15.31','88.60.15.32');
INSERT INTO Customer VALUES('BOLID','Bólido Comidas preparadas','Martín Sommer','Owner','C/ Araquil, 67','Madrid','Southern Europe','28023','Spain','(91) 555 22 82','(91) 555 91 99');
INSERT INTO Customer VALUES('BONAP','Bon app','Laurence Lebihan','Owner','12, rue des Bouchers','Marseille','Western Europe','13008','France','91.24.45.40','91.24.45.41');
INSERT INTO Customer VALUES('BOTTM','Bottom-Dollar Markets','Elizabeth Lincoln','Accounting Manager','23 Tsawassen Blvd.','Tsawassen','North America','T2F 8M4','Canada','(604) 555-4729','(604) 555-3745');
INSERT INTO Customer VALUES('BSBEV','B''s Beverages','Victoria Ashworth','Sales Representative','Fauntleroy Circus','London','British Isles','EC2 5NT','UK','(171) 555-1212',NULL);
INSERT INTO Customer VALUES('CACTU','Cactus Comidas para llevar','Patricio Simpson','Sales Agent','Cerrito 333','Buenos Aires','South America','1010','Argentina','(1) 135-5555','(1) 135-4892');
INSERT INTO Customer VALUES('CENTC','Centro comercial Moctezuma','Francisco Chang','Marketing Manager','Sierras de Granada 9993','México D.F.','Central America','05022','Mexico','(5) 555-3392','(5) 555-7293');
INSERT INTO Customer VALUES('CHOPS','Chop-suey Chinese','Yang Wang','Owner','Hauptstr. 29','Bern','Western Europe','3012','Switzerland','0452-076545',NULL);
INSERT INTO Customer VALUES('COMMI','Comércio Mineiro','Pedro Afonso','Sales Associate','Av. dos Lusíadas, 23','Sao Paulo','South America','05432-043','Brazil','(11) 555-7647',NULL);
INSERT INTO Customer VALUES('CONSH','Consolidated Holdings','Elizabeth Brown','Sales Representative','Berkeley Gardens 12  Brewery','London','British Isles','WX1 6LT','UK','(171) 555-2282','(171) 555-9199');
INSERT INTO Customer VALUES('DRACD','Drachenblut Delikatessen','Sven Ottlieb','Order Administrator','Walserweg 21','Aachen','Western Europe','52066','Germany','0241-039123','0241-059428');
INSERT INTO Customer VALUES('DUMON','Du monde entier','Janine Labrune','Owner','67, rue des Cinquante Otages','Nantes','Western Europe','44000','France','40.67.88.88','40.67.89.89');
INSERT INTO Customer VALUES('EASTC','Eastern Connection','Ann Devon','Sales Agent','35 King George','London','British Isles','WX3 6FW','UK','(171) 555-0297','(171) 555-3373');
INSERT INTO Customer VALUES('ERNSH','Ernst Handel','Roland Mendel','Sales Manager','Kirchgasse 6','Graz','Western Europe','8010','Austria','7675-3425','7675-3426');
INSERT INTO Customer VALUES('FAMIA','Familia Arquibaldo','Aria Cruz','Marketing Assistant','Rua Orós, 92','Sao Paulo','South America','05442-030','Brazil','(11) 555-9857',NULL);
INSERT INTO Customer VALUES('FISSA','FISSA Fabrica Inter. Salchichas S.A.','Diego Roel','Accounting Manager','C/ Moralzarzal, 86','Madrid','Southern Europe','28034','Spain','(91) 555 94 44','(91) 555 55 93');
INSERT INTO Customer VALUES('FOLIG','Folies gourmandes','Martine Rancé','Assistant Sales Agent','184, chaussée de Tournai','Lille','Western Europe','59000','France','20.16.10.16','20.16.10.17');
INSERT INTO Customer VALUES('FOLKO','Folk och fä HB','Maria Larsson','Owner','Åkergatan 24','Bräcke','Northern Europe','S-844 67','Sweden','0695-34 67 21',NULL);
INSERT INTO Customer VALUES('FRANK','Frankenversand','Peter Franken','Marketing Manager','Berliner Platz 43','München','Western Europe','80805','Germany','089-0877310','089-0877451');
INSERT INTO Customer VALUES('FRANR','France restauration','Carine Schmitt','Marketing Manager','54, rue Royale','Nantes','Western Europe','44000','France','40.32.21.21','40.32.21.20');
INSERT INTO Customer VALUES('FRANS','Franchi S.p.A.','Paolo Accorti','Sales Representative','Via Monte Bianco 34','Torino','Southern Europe','10100','Italy','011-4988260','011-4988261');
INSERT INTO Customer VALUES('FURIB','Furia Bacalhau e Frutos do Mar','Lino Rodriguez','Sales Manager','Jardim das rosas n. 32','Lisboa','Southern Europe','1675','Portugal','(1) 354-2534','(1) 354-2535');
INSERT INTO Customer VALUES('GALED','Galería del gastrónomo','Eduardo Saavedra','Marketing Manager','Rambla de Cataluña, 23','Barcelona','Southern Europe','08022','Spain','(93) 203 4560','(93) 203 4561');
INSERT INTO Customer VALUES('GODOS','Godos Cocina Típica','José Pedro Freyre','Sales Manager','C/ Romero, 33','Sevilla','Southern Europe','41101','Spain','(95) 555 82 82',NULL);
INSERT INTO Customer VALUES('GOURL','Gourmet Lanchonetes','André Fonseca','Sales Associate','Av. Brasil, 442','Campinas','South America','04876-786','Brazil','(11) 555-9482',NULL);
INSERT INTO Customer VALUES('GREAL','Great Lakes Food Market','Howard Snyder','Marketing Manager','2732 Baker Blvd.','Eugene','North America','97403','USA','(503) 555-7555',NULL);
INSERT INTO Customer VALUES('GROSR','GROSELLA-Restaurante','Manuel Pereira','Owner','5ª Ave. Los Palos Grandes','Caracas','South America','1081','Venezuela','(2) 283-2951','(2) 283-3397');
INSERT INTO Customer VALUES('HANAR','Hanari Carnes','Mario Pontes','Accounting Manager','Rua do Paço, 67','Rio de Janeiro','South America','05454-876','Brazil','(21) 555-0091','(21) 555-8765');
INSERT INTO Customer VALUES('HILAA','HILARION-Abastos','Carlos Hernández','Sales Representative','Carrera 22 con Ave. Carlos Soublette #8-35','San Cristóbal','South America','5022','Venezuela','(5) 555-1340','(5) 555-1948');
INSERT INTO Customer VALUES('HUNGC','Hungry Coyote Import Store','Yoshi Latimer','Sales Representative','City Center Plaza 516 Main St.','Elgin','North America','97827','USA','(503) 555-6874','(503) 555-2376');
INSERT INTO Customer VALUES('HUNGO','Hungry Owl All-Night Grocers','Patricia McKenna','Sales Associate','8 Johnstown Road','Cork','British Isles',NULL,'Ireland','2967 542','2967 3333');
INSERT INTO Customer VALUES('ISLAT','Island Trading','Helen Bennett','Marketing Manager','Garden House Crowther Way','Cowes','British Isles','PO31 7PJ','UK','(198) 555-8888',NULL);
INSERT INTO Customer VALUES('KOENE','Königlich Essen','Philip Cramer','Sales Associate','Maubelstr. 90','Brandenburg','Western Europe','14776','Germany','0555-09876',NULL);
INSERT INTO Customer VALUES('LACOR','La corne d''abondance','Daniel Tonini','Sales Representative','67, avenue de l''Europe','Versailles','Western Europe','78000','France','30.59.84.10','30.59.85.11');
INSERT INTO Customer VALUES('LAMAI','La maison d''Asie','Annette Roulet','Sales Manager','1 rue Alsace-Lorraine','Toulouse','Western Europe','31000','France','61.77.61.10','61.77.61.11');
INSERT INTO Customer VALUES('LAUGB','Laughing Bacchus Wine Cellars','Yoshi Tannamuri','Marketing Assistant','1900 Oak St.','Vancouver','North America','V3F 2K1','Canada','(604) 555-3392','(604) 555-7293');
INSERT INTO Customer VALUES('LAZYK','Lazy K Kountry Store','John Steel','Marketing Manager','12 Orchestra Terrace','Walla Walla','North America','99362','USA','(509) 555-7969','(509) 555-6221');
INSERT INTO Customer VALUES('LEHMS','Lehmanns Marktstand','Renate Messner','Sales Representative','Magazinweg 7','Frankfurt a.M.','Western Europe','60528','Germany','069-0245984','069-0245874');
INSERT INTO Customer VALUES('LETSS','Let''s Stop N Shop','Jaime Yorres','Owner','87 Polk St. Suite 5','San Francisco','North America','94117','USA','(415) 555-5938',NULL);
INSERT INTO Customer VALUES('LILAS','LILA-Supermercado','Carlos González','Accounting Manager','Carrera 52 con Ave. Bolívar #65-98 Llano Largo','Barquisimeto','South America','3508','Venezuela','(9) 331-6954','(9) 331-7256');
INSERT INTO Customer VALUES('LINOD','LINO-Delicateses','Felipe Izquierdo','Owner','Ave. 5 de Mayo Porlamar','I. de Margarita','South America','4980','Venezuela','(8) 34-56-12','(8) 34-93-93');
INSERT INTO Customer VALUES('LONEP','Lonesome Pine Restaurant','Fran Wilson','Sales Manager','89 Chiaroscuro Rd.','Portland','North America','97219','USA','(503) 555-9573','(503) 555-9646');
INSERT INTO Customer VALUES('MAGAA','Magazzini Alimentari Riuniti','Giovanni Rovelli','Marketing Manager','Via Ludovico il Moro 22','Bergamo','Southern Europe','24100','Italy','035-640230','035-640231');
INSERT INTO Customer VALUES('MAISD','Maison Dewey','Catherine Dewey','Sales Agent','Rue Joseph-Bens 532','Bruxelles','Western Europe','B-1180','Belgium','(02) 201 24 67','(02) 201 24 68');
INSERT INTO Customer VALUES('MEREP','Mère Paillarde','Jean Fresnière','Marketing Assistant','43 rue St. Laurent','Montréal','North America','H1J 1C3','Canada','(514) 555-8054','(514) 555-8055');
INSERT INTO Customer VALUES('MORGK','Morgenstern Gesundkost','Alexander Feuer','Marketing Assistant','Heerstr. 22','Leipzig','Western Europe','04179','Germany','0342-023176',NULL);
INSERT INTO Customer VALUES('NORTS','North/South','Simon Crowther','Sales Associate','South House 300 Queensbridge','London','British Isles','SW7 1RZ','UK','(171) 555-7733','(171) 555-2530');
INSERT INTO Customer VALUES('OCEAN','Océano Atlántico Ltda.','Yvonne Moncada','Sales Agent','Ing. Gustavo Moncada 8585 Piso 20-A','Buenos Aires','South America','1010','Argentina','(1) 135-5333','(1) 135-5535');
INSERT INTO Customer VALUES('OLDWO','Old World Delicatessen','Rene Phillips','Sales Representative','2743 Bering St.','Anchorage','North America','99508','USA','(907) 555-7584','(907) 555-2880');
INSERT INTO Customer VALUES('OTTIK','Ottilies Käseladen','Henriette Pfalzheim','Owner','Mehrheimerstr. 369','Köln','Western Europe','50739','Germany','0221-0644327','0221-0765721');
INSERT INTO Customer VALUES('PARIS','Paris spécialités','Marie Bertrand','Owner','265, boulevard Charonne','Paris','Western Europe','75012','France','(1) 42.34.22.66','(1) 42.34.22.77');
INSERT INTO Customer VALUES('PERIC','Pericles Comidas clásicas','Guillermo Fernández','Sales Representative','Calle Dr. Jorge Cash 321','México D.F.','Central America','05033','Mexico','(5) 552-3745','(5) 545-3745');
INSERT INTO Customer VALUES('PICCO','Piccolo und mehr','Georg Pipps','Sales Manager','Geislweg 14','Salzburg','Western Europe','5020','Austria','6562-9722','6562-9723');
INSERT INTO Customer VALUES('PRINI','Princesa Isabel Vinhos','Isabel de Castro','Sales Representative','Estrada da saúde n. 58','Lisboa','Southern Europe','1756','Portugal','(1) 356-5634',NULL);
INSERT INTO Customer VALUES('QUEDE','Que Delícia','Bernardo Batista','Accounting Manager','Rua da Panificadora, 12','Rio de Janeiro','South America','02389-673','Brazil','(21) 555-4252','(21) 555-4545');
INSERT INTO Customer VALUES('QUEEN','Queen Cozinha','Lúcia Carvalho','Marketing Assistant','Alameda dos Canàrios, 891','Sao Paulo','South America','05487-020','Brazil','(11) 555-1189',NULL);
INSERT INTO Customer VALUES('QUICK','QUICK-Stop','Horst Kloss','Accounting Manager','Taucherstraße 10','Cunewalde','Western Europe','01307','Germany','0372-035188',NULL);
INSERT INTO Customer VALUES('RANCH','Rancho grande','Sergio Gutiérrez','Sales Representative','Av. del Libertador 900','Buenos Aires','South America','1010','Argentina','(1) 123-5555','(1) 123-5556');
INSERT INTO Customer VALUES('RATTC','Rattlesnake Canyon Grocery','Paula Wilson','Assistant Sales Representative','2817 Milton Dr.','Albuquerque','North America','87110','USA','(505) 555-5939','(505) 555-3620');
INSERT INTO Customer VALUES('REGGC','Reggiani Caseifici','Maurizio Moroni','Sales Associate','Strada Provinciale 124','Reggio Emilia','Southern Europe','42100','Italy','0522-556721','0522-556722');
INSERT INTO Customer VALUES('RICAR','Ricardo Adocicados','Janete Limeira','Assistant Sales Agent','Av. Copacabana, 267','Rio de Janeiro','South America','02389-890','Brazil','(21) 555-3412',NULL);
INSERT INTO Customer VALUES('RICSU','Richter Supermarkt','Michael Holz','Sales Manager','Grenzacherweg 237','Genève','Western Europe','1203','Switzerland','0897-034214',NULL);
INSERT INTO Customer VALUES('ROMEY','Romero y tomillo','Alejandra Camino','Accounting Manager','Gran Vía, 1','Madrid','Southern Europe','28001','Spain','(91) 745 6200','(91) 745 6210');
INSERT INTO Customer VALUES('SANTG','Santé Gourmet','Jonas Bergulfsen','Owner','Erling Skakkes gate 78','Stavern','Scandinavia','4110','Norway','07-98 92 35','07-98 92 47');
INSERT INTO Customer VALUES('SAVEA','Save-a-lot Markets','Jose Pavarotti','Sales Representative','187 Suffolk Ln.','Boise','North America','83720','USA','(208) 555-8097',NULL);
INSERT INTO Customer VALUES('SEVES','Seven Seas Imports','Hari Kumar','Sales Manager','90 Wadhurst Rd.','London','British Isles','OX15 4NB','UK','(171) 555-1717','(171) 555-5646');
INSERT INTO Customer VALUES('SIMOB','Simons bistro','Jytte Petersen','Owner','Vinbæltet 34','Kobenhavn','Northern Europe','1734','Denmark','31 12 34 56','31 13 35 57');
INSERT INTO Customer VALUES('SPECD','Spécialités du monde','Dominique Perrier','Marketing Manager','25, rue Lauriston','Paris','Western Europe','75016','France','(1) 47.55.60.10','(1) 47.55.60.20');
INSERT INTO Customer VALUES('SPLIR','Split Rail Beer & Ale','Art Braunschweiger','Sales Manager','P.O. Box 555','Lander','North America','82520','USA','(307) 555-4680','(307) 555-6525');
INSERT INTO Customer VALUES('SUPRD','Suprêmes délices','Pascale Cartrain','Accounting Manager','Boulevard Tirou, 255','Charleroi','Western Europe','B-6000','Belgium','(071) 23 67 22 20','(071) 23 67 22 21');
INSERT INTO Customer VALUES('THEBI','The Big Cheese','Liz Nixon','Marketing Manager','89 Jefferson Way Suite 2','Portland','North America','97201','USA','(503) 555-3612',NULL);
INSERT INTO Customer VALUES('THECR','The Cracker Box','Liu Wong','Marketing Assistant','55 Grizzly Peak Rd.','Butte','North America','59801','USA','(406) 555-5834','(406) 555-8083');
INSERT INTO Customer VALUES('TOMSP','Toms Spezialitäten','Karin Josephs','Marketing Manager','Luisenstr. 48','Münster','Western Europe','44087','Germany','0251-031259','0251-035695');
INSERT INTO Customer VALUES('TORTU','Tortuga Restaurante','Miguel Angel Paolino','Owner','Avda. Azteca 123','México D.F.','Central America','05033','Mexico','(5) 555-2933',NULL);
INSERT INTO Customer VALUES('TRADH','Tradição Hipermercados','Anabela Domingues','Sales Representative','Av. Inês de Castro, 414','Sao Paulo','South America','05634-030','Brazil','(11) 555-2167','(11) 555-2168');
INSERT INTO Customer VALUES('TRAIH','Trail''s Head Gourmet Provisioners','Helvetius Nagy','Sales Associate','722 DaVinci Blvd.','Kirkland','North America','98034','USA','(206) 555-8257','(206) 555-2174');
INSERT INTO Customer VALUES('VAFFE','Vaffeljernet','Palle Ibsen','Sales Manager','Smagsloget 45','Århus','Northern Europe','8200','Denmark','86 21 32 43','86 22 33 44');
INSERT INTO Customer VALUES('VICTE','Victuailles en stock','Mary Saveley','Sales Agent','2, rue du Commerce','Lyon','Western Europe','69004','France','78.32.54.86','78.32.54.87');
INSERT INTO Customer VALUES('VINET','Vins et alcools Chevalier','Paul Henriot','Accounting Manager','59 rue de l''Abbaye','Reims','Western Europe','51100','France','26.47.15.10','26.47.15.11');
INSERT INTO Customer VALUES('WANDK','Die Wandernde Kuh','Rita Müller','Sales Representative','Adenauerallee 900','Stuttgart','Western Europe','70563','Germany','0711-020361','0711-035428');
INSERT INTO Customer VALUES('WARTH','Wartian Herkku','Pirkko Koskitalo','Accounting Manager','Torikatu 38','Oulu','Scandinavia','90110','Finland','981-443655','981-443655');
INSERT INTO Customer VALUES('WELLI','Wellington Importadora','Paula Parente','Sales Manager','Rua do Mercado, 12','Resende','South America','08737-363','Brazil','(14) 555-8122',NULL);
INSERT INTO Customer VALUES('WHITC','White Clover Markets','Karl Jablonski','Owner','305 - 14th Ave. S. Suite 3B','Seattle','North America','98128','USA','(206) 555-4112','(206) 555-4115');
INSERT INTO Customer VALUES('WILMK','Wilman Kala','Matti Karttunen','Owner/Marketing Assistant','Keskuskatu 45','Helsinki','Scandinavia','21240','Finland','90-224 8858','90-224 8858');
INSERT INTO Customer VALUES('WOLZA','Wolski  Zajazd','Zbyszek Piestrzeniewicz','Owner','ul. Filtrowa 68','Warszawa','Eastern Europe','01-012','Poland','(26) 642-7012','(26) 642-7012');
INSERT INTO Shipper VALUES(1,'Speedy Express','(503) 555-9831');
INSERT INTO Shipper VALUES(2,'United Package','(503) 555-3199');
INSERT INTO Shipper VALUES(3,'Federal Shipping','(503) 555-9931');
INSERT INTO Supplier VALUES(1,'Exotic Liquids','Charlotte Cooper','Purchasing Manager','49 Gilbert St.','London','British Isles','EC1 4SD','UK','(171) 555-2222',NULL,NULL);
INSERT INTO Supplier VALUES(2,'New Orleans Cajun Delights','Shelley Burke','Order Administrator','P.O. Box 78934','New Orleans','North America','70117','USA','(100) 555-4822',NULL,'#CAJUN.HTM#');
INSERT INTO Supplier VALUES(3,'Grandma Kelly''s Homestead','Regina Murphy','Sales Representative','707 Oxford Rd.','Ann Arbor','North America','48104','USA','(313) 555-5735','(313) 555-3349',NULL);
INSERT INTO Supplier VALUES(4,'Tokyo Traders','Yoshi Nagase','Marketing Manager','9-8 Sekimai Musashino-shi','Tokyo','Eastern Asia','100','Japan','(03) 3555-5011',NULL,NULL);
INSERT INTO Supplier VALUES(5,'Cooperativa de Quesos ''Las Cabras''','Antonio del Valle Saavedra','Export Administrator','Calle del Rosal 4','Oviedo','Southern Europe','33007','Spain','(98) 598 76 54',NULL,NULL);
INSERT INTO Supplier VALUES(6,'Mayumi''s','Mayumi Ohno','Marketing Representative','92 Setsuko Chuo-ku','Osaka','Eastern Asia','545','Japan','(06) 431-7877',NULL,'Mayumi''s (on the World Wide Web)#http://www.microsoft.com/accessdev/sampleapps/mayumi.htm#');
INSERT INTO Supplier VALUES(7,'Pavlova, Ltd.','Ian Devling','Marketing Manager','74 Rose St. Moonie Ponds','Melbourne','Victoria','3058','Australia','(03) 444-2343','(03) 444-6588',NULL);
INSERT INTO Supplier VALUES(8,'Specialty Biscuits, Ltd.','Peter Wilson','Sales Representative','29 King''s Way','Manchester','British Isles','M14 GSD','UK','(161) 555-4448',NULL,NULL);
INSERT INTO Supplier VALUES(9,'PB Knäckebröd AB','Lars Peterson','Sales Agent','Kaloadagatan 13','Göteborg','Northern Europe','S-345 67','Sweden','031-987 65 43','031-987 65 91',NULL);
INSERT INTO Supplier VALUES(10,'Refrescos Americanas LTDA','Carlos Diaz','Marketing Manager','Av. das Americanas 12.890','Sao Paulo','South America','5442','Brazil','(11) 555 4640',NULL,NULL);
INSERT INTO Supplier VALUES(11,'Heli Süßwaren GmbH & Co. KG','Petra Winkler','Sales Manager','Tiergartenstraße 5','Berlin','Western Europe','10785','Germany','(010) 9984510',NULL,NULL);
INSERT INTO Supplier VALUES(12,'Plutzer Lebensmittelgroßmärkte AG','Martin Bein','International Marketing Mgr.','Bogenallee 51','Frankfurt','Western Europe','60439','Germany','(069) 992755',NULL,'Plutzer (on the World Wide Web)#http://www.microsoft.com/accessdev/sampleapps/plutzer.htm#');
INSERT INTO Supplier VALUES(13,'Nord-Ost-Fisch Handelsgesellschaft mbH','Sven Petersen','Coordinator Foreign Markets','Frahmredder 112a','Cuxhaven','Western Europe','27478','Germany','(04721) 8713','(04721) 8714',NULL);
INSERT INTO Supplier VALUES(14,'Formaggi Fortini s.r.l.','Elio Rossi','Sales Representative','Viale Dante, 75','Ravenna','Southern Europe','48100','Italy','(0544) 60323','(0544) 60603','#FORMAGGI.HTM#');
INSERT INTO Supplier VALUES(15,'Norske Meierier','Beate Vileid','Marketing Manager','Hatlevegen 5','Sandvika','Scandinavia','1320','Norway','(0)2-953010',NULL,NULL);
INSERT INTO Supplier VALUES(16,'Bigfoot Breweries','Cheryl Saylor','Regional Account Rep.','3400 - 8th Avenue Suite 210','Bend','North America','97101','USA','(503) 555-9931',NULL,NULL);
INSERT INTO Supplier VALUES(17,'Svensk Sjöföda AB','Michael Björn','Sales Representative','Brovallavägen 231','Stockholm','Northern Europe','S-123 45','Sweden','08-123 45 67',NULL,NULL);
INSERT INTO Supplier VALUES(18,'Aux joyeux ecclésiastiques','Guylène Nodier','Sales Manager','203, Rue des Francs-Bourgeois','Paris','Western Europe','75004','France','(1) 03.83.00.68','(1) 03.83.00.62',NULL);
INSERT INTO Supplier VALUES(19,'New England Seafood Cannery','Robb Merchant','Wholesale Account Agent','Order Processing Dept. 2100 Paul Revere Blvd.','Boston','North America','02134','USA','(617) 555-3267','(617) 555-3389',NULL);
INSERT INTO Supplier VALUES(20,'Leka Trading','Chandra Leka','Owner','471 Serangoon Loop, Suite #402','Singapore','South-East Asia','0512','Singapore','555-8787',NULL,NULL);
INSERT INTO Supplier VALUES(21,'Lyngbysild','Niels Petersen','Sales Manager','Lyngbysild Fiskebakken 10','Lyngby','Northern Europe','2800','Denmark','43844108','43844115',NULL);
INSERT INTO Supplier VALUES(22,'Zaanse Snoepfabriek','Dirk Luchte','Accounting Manager','Verkoop Rijnweg 22','Zaandam','Northern Europe','9999 ZZ','Netherlands','(12345) 1212','(12345) 1210',NULL);
INSERT INTO Supplier VALUES(23,'Karkki Oy','Anne Heikkonen','Product Manager','Valtakatu 12','Lappeenranta','Scandinavia','53120','Finland','(953) 10956',NULL,NULL);
INSERT INTO Supplier VALUES(24,'G''day, Mate','Wendy Mackenzie','Sales Representative','170 Prince Edward Parade Hunter''s Hill','Sydney','NSW','2042','Australia','(02) 555-5914','(02) 555-4873','G''day Mate (on the World Wide Web)#http://www.microsoft.com/accessdev/sampleapps/gdaymate.htm#');
INSERT INTO Supplier VALUES(25,'Ma Maison','Jean-Guy Lauzon','Marketing Manager','2960 Rue St. Laurent','Montréal','North America','H1J 1C3','Canada','(514) 555-9022',NULL,NULL);
INSERT INTO Supplier VALUES(26,'Pasta Buttini s.r.l.','Giovanni Giudici','Order Administrator','Via dei Gelsomini, 153','Salerno','Southern Europe','84100','Italy','(089) 6547665','(089) 6547667',NULL);
INSERT INTO Supplier VALUES(27,'Escargots Nouveaux','Marie Delamare','Sales Manager','22, rue H. Voiron','Montceau','Western Europe','71300','France','85.57.00.07',NULL,NULL);
INSERT INTO Supplier VALUES(28,'Gai pâturage','Eliane Noz','Sales Representative','Bat. B 3, rue des Alpes','Annecy','Western Europe','74000','France','38.76.98.06','38.76.98.58',NULL);
INSERT INTO Supplier VALUES(29,'Forêts d''érables','Chantal Goulet','Accounting Manager','148 rue Chasseur','Ste-Hyacinthe','North America','J2S 7S8','Canada','(514) 555-2955','(514) 555-2921',NULL);
INSERT INTO "Order" VALUES(10248,'VINET',5,'2012-07-04','2012-08-01','2012-07-16',3,32.380000000000004334,'Vins et alcools Chevalier','59 rue de l''Abbaye','Reims','Western Europe','51100','France');
INSERT INTO "Order" VALUES(10249,'TOMSP',6,'2012-07-05','2012-08-16','2012-07-10',1,11.610000000000000319,'Toms Spezialitäten','Luisenstr. 48','Münster','Western Europe','44087','Germany');
INSERT INTO "Order" VALUES(10250,'HANAR',4,'2012-07-08','2012-08-05','2012-07-12',2,65.830000000000001847,'Hanari Carnes','Rua do Paço, 67','Rio de Janeiro','South America','05454-876','Brazil');
INSERT INTO "Order" VALUES(10251,'VICTE',3,'2012-07-08','2012-08-05','2012-07-15',1,41.34000000000000341,'Victuailles en stock','2, rue du Commerce','Lyon','Western Europe','69004','France');
INSERT INTO "Order" VALUES(10252,'SUPRD',4,'2012-07-09','2012-08-06','2012-07-11',2,51.299999999999998934,'Suprêmes délices','Boulevard Tirou, 255','Charleroi','Western Europe','B-6000','Belgium');
INSERT INTO "Order" VALUES(10253,'HANAR',3,'2012-07-10','2012-07-24','2012-07-16',2,58.170000000000001705,'Hanari Carnes','Rua do Paço, 67','Rio de Janeiro','South America','05454-876','Brazil');
INSERT INTO "Order" VALUES(10254,'CHOPS',5,'2012-07-11','2012-08-08','2012-07-23',2,22.980000000000000426,'Chop-suey Chinese','Hauptstr. 31','Bern','Western Europe','3012','Switzerland');
INSERT INTO "Order" VALUES(10255,'RICSU',9,'2012-07-12','2012-08-09','2012-07-15',3,148.33000000000000184,'Richter Supermarkt','Starenweg 5','Genève','Western Europe','1204','Switzerland');
INSERT INTO "Order" VALUES(10256,'WELLI',3,'2012-07-15','2012-08-12','2012-07-17',2,13.970000000000000284,'Wellington Importadora','Rua do Mercado, 12','Resende','South America','08737-363','Brazil');
INSERT INTO "Order" VALUES(10257,'HILAA',4,'2012-07-16','2012-08-13','2012-07-22',3,81.909999999999989483,'HILARION-Abastos','Carrera 22 con Ave. Carlos Soublette #8-35','San Cristóbal','South America','5022','Venezuela');
INSERT INTO "Order" VALUES(10258,'ERNSH',1,'2012-07-17','2012-08-14','2012-07-23',1,140.51000000000000156,'Ernst Handel','Kirchgasse 6','Graz','Western Europe','8010','Austria');
INSERT INTO "Order" VALUES(10259,'CENTC',4,'2012-07-18','2012-08-15','2012-07-25',3,3.25,'Centro comercial Moctezuma','Sierras de Granada 9993','México D.F.','Central America','05022','Mexico');
INSERT INTO "Order" VALUES(10260,'OTTIK',4,'2012-07-19','2012-08-16','2012-07-29',1,55.09000000000000341,'Ottilies Käseladen','Mehrheimerstr. 369','Köln','Western Europe','50739','Germany');
INSERT INTO "Order" VALUES(10261,'QUEDE',4,'2012-07-19','2012-08-16','2012-07-30',2,3.0499999999999998223,'Que Delícia','Rua da Panificadora, 12','Rio de Janeiro','South America','02389-673','Brazil');
INSERT INTO "Order" VALUES(10262,'RATTC',8,'2012-07-22','2012-08-19','2012-07-25',3,48.28999999999999737,'Rattlesnake Canyon Grocery','2817 Milton Dr.','Albuquerque','North America','87110','USA');
INSERT INTO "Order" VALUES(10263,'ERNSH',9,'2012-07-23','2012-08-20','2012-07-31',3,146.06000000000001648,'Ernst Handel','Kirchgasse 6','Graz','Western Europe','8010','Austria');
INSERT INTO "Order" VALUES(10264,'FOLKO',6,'2012-07-24','2012-08-21','2012-08-23',3,3.6699999999999999289,'Folk och fä HB','Åkergatan 24','Bräcke','Northern Europe','S-844 67','Sweden');
INSERT INTO "Order" VALUES(10265,'BLONP',2,'2012-07-25','2012-08-22','2012-08-12',1,55.280000000000004689,'Blondel père et fils','24, place Kléber','Strasbourg','Western Europe','67000','France');
INSERT INTO "Order" VALUES(10266,'WARTH',3,'2012-07-26','2012-09-06','2012-07-31',3,25.729999999999999538,'Wartian Herkku','Torikatu 38','Oulu','Scandinavia','90110','Finland');
INSERT INTO "Order" VALUES(10267,'FRANK',4,'2012-07-29','2012-08-26','2012-08-06',1,208.58000000000003204,'Frankenversand','Berliner Platz 43','München','Western Europe','80805','Germany');
INSERT INTO "Order" VALUES(10268,'GROSR',8,'2012-07-30','2012-08-27','2012-08-02',3,66.290000000000004476,'GROSELLA-Restaurante','5ª Ave. Los Palos Grandes','Caracas','South America','1081','Venezuela');
INSERT INTO "Order" VALUES(10269,'WHITC',5,'2012-07-31','2012-08-14','2012-08-09',1,4.5599999999999996092,'White Clover Markets','1029 - 12th Ave. S.','Seattle','North America','98124','USA');
INSERT INTO "Order" VALUES(10270,'WARTH',1,'2012-08-01','2012-08-29','2012-08-02',1,136.5399999999999947,'Wartian Herkku','Torikatu 38','Oulu','Scandinavia','90110','Finland');
INSERT INTO "Order" VALUES(10271,'SPLIR',6,'2012-08-01','2012-08-29','2012-08-30',2,4.5400000000000000355,'Split Rail Beer & Ale','P.O. Box 555','Lander','North America','82520','USA');
INSERT INTO "Order" VALUES(10272,'RATTC',6,'2012-08-02','2012-08-30','2012-08-06',2,98.030000000000008242,'Rattlesnake Canyon Grocery','2817 Milton Dr.','Albuquerque','North America','87110','USA');
INSERT INTO "Order" VALUES(10273,'QUICK',3,'2012-08-05','2012-09-02','2012-08-12',3,76.069999999999993178,'QUICK-Stop','Taucherstraße 10','Cunewalde','Western Europe','01307','Germany');
INSERT INTO "Order" VALUES(10274,'VINET',6,'2012-08-06','2012-09-03','2012-08-16',1,6.0099999999999997868,'Vins et alcools Chevalier','59 rue de l''Abbaye','Reims','Western Europe','51100','France');
INSERT INTO "Order" VALUES(10275,'MAGAA',1,'2012-08-07','2012-09-04','2012-08-09',1,26.930000000000000603,'Magazzini Alimentari Riuniti','Via Ludovico il Moro 22','Bergamo','Southern Europe','24100','Italy');
INSERT INTO "Order" VALUES(10276,'TORTU',8,'2012-08-08','2012-08-22','2012-08-14',3,13.839999999999998969,'Tortuga Restaurante','Avda. Azteca 123','México D.F.','Central America','05033','Mexico');
INSERT INTO "Order" VALUES(10277,'MORGK',2,'2012-08-09','2012-09-06','2012-08-13',3,125.77000000000000401,'Morgenstern Gesundkost','Heerstr. 22','Leipzig','Western Europe','04179','Germany');
INSERT INTO "Order" VALUES(10278,'BERGS',8,'2012-08-12','2012-09-09','2012-08-16',2,92.690000000000001278,'Berglunds snabbköp','Berguvsvägen  8','Luleå','Northern Europe','S-958 22','Sweden');
INSERT INTO "Order" VALUES(10279,'LEHMS',8,'2012-08-13','2012-09-10','2012-08-16',2,25.829999999999997406,'Lehmanns Marktstand','Magazinweg 7','Frankfurt a.M.','Western Europe','60528','Germany');
INSERT INTO "Order" VALUES(10280,'BERGS',2,'2012-08-14','2012-09-11','2012-09-12',1,8.9800000000000004263,'Berglunds snabbköp','Berguvsvägen  8','Luleå','Northern Europe','S-958 22','Sweden');
INSERT INTO "Order" VALUES(10281,'ROMEY',4,'2012-08-14','2012-08-28','2012-08-21',1,2.9399999999999998578,'Romero y tomillo','Gran Vía, 1','Madrid','Southern Europe','28001','Spain');
INSERT INTO "Order" VALUES(10282,'ROMEY',4,'2012-08-15','2012-09-12','2012-08-21',1,12.689999999999999058,'Romero y tomillo','Gran Vía, 1','Madrid','Southern Europe','28001','Spain');
INSERT INTO "Order" VALUES(10283,'LILAS',3,'2012-08-16','2012-09-13','2012-08-23',3,84.809999999999998721,'LILA-Supermercado','Carrera 52 con Ave. Bolívar #65-98 Llano Largo','Barquisimeto','South America','3508','Venezuela');
INSERT INTO "Order" VALUES(10284,'LEHMS',4,'2012-08-19','2012-09-16','2012-08-27',1,76.560000000000005826,'Lehmanns Marktstand','Magazinweg 7','Frankfurt a.M.','Western Europe','60528','Germany');
INSERT INTO "Order" VALUES(10285,'QUICK',1,'2012-08-20','2012-09-17','2012-08-26',2,76.829999999999998294,'QUICK-Stop','Taucherstraße 10','Cunewalde','Western Europe','01307','Germany');
INSERT INTO "Order" VALUES(10286,'QUICK',8,'2012-08-21','2012-09-18','2012-08-30',3,229.24000000000002152,'QUICK-Stop','Taucherstraße 10','Cunewalde','Western Europe','01307','Germany');
INSERT INTO "Order" VALUES(10287,'RICAR',8,'2012-08-22','2012-09-19','2012-08-28',3,12.76000000000000023,'Ricardo Adocicados','Av. Copacabana, 267','Rio de Janeiro','South America','02389-890','Brazil');
INSERT INTO "Order" VALUES(10288,'REGGC',4,'2012-08-23','2012-09-20','2012-09-03',1,7.4500000000000001776,'Reggiani Caseifici','Strada Provinciale 124','Reggio Emilia','Southern Europe','42100','Italy');
INSERT INTO "Order" VALUES(10289,'BSBEV',7,'2012-08-26','2012-09-23','2012-08-28',3,22.77000000000000135,'B''s Beverages','Fauntleroy Circus','London','British Isles','EC2 5NT','UK');
INSERT INTO "Order" VALUES(10290,'COMMI',8,'2012-08-27','2012-09-24','2012-09-03',1,79.700000000000006394,'Comércio Mineiro','Av. dos Lusíadas, 23','Sao Paulo','South America','05432-043','Brazil');
INSERT INTO "Order" VALUES(10291,'QUEDE',6,'2012-08-27','2012-09-24','2012-09-04',2,6.4000000000000003552,'Que Delícia','Rua da Panificadora, 12','Rio de Janeiro','South America','02389-673','Brazil');
INSERT INTO "Order" VALUES(10292,'TRADH',1,'2012-08-28','2012-09-25','2012-09-02',2,1.3500000000000000888,'Tradiçao Hipermercados','Av. Inês de Castro, 414','Sao Paulo','South America','05634-030','Brazil');
INSERT INTO "Order" VALUES(10293,'TORTU',1,'2012-08-29','2012-09-26','2012-09-11',3,21.179999999999998827,'Tortuga Restaurante','Avda. Azteca 123','México D.F.','Central America','05033','Mexico');
INSERT INTO "Order" VALUES(10294,'RATTC',4,'2012-08-30','2012-09-27','2012-09-05',2,147.2599999999999909,'Rattlesnake Canyon Grocery','2817 Milton Dr.','Albuquerque','North America','87110','USA');
INSERT INTO "Order" VALUES(10295,'VINET',2,'2012-09-02','2012-09-30','2012-09-10',2,1.1499999999999999111,'Vins et alcools Chevalier','59 rue de l''Abbaye','Reims','Western Europe','51100','France');
INSERT INTO "Order" VALUES(10296,'LILAS',6,'2012-09-03','2012-10-01','2012-09-11',1,0.11999999999999999644,'LILA-Supermercado','Carrera 52 con Ave. Bolívar #65-98 Llano Largo','Barquisimeto','South America','3508','Venezuela');
INSERT INTO "Order" VALUES(10297,'BLONP',5,'2012-09-04','2012-10-16','2012-09-10',2,5.7400000000000002131,'Blondel père et fils','24, place Kléber','Strasbourg','Western Europe','67000','France');
INSERT INTO "Order" VALUES(10298,'HUNGO',6,'2012-09-05','2012-10-03','2012-09-11',2,168.21999999999999175,'Hungry Owl All-Night Grocers','8 Johnstown Road','Cork','British Isles',NULL,'Ireland');
INSERT INTO "Order" VALUES(10299,'RICAR',4,'2012-09-06','2012-10-04','2012-09-13',2,29.759999999999999786,'Ricardo Adocicados','Av. Copacabana, 267','Rio de Janeiro','South America','02389-890','Brazil');
INSERT INTO "Order" VALUES(10300,'MAGAA',2,'2012-09-09','2012-10-07','2012-09-18',2,17.679999999999999715,'Magazzini Alimentari Riuniti','Via Ludovico il Moro 22','Bergamo','Southern Europe','24100','Italy');
INSERT INTO "Order" VALUES(10301,'WANDK',8,'2012-09-09','2012-10-07','2012-09-17',2,45.080000000000000071,'Die Wandernde Kuh','Adenauerallee 900','Stuttgart','Western Europe','70563','Germany');
INSERT INTO "Order" VALUES(10302,'SUPRD',4,'2012-09-10','2012-10-08','2012-10-09',2,6.2699999999999995736,'Suprêmes délices','Boulevard Tirou, 255','Charleroi','Western Europe','B-6000','Belgium');
INSERT INTO "Order" VALUES(10303,'GODOS',7,'2012-09-11','2012-10-09','2012-09-18',2,107.83000000000000362,'Godos Cocina Típica','C/ Romero, 33','Sevilla','Southern Europe','41101','Spain');
INSERT INTO "Order" VALUES(10304,'TORTU',1,'2012-09-12','2012-10-10','2012-09-17',2,63.789999999999995594,'Tortuga Restaurante','Avda. Azteca 123','México D.F.','Central America','05033','Mexico');
INSERT INTO "Order" VALUES(10305,'OLDWO',8,'2012-09-13','2012-10-11','2012-10-09',3,257.62000000000000454,'Old World Delicatessen','2743 Bering St.','Anchorage','North America','99508','USA');
INSERT INTO "Order" VALUES(10306,'ROMEY',1,'2012-09-16','2012-10-14','2012-09-23',3,7.5599999999999996092,'Romero y tomillo','Gran Vía, 1','Madrid','Southern Europe','28001','Spain');
INSERT INTO "Order" VALUES(10307,'LONEP',2,'2012-09-17','2012-10-15','2012-09-25',2,0.56000000000000005329,'Lonesome Pine Restaurant','89 Chiaroscuro Rd.','Portland','North America','97219','USA');
INSERT INTO "Order" VALUES(10308,'ANATR',7,'2012-09-18','2012-10-16','2012-09-24',3,1.6100000000000001421,'Ana Trujillo Emparedados y helados','Avda. de la Constitución 2222','México D.F.','Central America','05021','Mexico');
INSERT INTO "Order" VALUES(10309,'HUNGO',3,'2012-09-19','2012-10-17','2012-10-23',1,47.299999999999995381,'Hungry Owl All-Night Grocers','8 Johnstown Road','Cork','British Isles',NULL,'Ireland');
INSERT INTO "Order" VALUES(10310,'THEBI',8,'2012-09-20','2012-10-18','2012-09-27',2,17.519999999999999573,'The Big Cheese','89 Jefferson Way Suite 2','Portland','North America','97201','USA');
INSERT INTO "Order" VALUES(10311,'DUMO',1,'2012-09-20','2012-10-04','2012-09-26',3,24.690000000000003055,'Du monde entier','67, rue des Cinquante Otages','Nantes','Western Europe','44000','France');
INSERT INTO "Order" VALUES(10312,'WANDK',2,'2012-09-23','2012-10-21','2012-10-03',2,40.25999999999999801,'Die Wandernde Kuh','Adenauerallee 900','Stuttgart','Western Europe','70563','Germany');
INSERT INTO "Order" VALUES(10313,'QUICK',2,'2012-09-24','2012-10-22','2012-10-04',2,1.9599999999999999644,'QUICK-Stop','Taucherstraße 10','Cunewalde','Western Europe','01307','Germany');
INSERT INTO "Order" VALUES(10314,'RATTC',1,'2012-09-25','2012-10-23','2012-10-04',2,74.159999999999994813,'Rattlesnake Canyon Grocery','2817 Milton Dr.','Albuquerque','North America','87110','USA');
INSERT INTO "Order" VALUES(10315,'ISLAT',4,'2012-09-26','2012-10-24','2012-10-03',2,41.760000000000001563,'Island Trading','Garden House Crowther Way','Cowes','British Isles','PO31 7PJ','UK');
INSERT INTO "Order" VALUES(10316,'RATTC',1,'2012-09-27','2012-10-25','2012-10-08',3,150.15000000000000568,'Rattlesnake Canyon Grocery','2817 Milton Dr.','Albuquerque','North America','87110','USA');
INSERT INTO "Order" VALUES(10317,'LONEP',6,'2012-09-30','2012-10-28','2012-10-10',1,12.689999999999999058,'Lonesome Pine Restaurant','89 Chiaroscuro Rd.','Portland','North America','97219','USA');
INSERT INTO "Order" VALUES(10318,'ISLAT',8,'2012-10-01','2012-10-29','2012-10-04',2,4.7300000000000004263,'Island Trading','Garden House Crowther Way','Cowes','British Isles','PO31 7PJ','UK');
INSERT INTO "Order" VALUES(10319,'TORTU',7,'2012-10-02','2012-10-30','2012-10-11',3,64.500000000000001776,'Tortuga Restaurante','Avda. Azteca 123','México D.F.','Central America','05033','Mexico');
INSERT INTO "Order" VALUES(10320,'WARTH',5,'2012-10-03','2012-10-17','2012-10-18',3,34.569999999999998507,'Wartian Herkku','Torikatu 38','Oulu','Scandinavia','90110','Finland');
INSERT INTO "Order" VALUES(10321,'ISLAT',3,'2012-10-03','2012-10-31','2012-10-11',2,3.4300000000000001598,'Island Trading','Garden House Crowther Way','Cowes','British Isles','PO31 7PJ','UK');
INSERT INTO "Order" VALUES(10322,'PERIC',7,'2012-10-04','2012-11-01','2012-10-23',3,0.4,'Pericles Comidas clásicas','Calle Dr. Jorge Cash 321','México D.F.','Central America','05033','Mexico');
INSERT INTO "Order" VALUES(10323,'KOENE',4,'2012-10-07','2012-11-04','2012-10-14',1,4.8799999999999998934,'Königlich Essen','Maubelstr. 90','Brandenburg','Western Europe','14776','Germany');
INSERT INTO "Order" VALUES(10324,'SAVEA',9,'2012-10-08','2012-11-05','2012-10-10',1,214.2700000000000049,'Save-a-lot Markets','187 Suffolk Ln.','Boise','North America','83720','USA');
INSERT INTO "Order" VALUES(10325,'KOENE',1,'2012-10-09','2012-10-23','2012-10-14',3,64.859999999999997655,'Königlich Essen','Maubelstr. 90','Brandenburg','Western Europe','14776','Germany');
INSERT INTO "Order" VALUES(10326,'BOLID',4,'2012-10-10','2012-11-07','2012-10-14',2,77.919999999999998152,'Bólido Comidas preparadas','C/ Araquil, 67','Madrid','Southern Europe','28023','Spain');
INSERT INTO "Order" VALUES(10327,'FOLKO',2,'2012-10-11','2012-11-08','2012-10-14',1,63.360000000000002984,'Folk och fä HB','Åkergatan 24','Bräcke','Northern Europe','S-844 67','Sweden');
INSERT INTO "Order" VALUES(10328,'FURIB',4,'2012-10-14','2012-11-11','2012-10-17',3,87.029999999999994031,'Furia Bacalhau e Frutos do Mar','Jardim das rosas n. 32','Lisboa','Southern Europe','1675','Portugal');
INSERT INTO "Order" VALUES(10329,'SPLIR',4,'2012-10-15','2012-11-26','2012-10-23',2,191.66999999999998038,'Split Rail Beer & Ale','P.O. Box 555','Lander','North America','82520','USA');
INSERT INTO "Order" VALUES(10330,'LILAS',3,'2012-10-16','2012-11-13','2012-10-28',1,12.749999999999999111,'LILA-Supermercado','Carrera 52 con Ave. Bolívar #65-98 Llano Largo','Barquisimeto','South America','3508','Venezuela');
INSERT INTO "Order" VALUES(10331,'BONAP',9,'2012-10-16','2012-11-27','2012-10-21',1,10.189999999999999058,'Bon app''','12, rue des Bouchers','Marseille','Western Europe','13008','France');
INSERT INTO "Order" VALUES(10332,'MEREP',3,'2012-10-17','2012-11-28','2012-10-21',2,52.840000000000006963,'Mère Paillarde','43 rue St. Laurent','Montréal','North America','H1J 1C3','Canada');
INSERT INTO "Order" VALUES(10333,'WARTH',5,'2012-10-18','2012-11-15','2012-10-25',3,0.5899999999999999467,'Wartian Herkku','Torikatu 38','Oulu','Scandinavia','90110','Finland');
INSERT INTO "Order" VALUES(10334,'VICTE',8,'2012-10-21','2012-11-18','2012-10-28',2,8.5600000000000004973,'Victuailles en stock','2, rue du Commerce','Lyon','Western Europe','69004','France');
INSERT INTO "Order" VALUES(10335,'HUNGO',7,'2012-10-22','2012-11-19','2012-10-24',2,42.110000000000002984,'Hungry Owl All-Night Grocers','8 Johnstown Road','Cork','British Isles',NULL,'Ireland');
INSERT INTO "Order" VALUES(10336,'PRINI',7,'2012-10-23','2012-11-20','2012-10-25',2,15.509999999999999786,'Princesa Isabel Vinhos','Estrada da saúde n. 58','Lisboa','Southern Europe','1756','Portugal');
INSERT INTO "Order" VALUES(10337,'FRANK',4,'2012-10-24','2012-11-21','2012-10-29',3,108.26000000000000156,'Frankenversand','Berliner Platz 43','München','Western Europe','80805','Germany');
INSERT INTO "Order" VALUES(10338,'OLDWO',4,'2012-10-25','2012-11-22','2012-10-29',3,84.209999999999993747,'Old World Delicatessen','2743 Bering St.','Anchorage','North America','99508','USA');
INSERT INTO "Order" VALUES(10339,'MEREP',2,'2012-10-28','2012-11-25','2012-11-04',2,15.660000000000000142,'Mère Paillarde','43 rue St. Laurent','Montréal','North America','H1J 1C3','Canada');
INSERT INTO "Order" VALUES(10340,'BONAP',1,'2012-10-29','2012-11-26','2012-11-08',3,166.31000000000000227,'Bon app''','12, rue des Bouchers','Marseille','Western Europe','13008','France');
INSERT INTO "Order" VALUES(10341,'SIMOB',7,'2012-10-29','2012-11-26','2012-11-05',3,26.77999999999999936,'Simons bistro','Vinbæltet 34','Kobenhavn','Northern Europe','1734','Denmark');
INSERT INTO "Order" VALUES(10342,'FRANK',4,'2012-10-30','2012-11-13','2012-11-04',2,54.829999999999996518,'Frankenversand','Berliner Platz 43','München','Western Europe','80805','Germany');
INSERT INTO "Order" VALUES(10343,'LEHMS',4,'2012-10-31','2012-11-28','2012-11-06',1,110.37000000000001254,'Lehmanns Marktstand','Magazinweg 7','Frankfurt a.M.','Western Europe','60528','Germany');
INSERT INTO "Order" VALUES(10344,'WHITC',4,'2012-11-01','2012-11-29','2012-11-05',2,23.28999999999999737,'White Clover Markets','1029 - 12th Ave. S.','Seattle','North America','98124','USA');
INSERT INTO "Order" VALUES(10345,'QUICK',2,'2012-11-04','2012-12-02','2012-11-11',2,249.0600000000000147,'QUICK-Stop','Taucherstraße 10','Cunewalde','Western Europe','01307','Germany');
INSERT INTO "Order" VALUES(10346,'RATTC',3,'2012-11-05','2012-12-17','2012-11-08',3,142.08000000000000184,'Rattlesnake Canyon Grocery','2817 Milton Dr.','Albuquerque','North America','87110','USA');
INSERT INTO "Order" VALUES(10347,'FAMIA',4,'2012-11-06','2012-12-04','2012-11-08',3,3.1000000000000000888,'Familia Arquibaldo','Rua Orós, 92','Sao Paulo','South America','05442-030','Brazil');
INSERT INTO "Order" VALUES(10348,'WANDK',4,'2012-11-07','2012-12-05','2012-11-15',2,0.78000000000000007105,'Die Wandernde Kuh','Adenauerallee 900','Stuttgart','Western Europe','70563','Germany');
INSERT INTO "Order" VALUES(10349,'SPLIR',7,'2012-11-08','2012-12-06','2012-11-15',1,8.6300000000000007815,'Split Rail Beer & Ale','P.O. Box 555','Lander','North America','82520','USA');
INSERT INTO "Order" VALUES(10350,'LAMAI',6,'2012-11-11','2012-12-09','2012-12-03',2,64.189999999999995949,'La maison d''Asie','1 rue Alsace-Lorraine','Toulouse','Western Europe','31000','France');
INSERT INTO "Order" VALUES(10351,'ERNSH',1,'2012-11-11','2012-12-09','2012-11-20',1,162.33000000000002316,'Ernst Handel','Kirchgasse 6','Graz','Western Europe','8010','Austria');
INSERT INTO "Order" VALUES(10352,'FURIB',3,'2012-11-12','2012-11-26','2012-11-18',3,1.3000000000000000444,'Furia Bacalhau e Frutos do Mar','Jardim das rosas n. 32','Lisboa','Southern Europe','1675','Portugal');
INSERT INTO "Order" VALUES(10353,'PICCO',7,'2012-11-13','2012-12-11','2012-11-25',3,360.63000000000000611,'Piccolo und mehr','Geislweg 14','Salzburg','Western Europe','5020','Austria');
INSERT INTO "Order" VALUES(10354,'PERIC',8,'2012-11-14','2012-12-12','2012-11-20',3,53.799999999999998934,'Pericles Comidas clásicas','Calle Dr. Jorge Cash 321','México D.F.','Central America','05033','Mexico');
INSERT INTO "Order" VALUES(10355,'AROUT',6,'2012-11-15','2012-12-13','2012-11-20',1,41.950000000000002842,'Around the Horn','Brook Farm Stratford St. Mary','Colchester','British Isles','CO7 6JX','UK');
INSERT INTO "Order" VALUES(10356,'WANDK',6,'2012-11-18','2012-12-16','2012-11-27',2,36.710000000000002629,'Die Wandernde Kuh','Adenauerallee 900','Stuttgart','Western Europe','70563','Germany');
INSERT INTO "Order" VALUES(10357,'LILAS',1,'2012-11-19','2012-12-17','2012-12-02',3,34.880000000000004334,'LILA-Supermercado','Carrera 52 con Ave. Bolívar #65-98 Llano Largo','Barquisimeto','South America','3508','Venezuela');
INSERT INTO "Order" VALUES(10358,'LAMAI',5,'2012-11-20','2012-12-18','2012-11-27',1,19.640000000000000568,'La maison d''Asie','1 rue Alsace-Lorraine','Toulouse','Western Europe','31000','France');
INSERT INTO "Order" VALUES(10359,'SEVES',5,'2012-11-21','2012-12-19','2012-11-26',3,288.42999999999999971,'Seven Seas Imports','90 Wadhurst Rd.','London','British Isles','OX15 4NB','UK');
INSERT INTO "Order" VALUES(10360,'BLONP',4,'2012-11-22','2012-12-20','2012-12-02',3,131.69999999999999484,'Blondel père et fils','24, place Kléber','Strasbourg','Western Europe','67000','France');
INSERT INTO "Order" VALUES(10361,'QUICK',1,'2012-11-22','2012-12-20','2012-12-03',2,183.16999999999998394,'QUICK-Stop','Taucherstraße 10','Cunewalde','Western Europe','01307','Germany');
INSERT INTO "Order" VALUES(10362,'BONAP',3,'2012-11-25','2012-12-23','2012-11-28',1,96.040000000000009805,'Bon app''','12, rue des Bouchers','Marseille','Western Europe','13008','France');
INSERT INTO "Order" VALUES(10363,'DRACD',4,'2012-11-26','2012-12-24','2012-12-04',3,30.539999999999998259,'Drachenblut Delikatessen','Walserweg 21','Aachen','Western Europe','52066','Germany');
INSERT INTO "Order" VALUES(10364,'EASTC',1,'2012-11-26','2013-01-07','2012-12-04',1,71.970000000000000639,'Eastern Connection','35 King George','London','British Isles','WX3 6FW','UK');
INSERT INTO "Order" VALUES(10365,'ANTO',3,'2012-11-27','2012-12-25','2012-12-02',2,22,'Antonio Moreno Taquería','Mataderos  2312','México D.F.','Central America','05023','Mexico');
INSERT INTO "Order" VALUES(10366,'GALED',8,'2012-11-28','2013-01-09','2012-12-30',2,10.140000000000000124,'Galería del gastronómo','Rambla de Cataluña, 23','Barcelona','Southern Europe','8022','Spain');
INSERT INTO "Order" VALUES(10367,'VAFFE',7,'2012-11-28','2012-12-26','2012-12-02',3,13.549999999999999822,'Vaffeljernet','Smagsloget 45','Århus','Northern Europe','8200','Denmark');
INSERT INTO "Order" VALUES(10368,'ERNSH',2,'2012-11-29','2012-12-27','2012-12-02',2,101.95000000000000728,'Ernst Handel','Kirchgasse 6','Graz','Western Europe','8010','Austria');
INSERT INTO "Order" VALUES(10369,'SPLIR',8,'2012-12-02','2012-12-30','2012-12-09',2,195.68000000000001392,'Split Rail Beer & Ale','P.O. Box 555','Lander','North America','82520','USA');
INSERT INTO "Order" VALUES(10370,'CHOPS',6,'2012-12-03','2012-12-31','2012-12-27',2,1.1699999999999999289,'Chop-suey Chinese','Hauptstr. 31','Bern','Western Europe','3012','Switzerland');
INSERT INTO "Order" VALUES(10371,'LAMAI',1,'2012-12-03','2012-12-31','2012-12-24',1,0.45,'La maison d''Asie','1 rue Alsace-Lorraine','Toulouse','Western Europe','31000','France');
INSERT INTO "Order" VALUES(10372,'QUEE',5,'2012-12-04','2013-01-01','2012-12-09',2,890.77999999999999403,'Queen Cozinha','Alameda dos Canàrios, 891','Sao Paulo','South America','05487-020','Brazil');
INSERT INTO "Order" VALUES(10373,'HUNGO',4,'2012-12-05','2013-01-02','2012-12-11',3,124.1200000000000081,'Hungry Owl All-Night Grocers','8 Johnstown Road','Cork','British Isles',NULL,'Ireland');
INSERT INTO "Order" VALUES(10374,'WOLZA',1,'2012-12-05','2013-01-02','2012-12-09',3,3.9399999999999998578,'Wolski Zajazd','ul. Filtrowa 68','Warszawa','Eastern Europe','01-012','Poland');
INSERT INTO "Order" VALUES(10375,'HUNGC',3,'2012-12-06','2013-01-03','2012-12-09',2,20.120000000000000106,'Hungry Coyote Import Store','City Center Plaza 516 Main St.','Elgin','North America','97827','USA');
INSERT INTO "Order" VALUES(10376,'MEREP',1,'2012-12-09','2013-01-06','2012-12-13',2,20.390000000000001456,'Mère Paillarde','43 rue St. Laurent','Montréal','North America','H1J 1C3','Canada');
INSERT INTO "Order" VALUES(10377,'SEVES',1,'2012-12-09','2013-01-06','2012-12-13',3,22.210000000000000852,'Seven Seas Imports','90 Wadhurst Rd.','London','British Isles','OX15 4NB','UK');
INSERT INTO "Order" VALUES(10378,'FOLKO',5,'2012-12-10','2013-01-07','2012-12-19',3,5.4400000000000003907,'Folk och fä HB','Åkergatan 24','Bräcke','Northern Europe','S-844 67','Sweden');
INSERT INTO "Order" VALUES(10379,'QUEDE',2,'2012-12-11','2013-01-08','2012-12-13',1,45.030000000000001136,'Que Delícia','Rua da Panificadora, 12','Rio de Janeiro','South America','02389-673','Brazil');
INSERT INTO "Order" VALUES(10380,'HUNGO',8,'2012-12-12','2013-01-09','2013-01-16',3,35.030000000000001136,'Hungry Owl All-Night Grocers','8 Johnstown Road','Cork','British Isles',NULL,'Ireland');
INSERT INTO "Order" VALUES(10381,'LILAS',3,'2012-12-12','2013-01-09','2012-12-13',3,7.9900000000000002131,'LILA-Supermercado','Carrera 52 con Ave. Bolívar #65-98 Llano Largo','Barquisimeto','South America','3508','Venezuela');
INSERT INTO "Order" VALUES(10382,'ERNSH',4,'2012-12-13','2013-01-10','2012-12-16',1,94.770000000000003126,'Ernst Handel','Kirchgasse 6','Graz','Western Europe','8010','Austria');
INSERT INTO "Order" VALUES(10383,'AROUT',8,'2012-12-16','2013-01-13','2012-12-18',3,34.240000000000003765,'Around the Horn','Brook Farm Stratford St. Mary','Colchester','British Isles','CO7 6JX','UK');
INSERT INTO "Order" VALUES(10384,'BERGS',3,'2012-12-16','2013-01-13','2012-12-20',3,168.63999999999998991,'Berglunds snabbköp','Berguvsvägen  8','Luleå','Northern Europe','S-958 22','Sweden');
INSERT INTO "Order" VALUES(10385,'SPLIR',1,'2012-12-17','2013-01-14','2012-12-23',2,30.960000000000000852,'Split Rail Beer & Ale','P.O. Box 555','Lander','North America','82520','USA');
INSERT INTO "Order" VALUES(10386,'FAMIA',9,'2012-12-18','2013-01-01','2012-12-25',3,13.990000000000000213,'Familia Arquibaldo','Rua Orós, 92','Sao Paulo','South America','05442-030','Brazil');
INSERT INTO "Order" VALUES(10387,'SANTG',1,'2012-12-18','2013-01-15','2012-12-20',2,93.629999999999995452,'Santé Gourmet','Erling Skakkes gate 78','Stavern','Scandinavia','4110','Norway');
INSERT INTO "Order" VALUES(10388,'SEVES',2,'2012-12-19','2013-01-16','2012-12-20',1,34.859999999999997655,'Seven Seas Imports','90 Wadhurst Rd.','London','British Isles','OX15 4NB','UK');
INSERT INTO "Order" VALUES(10389,'BOTTM',4,'2012-12-20','2013-01-17','2012-12-24',2,47.419999999999999928,'Bottom-Dollar Markets','23 Tsawassen Blvd.','Tsawassen','North America','T2F 8M4','Canada');
INSERT INTO "Order" VALUES(10390,'ERNSH',6,'2012-12-23','2013-01-20','2012-12-26',1,126.38000000000000344,'Ernst Handel','Kirchgasse 6','Graz','Western Europe','8010','Austria');
INSERT INTO "Order" VALUES(10391,'DRACD',3,'2012-12-23','2013-01-20','2012-12-31',3,5.4500000000000001776,'Drachenblut Delikatessen','Walserweg 21','Aachen','Western Europe','52066','Germany');
INSERT INTO "Order" VALUES(10392,'PICCO',2,'2012-12-24','2013-01-21','2013-01-01',3,122.45999999999999108,'Piccolo und mehr','Geislweg 14','Salzburg','Western Europe','5020','Austria');
INSERT INTO "Order" VALUES(10393,'SAVEA',1,'2012-12-25','2013-01-22','2013-01-03',3,126.56000000000000582,'Save-a-lot Markets','187 Suffolk Ln.','Boise','North America','83720','USA');
INSERT INTO "Order" VALUES(10394,'HUNGC',1,'2012-12-25','2013-01-22','2013-01-03',3,30.339999999999998081,'Hungry Coyote Import Store','City Center Plaza 516 Main St.','Elgin','North America','97827','USA');
INSERT INTO "Order" VALUES(10395,'HILAA',6,'2012-12-26','2013-01-23','2013-01-03',1,184.41000000000000724,'HILARION-Abastos','Carrera 22 con Ave. Carlos Soublette #8-35','San Cristóbal','South America','5022','Venezuela');
INSERT INTO "Order" VALUES(10396,'FRANK',1,'2012-12-27','2013-01-10','2013-01-06',3,135.34999999999999253,'Frankenversand','Berliner Platz 43','München','Western Europe','80805','Germany');
INSERT INTO "Order" VALUES(10397,'PRINI',5,'2012-12-27','2013-01-24','2013-01-02',1,60.25999999999999801,'Princesa Isabel Vinhos','Estrada da saúde n. 58','Lisboa','Southern Europe','1756','Portugal');
INSERT INTO "Order" VALUES(10398,'SAVEA',2,'2012-12-30','2013-01-27','2013-01-09',3,89.160000000000003694,'Save-a-lot Markets','187 Suffolk Ln.','Boise','North America','83720','USA');
INSERT INTO "Order" VALUES(10399,'VAFFE',8,'2012-12-31','2013-01-14','2013-01-08',3,27.359999999999997655,'Vaffeljernet','Smagsloget 45','Århus','Northern Europe','8200','Denmark');
INSERT INTO "Order" VALUES(10400,'EASTC',1,'2013-01-01','2013-01-29','2013-01-16',3,83.930000000000006821,'Eastern Connection','35 King George','London','British Isles','WX3 6FW','UK');
INSERT INTO "Order" VALUES(10401,'RATTC',1,'2013-01-01','2013-01-29','2013-01-10',1,12.509999999999998898,'Rattlesnake Canyon Grocery','2817 Milton Dr.','Albuquerque','North America','87110','USA');
INSERT INTO "Order" VALUES(10402,'ERNSH',8,'2013-01-02','2013-02-13','2013-01-10',2,67.879999999999993676,'Ernst Handel','Kirchgasse 6','Graz','Western Europe','8010','Austria');
INSERT INTO "Order" VALUES(10403,'ERNSH',4,'2013-01-03','2013-01-31','2013-01-09',3,73.790000000000004476,'Ernst Handel','Kirchgasse 6','Graz','Western Europe','8010','Austria');
INSERT INTO "Order" VALUES(10404,'MAGAA',2,'2013-01-03','2013-01-31','2013-01-08',1,155.97000000000001307,'Magazzini Alimentari Riuniti','Via Ludovico il Moro 22','Bergamo','Southern Europe','24100','Italy');
INSERT INTO "Order" VALUES(10405,'LINOD',1,'2013-01-06','2013-02-03','2013-01-22',1,34.82000000000000206,'LINO-Delicateses','Ave. 5 de Mayo Porlamar','I. de Margarita','South America','4980','Venezuela');
INSERT INTO "Order" VALUES(10406,'QUEE',7,'2013-01-07','2013-02-18','2013-01-13',1,108.0400000000000027,'Queen Cozinha','Alameda dos Canàrios, 891','Sao Paulo','South America','05487-020','Brazil');
INSERT INTO "Order" VALUES(10407,'OTTIK',2,'2013-01-07','2013-02-04','2013-01-30',2,91.479999999999996873,'Ottilies Käseladen','Mehrheimerstr. 369','Köln','Western Europe','50739','Germany');
INSERT INTO "Order" VALUES(10408,'FOLIG',8,'2013-01-08','2013-02-05','2013-01-14',1,11.259999999999998898,'Folies gourmandes','184, chaussée de Tournai','Lille','Western Europe','59000','France');
INSERT INTO "Order" VALUES(10409,'OCEA',3,'2013-01-09','2013-02-06','2013-01-14',1,29.829999999999996518,'Océano Atlántico Ltda.','Ing. Gustavo Moncada 8585 Piso 20-A','Buenos Aires','South America','1010','Argentina');
INSERT INTO "Order" VALUES(10410,'BOTTM',3,'2013-01-10','2013-02-07','2013-01-15',3,2.3999999999999999111,'Bottom-Dollar Markets','23 Tsawassen Blvd.','Tsawassen','North America','T2F 8M4','Canada');
INSERT INTO "Order" VALUES(10411,'BOTTM',9,'2013-01-10','2013-02-07','2013-01-21',3,23.64999999999999769,'Bottom-Dollar Markets','23 Tsawassen Blvd.','Tsawassen','North America','T2F 8M4','Canada');
INSERT INTO "Order" VALUES(10412,'WARTH',8,'2013-01-13','2013-02-10','2013-01-15',2,3.7700000000000000177,'Wartian Herkku','Torikatu 38','Oulu','Scandinavia','90110','Finland');
INSERT INTO "Order" VALUES(10413,'LAMAI',3,'2013-01-14','2013-02-11','2013-01-16',2,95.659999999999989483,'La maison d''Asie','1 rue Alsace-Lorraine','Toulouse','Western Europe','31000','France');
INSERT INTO "Order" VALUES(10414,'FAMIA',2,'2013-01-14','2013-02-11','2013-01-17',3,21.480000000000001314,'Familia Arquibaldo','Rua Orós, 92','Sao Paulo','South America','05442-030','Brazil');
INSERT INTO "Order" VALUES(10415,'HUNGC',3,'2013-01-15','2013-02-12','2013-01-24',1,0.2,'Hungry Coyote Import Store','City Center Plaza 516 Main St.','Elgin','North America','97827','USA');
INSERT INTO "Order" VALUES(10416,'WARTH',8,'2013-01-16','2013-02-13','2013-01-27',3,22.719999999999997974,'Wartian Herkku','Torikatu 38','Oulu','Scandinavia','90110','Finland');
INSERT INTO "Order" VALUES(10417,'SIMOB',4,'2013-01-16','2013-02-13','2013-01-28',3,70.290000000000008029,'Simons bistro','Vinbæltet 34','Kobenhavn','Northern Europe','1734','Denmark');
INSERT INTO "Order" VALUES(10418,'QUICK',4,'2013-01-17','2013-02-14','2013-01-24',1,17.55000000000000071,'QUICK-Stop','Taucherstraße 10','Cunewalde','Western Europe','01307','Germany');
INSERT INTO "Order" VALUES(10419,'RICSU',4,'2013-01-20','2013-02-17','2013-01-30',2,137.34999999999999431,'Richter Supermarkt','Starenweg 5','Genève','Western Europe','1204','Switzerland');
INSERT INTO "Order" VALUES(10420,'WELLI',3,'2013-01-21','2013-02-18','2013-01-27',1,44.119999999999999218,'Wellington Importadora','Rua do Mercado, 12','Resende','South America','08737-363','Brazil');
INSERT INTO "Order" VALUES(10421,'QUEDE',8,'2013-01-21','2013-03-04','2013-01-27',1,99.230000000000000426,'Que Delícia','Rua da Panificadora, 12','Rio de Janeiro','South America','02389-673','Brazil');
INSERT INTO "Order" VALUES(10422,'FRANS',2,'2013-01-22','2013-02-19','2013-01-31',1,3.0200000000000000177,'Franchi S.p.A.','Via Monte Bianco 34','Torino','Southern Europe','10100','Italy');
INSERT INTO "Order" VALUES(10423,'GOURL',6,'2013-01-23','2013-02-06','2013-02-24',3,24.500000000000001776,'Gourmet Lanchonetes','Av. Brasil, 442','Campinas','South America','04876-786','Brazil');
INSERT INTO "Order" VALUES(10424,'MEREP',7,'2013-01-23','2013-02-20','2013-01-27',2,370.61000000000001719,'Mère Paillarde','43 rue St. Laurent','Montréal','North America','H1J 1C3','Canada');
INSERT INTO "Order" VALUES(10425,'LAMAI',6,'2013-01-24','2013-02-21','2013-02-14',2,7.9299999999999997157,'La maison d''Asie','1 rue Alsace-Lorraine','Toulouse','Western Europe','31000','France');
INSERT INTO "Order" VALUES(10426,'GALED',4,'2013-01-27','2013-02-24','2013-02-06',1,18.690000000000001278,'Galería del gastronómo','Rambla de Cataluña, 23','Barcelona','Southern Europe','8022','Spain');
INSERT INTO "Order" VALUES(10427,'PICCO',4,'2013-01-27','2013-02-24','2013-03-03',2,31.290000000000000035,'Piccolo und mehr','Geislweg 14','Salzburg','Western Europe','5020','Austria');
INSERT INTO "Order" VALUES(10428,'REGGC',7,'2013-01-28','2013-02-25','2013-02-04',1,11.089999999999999857,'Reggiani Caseifici','Strada Provinciale 124','Reggio Emilia','Southern Europe','42100','Italy');
INSERT INTO "Order" VALUES(10429,'HUNGO',3,'2013-01-29','2013-03-12','2013-02-07',2,56.630000000000002557,'Hungry Owl All-Night Grocers','8 Johnstown Road','Cork','British Isles',NULL,'Ireland');
INSERT INTO "Order" VALUES(10430,'ERNSH',4,'2013-01-30','2013-02-13','2013-02-03',1,458.7799999999999656,'Ernst Handel','Kirchgasse 6','Graz','Western Europe','8010','Austria');
INSERT INTO "Order" VALUES(10431,'BOTTM',4,'2013-01-30','2013-02-13','2013-02-07',2,44.169999999999998152,'Bottom-Dollar Markets','23 Tsawassen Blvd.','Tsawassen','North America','T2F 8M4','Canada');
INSERT INTO "Order" VALUES(10432,'SPLIR',3,'2013-01-31','2013-02-14','2013-02-07',2,4.3399999999999998578,'Split Rail Beer & Ale','P.O. Box 555','Lander','North America','82520','USA');
INSERT INTO "Order" VALUES(10433,'PRINI',3,'2013-02-03','2013-03-03','2013-03-04',3,73.830000000000000071,'Princesa Isabel Vinhos','Estrada da saúde n. 58','Lisboa','Southern Europe','1756','Portugal');
INSERT INTO "Order" VALUES(10434,'FOLKO',3,'2013-02-03','2013-03-03','2013-02-13',2,17.920000000000002593,'Folk och fä HB','Åkergatan 24','Bräcke','Northern Europe','S-844 67','Sweden');
INSERT INTO "Order" VALUES(10435,'CONSH',8,'2013-02-04','2013-03-18','2013-02-07',2,9.2100000000000008526,'Consolidated Holdings','Berkeley Gardens 12  Brewery','London','British Isles','WX1 6LT','UK');
INSERT INTO "Order" VALUES(10436,'BLONP',3,'2013-02-05','2013-03-05','2013-02-11',2,156.66000000000000369,'Blondel père et fils','24, place Kléber','Strasbourg','Western Europe','67000','France');
INSERT INTO "Order" VALUES(10437,'WARTH',8,'2013-02-05','2013-03-05','2013-02-12',1,19.969999999999998863,'Wartian Herkku','Torikatu 38','Oulu','Scandinavia','90110','Finland');
INSERT INTO "Order" VALUES(10438,'TOMSP',3,'2013-02-06','2013-03-06','2013-02-14',2,8.2400000000000002131,'Toms Spezialitäten','Luisenstr. 48','Münster','Western Europe','44087','Germany');
INSERT INTO "Order" VALUES(10439,'MEREP',6,'2013-02-07','2013-03-07','2013-02-10',3,4.0700000000000002842,'Mère Paillarde','43 rue St. Laurent','Montréal','North America','H1J 1C3','Canada');
INSERT INTO "Order" VALUES(10440,'SAVEA',4,'2013-02-10','2013-03-10','2013-02-28',2,86.530000000000004689,'Save-a-lot Markets','187 Suffolk Ln.','Boise','North America','83720','USA');
INSERT INTO "Order" VALUES(10441,'OLDWO',3,'2013-02-10','2013-03-24','2013-03-14',2,73.01999999999999602,'Old World Delicatessen','2743 Bering St.','Anchorage','North America','99508','USA');
INSERT INTO "Order" VALUES(10442,'ERNSH',3,'2013-02-11','2013-03-11','2013-02-18',2,47.939999999999995949,'Ernst Handel','Kirchgasse 6','Graz','Western Europe','8010','Austria');
INSERT INTO "Order" VALUES(10443,'REGGC',8,'2013-02-12','2013-03-12','2013-02-14',1,13.950000000000000177,'Reggiani Caseifici','Strada Provinciale 124','Reggio Emilia','Southern Europe','42100','Italy');
INSERT INTO "Order" VALUES(10444,'BERGS',3,'2013-02-12','2013-03-12','2013-02-21',3,3.5,'Berglunds snabbköp','Berguvsvägen  8','Luleå','Northern Europe','S-958 22','Sweden');
INSERT INTO "Order" VALUES(10445,'BERGS',3,'2013-02-13','2013-03-13','2013-02-20',1,9.3000000000000007105,'Berglunds snabbköp','Berguvsvägen  8','Luleå','Northern Europe','S-958 22','Sweden');
INSERT INTO "Order" VALUES(10446,'TOMSP',6,'2013-02-14','2013-03-14','2013-02-19',1,14.679999999999999715,'Toms Spezialitäten','Luisenstr. 48','Münster','Western Europe','44087','Germany');
INSERT INTO "Order" VALUES(10447,'RICAR',4,'2013-02-14','2013-03-14','2013-03-07',2,68.659999999999996589,'Ricardo Adocicados','Av. Copacabana, 267','Rio de Janeiro','South America','02389-890','Brazil');
INSERT INTO "Order" VALUES(10448,'RANCH',4,'2013-02-17','2013-03-17','2013-02-24',2,38.820000000000000284,'Rancho grande','Av. del Libertador 900','Buenos Aires','South America','1010','Argentina');
INSERT INTO "Order" VALUES(10449,'BLONP',3,'2013-02-18','2013-03-18','2013-02-27',2,53.30000000000000071,'Blondel père et fils','24, place Kléber','Strasbourg','Western Europe','67000','France');
INSERT INTO "Order" VALUES(10450,'VICTE',8,'2013-02-19','2013-03-19','2013-03-11',2,7.2300000000000004263,'Victuailles en stock','2, rue du Commerce','Lyon','Western Europe','69004','France');
INSERT INTO "Order" VALUES(10451,'QUICK',4,'2013-02-19','2013-03-05','2013-03-12',3,189.09000000000000696,'QUICK-Stop','Taucherstraße 10','Cunewalde','Western Europe','01307','Germany');
INSERT INTO "Order" VALUES(10452,'SAVEA',8,'2013-02-20','2013-03-20','2013-02-26',1,140.25999999999998024,'Save-a-lot Markets','187 Suffolk Ln.','Boise','North America','83720','USA');
INSERT INTO "Order" VALUES(10453,'AROUT',1,'2013-02-21','2013-03-21','2013-02-26',2,25.360000000000000319,'Around the Horn','Brook Farm Stratford St. Mary','Colchester','British Isles','CO7 6JX','UK');
INSERT INTO "Order" VALUES(10454,'LAMAI',4,'2013-02-21','2013-03-21','2013-02-25',3,2.7400000000000002131,'La maison d''Asie','1 rue Alsace-Lorraine','Toulouse','Western Europe','31000','France');
INSERT INTO "Order" VALUES(10455,'WARTH',8,'2013-02-24','2013-04-07','2013-03-03',2,180.44999999999999928,'Wartian Herkku','Torikatu 38','Oulu','Scandinavia','90110','Finland');
INSERT INTO "Order" VALUES(10456,'KOENE',8,'2013-02-25','2013-04-08','2013-02-28',2,8.1199999999999992184,'Königlich Essen','Maubelstr. 90','Brandenburg','Western Europe','14776','Germany');
INSERT INTO "Order" VALUES(10457,'KOENE',2,'2013-02-25','2013-03-25','2013-03-03',1,11.570000000000000284,'Königlich Essen','Maubelstr. 90','Brandenburg','Western Europe','14776','Germany');
INSERT INTO "Order" VALUES(10458,'SUPRD',7,'2013-02-26','2013-03-26','2013-03-04',3,147.06000000000001293,'Suprêmes délices','Boulevard Tirou, 255','Charleroi','Western Europe','B-6000','Belgium');
INSERT INTO "Order" VALUES(10459,'VICTE',4,'2013-02-27','2013-03-27','2013-02-28',2,25.089999999999998969,'Victuailles en stock','2, rue du Commerce','Lyon','Western Europe','69004','France');
INSERT INTO "Order" VALUES(10460,'FOLKO',8,'2013-02-28','2013-03-28','2013-03-03',1,16.269999999999999573,'Folk och fä HB','Åkergatan 24','Bräcke','Northern Europe','S-844 67','Sweden');
INSERT INTO "Order" VALUES(10461,'LILAS',1,'2013-02-28','2013-03-28','2013-03-05',3,148.6100000000000243,'LILA-Supermercado','Carrera 52 con Ave. Bolívar #65-98 Llano Largo','Barquisimeto','South America','3508','Venezuela');
INSERT INTO "Order" VALUES(10462,'CONSH',2,'2013-03-03','2013-03-31','2013-03-18',1,6.1699999999999999289,'Consolidated Holdings','Berkeley Gardens 12  Brewery','London','British Isles','WX1 6LT','UK');
INSERT INTO "Order" VALUES(10463,'SUPRD',5,'2013-03-04','2013-04-01','2013-03-06',3,14.77999999999999936,'Suprêmes délices','Boulevard Tirou, 255','Charleroi','Western Europe','B-6000','Belgium');
INSERT INTO "Order" VALUES(10464,'FURIB',4,'2013-03-04','2013-04-01','2013-03-14',2,89,'Furia Bacalhau e Frutos do Mar','Jardim das rosas n. 32','Lisboa','Southern Europe','1675','Portugal');
INSERT INTO "Order" VALUES(10465,'VAFFE',1,'2013-03-05','2013-04-02','2013-03-14',3,145.03999999999999559,'Vaffeljernet','Smagsloget 45','Århus','Northern Europe','8200','Denmark');
INSERT INTO "Order" VALUES(10466,'COMMI',4,'2013-03-06','2013-04-03','2013-03-13',1,11.930000000000000603,'Comércio Mineiro','Av. dos Lusíadas, 23','Sao Paulo','South America','05432-043','Brazil');
INSERT INTO "Order" VALUES(10467,'MAGAA',8,'2013-03-06','2013-04-03','2013-03-11',2,4.9299999999999997157,'Magazzini Alimentari Riuniti','Via Ludovico il Moro 22','Bergamo','Southern Europe','24100','Italy');
INSERT INTO "Order" VALUES(10468,'KOENE',3,'2013-03-07','2013-04-04','2013-03-12',3,44.119999999999999218,'Königlich Essen','Maubelstr. 90','Brandenburg','Western Europe','14776','Germany');
INSERT INTO "Order" VALUES(10469,'WHITC',1,'2013-03-10','2013-04-07','2013-03-14',1,60.179999999999997939,'White Clover Markets','1029 - 12th Ave. S.','Seattle','North America','98124','USA');
INSERT INTO "Order" VALUES(10470,'BONAP',4,'2013-03-11','2013-04-08','2013-03-14',2,64.56000000000000405,'Bon app''','12, rue des Bouchers','Marseille','Western Europe','13008','France');
INSERT INTO "Order" VALUES(10471,'BSBEV',2,'2013-03-11','2013-04-08','2013-03-18',3,45.590000000000001634,'B''s Beverages','Fauntleroy Circus','London','British Isles','EC2 5NT','UK');
INSERT INTO "Order" VALUES(10472,'SEVES',8,'2013-03-12','2013-04-09','2013-03-19',1,4.2000000000000001776,'Seven Seas Imports','90 Wadhurst Rd.','London','British Isles','OX15 4NB','UK');
INSERT INTO "Order" VALUES(10473,'ISLAT',1,'2013-03-13','2013-03-27','2013-03-21',3,16.370000000000000106,'Island Trading','Garden House Crowther Way','Cowes','British Isles','PO31 7PJ','UK');
INSERT INTO "Order" VALUES(10474,'PERIC',5,'2013-03-13','2013-04-10','2013-03-21',2,83.490000000000001989,'Pericles Comidas clásicas','Calle Dr. Jorge Cash 321','México D.F.','Central America','05033','Mexico');
INSERT INTO "Order" VALUES(10475,'SUPRD',9,'2013-03-14','2013-04-11','2013-04-04',1,68.519999999999994244,'Suprêmes délices','Boulevard Tirou, 255','Charleroi','Western Europe','B-6000','Belgium');
INSERT INTO "Order" VALUES(10476,'HILAA',8,'2013-03-17','2013-04-14','2013-03-24',3,4.4100000000000001421,'HILARION-Abastos','Carrera 22 con Ave. Carlos Soublette #8-35','San Cristóbal','South America','5022','Venezuela');
INSERT INTO "Order" VALUES(10477,'PRINI',5,'2013-03-17','2013-04-14','2013-03-25',2,13.020000000000000461,'Princesa Isabel Vinhos','Estrada da saúde n. 58','Lisboa','Southern Europe','1756','Portugal');
INSERT INTO "Order" VALUES(10478,'VICTE',2,'2013-03-18','2013-04-01','2013-03-26',3,4.8099999999999996092,'Victuailles en stock','2, rue du Commerce','Lyon','Western Europe','69004','France');
INSERT INTO "Order" VALUES(10479,'RATTC',3,'2013-03-19','2013-04-16','2013-03-21',3,708.9500000000000135,'Rattlesnake Canyon Grocery','2817 Milton Dr.','Albuquerque','North America','87110','USA');
INSERT INTO "Order" VALUES(10480,'FOLIG',6,'2013-03-20','2013-04-17','2013-03-24',2,1.3500000000000000888,'Folies gourmandes','184, chaussée de Tournai','Lille','Western Europe','59000','France');
INSERT INTO "Order" VALUES(10481,'RICAR',8,'2013-03-20','2013-04-17','2013-03-25',2,64.329999999999998294,'Ricardo Adocicados','Av. Copacabana, 267','Rio de Janeiro','South America','02389-890','Brazil');
INSERT INTO "Order" VALUES(10482,'LAZYK',1,'2013-03-21','2013-04-18','2013-04-10',3,7.4800000000000004263,'Lazy K Kountry Store','12 Orchestra Terrace','Walla Walla','North America','99362','USA');
INSERT INTO "Order" VALUES(10483,'WHITC',7,'2013-03-24','2013-04-21','2013-04-25',2,15.280000000000000248,'White Clover Markets','1029 - 12th Ave. S.','Seattle','North America','98124','USA');
INSERT INTO "Order" VALUES(10484,'BSBEV',3,'2013-03-24','2013-04-21','2013-04-01',3,6.8799999999999998934,'B''s Beverages','Fauntleroy Circus','London','British Isles','EC2 5NT','UK');
INSERT INTO "Order" VALUES(10485,'LINOD',4,'2013-03-25','2013-04-08','2013-03-31',2,64.450000000000002842,'LINO-Delicateses','Ave. 5 de Mayo Porlamar','I. de Margarita','South America','4980','Venezuela');
INSERT INTO "Order" VALUES(10486,'HILAA',1,'2013-03-26','2013-04-23','2013-04-02',2,30.52999999999999936,'HILARION-Abastos','Carrera 22 con Ave. Carlos Soublette #8-35','San Cristóbal','South America','5022','Venezuela');
INSERT INTO "Order" VALUES(10487,'QUEE',2,'2013-03-26','2013-04-23','2013-03-28',2,71.069999999999993178,'Queen Cozinha','Alameda dos Canàrios, 891','Sao Paulo','South America','05487-020','Brazil');
INSERT INTO "Order" VALUES(10488,'FRANK',8,'2013-03-27','2013-04-24','2013-04-02',2,4.9299999999999997157,'Frankenversand','Berliner Platz 43','München','Western Europe','80805','Germany');
INSERT INTO "Order" VALUES(10489,'PICCO',6,'2013-03-28','2013-04-25','2013-04-09',2,5.2900000000000000355,'Piccolo und mehr','Geislweg 14','Salzburg','Western Europe','5020','Austria');
INSERT INTO "Order" VALUES(10490,'HILAA',7,'2013-03-31','2013-04-28','2013-04-03',2,210.19000000000001016,'HILARION-Abastos','Carrera 22 con Ave. Carlos Soublette #8-35','San Cristóbal','South America','5022','Venezuela');
INSERT INTO "Order" VALUES(10491,'FURIB',8,'2013-03-31','2013-04-28','2013-04-08',3,16.96000000000000174,'Furia Bacalhau e Frutos do Mar','Jardim das rosas n. 32','Lisboa','Southern Europe','1675','Portugal');
INSERT INTO "Order" VALUES(10492,'BOTTM',3,'2013-04-01','2013-04-29','2013-04-11',1,62.889999999999997015,'Bottom-Dollar Markets','23 Tsawassen Blvd.','Tsawassen','North America','T2F 8M4','Canada');
INSERT INTO "Order" VALUES(10493,'LAMAI',4,'2013-04-02','2013-04-30','2013-04-10',3,10.640000000000000568,'La maison d''Asie','1 rue Alsace-Lorraine','Toulouse','Western Europe','31000','France');
INSERT INTO "Order" VALUES(10494,'COMMI',4,'2013-04-02','2013-04-30','2013-04-09',2,65.989999999999993107,'Comércio Mineiro','Av. dos Lusíadas, 23','Sao Paulo','South America','05432-043','Brazil');
INSERT INTO "Order" VALUES(10495,'LAUGB',3,'2013-04-03','2013-05-01','2013-04-11',3,4.6500000000000003552,'Laughing Bacchus Wine Cellars','2319 Elm St.','Vancouver','North America','V3F 2K1','Canada');
INSERT INTO "Order" VALUES(10496,'TRADH',7,'2013-04-04','2013-05-02','2013-04-07',2,46.770000000000004902,'Tradiçao Hipermercados','Av. Inês de Castro, 414','Sao Paulo','South America','05634-030','Brazil');
INSERT INTO "Order" VALUES(10497,'LEHMS',7,'2013-04-04','2013-05-02','2013-04-07',1,36.209999999999999964,'Lehmanns Marktstand','Magazinweg 7','Frankfurt a.M.','Western Europe','60528','Germany');
INSERT INTO "Order" VALUES(10498,'HILAA',8,'2013-04-07','2013-05-05','2013-04-11',2,29.75,'HILARION-Abastos','Carrera 22 con Ave. Carlos Soublette #8-35','San Cristóbal','South America','5022','Venezuela');
INSERT INTO "Order" VALUES(10499,'LILAS',4,'2013-04-08','2013-05-06','2013-04-16',2,102.01999999999999957,'LILA-Supermercado','Carrera 52 con Ave. Bolívar #65-98 Llano Largo','Barquisimeto','South America','3508','Venezuela');
INSERT INTO "Order" VALUES(10500,'LAMAI',6,'2013-04-09','2013-05-07','2013-04-17',1,42.679999999999997939,'La maison d''Asie','1 rue Alsace-Lorraine','Toulouse','Western Europe','31000','France');
INSERT INTO "Order" VALUES(10501,'BLAUS',9,'2013-04-09','2013-05-07','2013-04-16',3,8.8499999999999996447,'Blauer See Delikatessen','Forsterstr. 57','Mannheim','Western Europe','68306','Germany');
INSERT INTO "Order" VALUES(10502,'PERIC',2,'2013-04-10','2013-05-08','2013-04-29',1,69.319999999999994955,'Pericles Comidas clásicas','Calle Dr. Jorge Cash 321','México D.F.','Central America','05033','Mexico');
INSERT INTO "Order" VALUES(10503,'HUNGO',6,'2013-04-11','2013-05-09','2013-04-16',2,16.739999999999999324,'Hungry Owl All-Night Grocers','8 Johnstown Road','Cork','British Isles',NULL,'Ireland');
INSERT INTO "Order" VALUES(10504,'WHITC',4,'2013-04-11','2013-05-09','2013-04-18',3,59.130000000000002557,'White Clover Markets','1029 - 12th Ave. S.','Seattle','North America','98124','USA');
INSERT INTO "Order" VALUES(10505,'MEREP',3,'2013-04-14','2013-05-12','2013-04-21',3,7.1299999999999998934,'Mère Paillarde','43 rue St. Laurent','Montréal','North America','H1J 1C3','Canada');
INSERT INTO "Order" VALUES(10506,'KOENE',9,'2013-04-15','2013-05-13','2013-05-02',2,21.190000000000002167,'Königlich Essen','Maubelstr. 90','Brandenburg','Western Europe','14776','Germany');
INSERT INTO "Order" VALUES(10507,'ANTO',7,'2013-04-15','2013-05-13','2013-04-22',1,47.450000000000001065,'Antonio Moreno Taquería','Mataderos  2312','México D.F.','Central America','05023','Mexico');
INSERT INTO "Order" VALUES(10508,'OTTIK',1,'2013-04-16','2013-05-14','2013-05-13',2,4.9900000000000002131,'Ottilies Käseladen','Mehrheimerstr. 369','Köln','Western Europe','50739','Germany');
INSERT INTO "Order" VALUES(10509,'BLAUS',4,'2013-04-17','2013-05-15','2013-04-29',1,0.15,'Blauer See Delikatessen','Forsterstr. 57','Mannheim','Western Europe','68306','Germany');
INSERT INTO "Order" VALUES(10510,'SAVEA',6,'2013-04-18','2013-05-16','2013-04-28',3,367.62999999999999012,'Save-a-lot Markets','187 Suffolk Ln.','Boise','North America','83720','USA');
INSERT INTO "Order" VALUES(10511,'BONAP',4,'2013-04-18','2013-05-16','2013-04-21',3,350.63999999999997392,'Bon app''','12, rue des Bouchers','Marseille','Western Europe','13008','France');
INSERT INTO "Order" VALUES(10512,'FAMIA',7,'2013-04-21','2013-05-19','2013-04-24',2,3.5299999999999998046,'Familia Arquibaldo','Rua Orós, 92','Sao Paulo','South America','05442-030','Brazil');
INSERT INTO "Order" VALUES(10513,'WANDK',7,'2013-04-22','2013-06-03','2013-04-28',1,105.64999999999999946,'Die Wandernde Kuh','Adenauerallee 900','Stuttgart','Western Europe','70563','Germany');
INSERT INTO "Order" VALUES(10514,'ERNSH',3,'2013-04-22','2013-05-20','2013-05-16',2,789.95000000000006323,'Ernst Handel','Kirchgasse 6','Graz','Western Europe','8010','Austria');
INSERT INTO "Order" VALUES(10515,'QUICK',2,'2013-04-23','2013-05-07','2013-05-23',1,204.4700000000000184,'QUICK-Stop','Taucherstraße 10','Cunewalde','Western Europe','01307','Germany');
INSERT INTO "Order" VALUES(10516,'HUNGO',2,'2013-04-24','2013-05-22','2013-05-01',3,62.780000000000004689,'Hungry Owl All-Night Grocers','8 Johnstown Road','Cork','British Isles',NULL,'Ireland');
INSERT INTO "Order" VALUES(10517,'NORTS',3,'2013-04-24','2013-05-22','2013-04-29',3,32.069999999999998507,'North/South','South House 300 Queensbridge','London','British Isles','SW7 1RZ','UK');
INSERT INTO "Order" VALUES(10518,'TORTU',4,'2013-04-25','2013-05-09','2013-05-05',2,218.15000000000002167,'Tortuga Restaurante','Avda. Azteca 123','México D.F.','Central America','05033','Mexico');
INSERT INTO "Order" VALUES(10519,'CHOPS',6,'2013-04-28','2013-05-26','2013-05-01',3,91.760000000000001563,'Chop-suey Chinese','Hauptstr. 31','Bern','Western Europe','3012','Switzerland');
INSERT INTO "Order" VALUES(10520,'SANTG',7,'2013-04-29','2013-05-27','2013-05-01',1,13.369999999999999662,'Santé Gourmet','Erling Skakkes gate 78','Stavern','Scandinavia','4110','Norway');
INSERT INTO "Order" VALUES(10521,'CACTU',8,'2013-04-29','2013-05-27','2013-05-02',2,17.219999999999999751,'Cactus Comidas para llevar','Cerrito 333','Buenos Aires','South America','1010','Argentina');
INSERT INTO "Order" VALUES(10522,'LEHMS',4,'2013-04-30','2013-05-28','2013-05-06',1,45.329999999999994741,'Lehmanns Marktstand','Magazinweg 7','Frankfurt a.M.','Western Europe','60528','Germany');
INSERT INTO "Order" VALUES(10523,'SEVES',7,'2013-05-01','2013-05-29','2013-05-30',2,77.629999999999999005,'Seven Seas Imports','90 Wadhurst Rd.','London','British Isles','OX15 4NB','UK');
INSERT INTO "Order" VALUES(10524,'BERGS',1,'2013-05-01','2013-05-29','2013-05-07',2,244.78999999999997427,'Berglunds snabbköp','Berguvsvägen  8','Luleå','Northern Europe','S-958 22','Sweden');
INSERT INTO "Order" VALUES(10525,'BONAP',1,'2013-05-02','2013-05-30','2013-05-23',2,11.060000000000000941,'Bon app''','12, rue des Bouchers','Marseille','Western Europe','13008','France');
INSERT INTO "Order" VALUES(10526,'WARTH',4,'2013-05-05','2013-06-02','2013-05-15',2,58.589999999999999857,'Wartian Herkku','Torikatu 38','Oulu','Scandinavia','90110','Finland');
INSERT INTO "Order" VALUES(10527,'QUICK',7,'2013-05-05','2013-06-02','2013-05-07',1,41.899999999999995026,'QUICK-Stop','Taucherstraße 10','Cunewalde','Western Europe','01307','Germany');
INSERT INTO "Order" VALUES(10528,'GREAL',6,'2013-05-06','2013-05-20','2013-05-09',2,3.3500000000000000888,'Great Lakes Food Market','2732 Baker Blvd.','Eugene','North America','97403','USA');
INSERT INTO "Order" VALUES(10529,'MAISD',5,'2013-05-07','2013-06-04','2013-05-09',2,66.689999999999995949,'Maison Dewey','Rue Joseph-Bens 532','Bruxelles','Western Europe','B-1180','Belgium');
INSERT INTO "Order" VALUES(10530,'PICCO',3,'2013-05-08','2013-06-05','2013-05-12',2,339.22000000000003261,'Piccolo und mehr','Geislweg 14','Salzburg','Western Europe','5020','Austria');
INSERT INTO "Order" VALUES(10531,'OCEA',7,'2013-05-08','2013-06-05','2013-05-19',1,8.1199999999999992184,'Océano Atlántico Ltda.','Ing. Gustavo Moncada 8585 Piso 20-A','Buenos Aires','South America','1010','Argentina');
INSERT INTO "Order" VALUES(10532,'EASTC',7,'2013-05-09','2013-06-06','2013-05-12',3,74.459999999999997299,'Eastern Connection','35 King George','London','British Isles','WX3 6FW','UK');
INSERT INTO "Order" VALUES(10533,'FOLKO',8,'2013-05-12','2013-06-09','2013-05-22',1,188.03999999999998493,'Folk och fä HB','Åkergatan 24','Bräcke','Northern Europe','S-844 67','Sweden');
INSERT INTO "Order" VALUES(10534,'LEHMS',8,'2013-05-12','2013-06-09','2013-05-14',2,27.94000000000000039,'Lehmanns Marktstand','Magazinweg 7','Frankfurt a.M.','Western Europe','60528','Germany');
INSERT INTO "Order" VALUES(10535,'ANTO',4,'2013-05-13','2013-06-10','2013-05-21',1,15.640000000000000568,'Antonio Moreno Taquería','Mataderos  2312','México D.F.','Central America','05023','Mexico');
INSERT INTO "Order" VALUES(10536,'LEHMS',3,'2013-05-14','2013-06-11','2013-06-06',2,58.879999999999999005,'Lehmanns Marktstand','Magazinweg 7','Frankfurt a.M.','Western Europe','60528','Germany');
INSERT INTO "Order" VALUES(10537,'RICSU',1,'2013-05-14','2013-05-28','2013-05-19',1,78.849999999999997868,'Richter Supermarkt','Starenweg 5','Genève','Western Europe','1204','Switzerland');
INSERT INTO "Order" VALUES(10538,'BSBEV',9,'2013-05-15','2013-06-12','2013-05-16',3,4.8700000000000001065,'B''s Beverages','Fauntleroy Circus','London','British Isles','EC2 5NT','UK');
INSERT INTO "Order" VALUES(10539,'BSBEV',6,'2013-05-16','2013-06-13','2013-05-23',3,12.359999999999999875,'B''s Beverages','Fauntleroy Circus','London','British Isles','EC2 5NT','UK');
INSERT INTO "Order" VALUES(10540,'QUICK',3,'2013-05-19','2013-06-16','2013-06-13',3,1007.6400000000000911,'QUICK-Stop','Taucherstraße 10','Cunewalde','Western Europe','01307','Germany');
INSERT INTO "Order" VALUES(10541,'HANAR',2,'2013-05-19','2013-06-16','2013-05-29',1,68.650000000000002131,'Hanari Carnes','Rua do Paço, 67','Rio de Janeiro','South America','05454-876','Brazil');
INSERT INTO "Order" VALUES(10542,'KOENE',1,'2013-05-20','2013-06-17','2013-05-26',3,10.949999999999999644,'Königlich Essen','Maubelstr. 90','Brandenburg','Western Europe','14776','Germany');
INSERT INTO "Order" VALUES(10543,'LILAS',8,'2013-05-21','2013-06-18','2013-05-23',2,48.170000000000001705,'LILA-Supermercado','Carrera 52 con Ave. Bolívar #65-98 Llano Largo','Barquisimeto','South America','3508','Venezuela');
INSERT INTO "Order" VALUES(10544,'LONEP',4,'2013-05-21','2013-06-18','2013-05-30',1,24.91000000000000103,'Lonesome Pine Restaurant','89 Chiaroscuro Rd.','Portland','North America','97219','USA');
INSERT INTO "Order" VALUES(10545,'LAZYK',8,'2013-05-22','2013-06-19','2013-06-26',2,11.919999999999999573,'Lazy K Kountry Store','12 Orchestra Terrace','Walla Walla','North America','99362','USA');
INSERT INTO "Order" VALUES(10546,'VICTE',1,'2013-05-23','2013-06-20','2013-05-27',3,194.72000000000001307,'Victuailles en stock','2, rue du Commerce','Lyon','Western Europe','69004','France');
INSERT INTO "Order" VALUES(10547,'SEVES',3,'2013-05-23','2013-06-20','2013-06-02',2,178.42999999999999971,'Seven Seas Imports','90 Wadhurst Rd.','London','British Isles','OX15 4NB','UK');
INSERT INTO "Order" VALUES(10548,'TOMSP',3,'2013-05-26','2013-06-23','2013-06-02',2,1.4299999999999998934,'Toms Spezialitäten','Luisenstr. 48','Münster','Western Europe','44087','Germany');
INSERT INTO "Order" VALUES(10549,'QUICK',5,'2013-05-27','2013-06-10','2013-05-30',1,171.24000000000001442,'QUICK-Stop','Taucherstraße 10','Cunewalde','Western Europe','01307','Germany');
INSERT INTO "Order" VALUES(10550,'GODOS',7,'2013-05-28','2013-06-25','2013-06-06',3,4.3200000000000002842,'Godos Cocina Típica','C/ Romero, 33','Sevilla','Southern Europe','41101','Spain');
INSERT INTO "Order" VALUES(10551,'FURIB',4,'2013-05-28','2013-07-09','2013-06-06',3,72.949999999999999289,'Furia Bacalhau e Frutos do Mar','Jardim das rosas n. 32','Lisboa','Southern Europe','1675','Portugal');
INSERT INTO "Order" VALUES(10552,'HILAA',2,'2013-05-29','2013-06-26','2013-06-05',1,83.219999999999991757,'HILARION-Abastos','Carrera 22 con Ave. Carlos Soublette #8-35','San Cristóbal','South America','5022','Venezuela');
INSERT INTO "Order" VALUES(10553,'WARTH',2,'2013-05-30','2013-06-27','2013-06-03',2,149.4900000000000162,'Wartian Herkku','Torikatu 38','Oulu','Scandinavia','90110','Finland');
INSERT INTO "Order" VALUES(10554,'OTTIK',4,'2013-05-30','2013-06-27','2013-06-05',3,120.96999999999999975,'Ottilies Käseladen','Mehrheimerstr. 369','Köln','Western Europe','50739','Germany');
INSERT INTO "Order" VALUES(10555,'SAVEA',6,'2013-06-02','2013-06-30','2013-06-04',3,252.49000000000001442,'Save-a-lot Markets','187 Suffolk Ln.','Boise','North America','83720','USA');
INSERT INTO "Order" VALUES(10556,'SIMOB',2,'2013-06-03','2013-07-15','2013-06-13',1,9.8000000000000007105,'Simons bistro','Vinbæltet 34','Kobenhavn','Northern Europe','1734','Denmark');
INSERT INTO "Order" VALUES(10557,'LEHMS',9,'2013-06-03','2013-06-17','2013-06-06',2,96.720000000000005968,'Lehmanns Marktstand','Magazinweg 7','Frankfurt a.M.','Western Europe','60528','Germany');
INSERT INTO "Order" VALUES(10558,'AROUT',1,'2013-06-04','2013-07-02','2013-06-10',2,72.969999999999997086,'Around the Horn','Brook Farm Stratford St. Mary','Colchester','British Isles','CO7 6JX','UK');
INSERT INTO "Order" VALUES(10559,'BLONP',6,'2013-06-05','2013-07-03','2013-06-13',1,8.0500000000000007105,'Blondel père et fils','24, place Kléber','Strasbourg','Western Europe','67000','France');
INSERT INTO "Order" VALUES(10560,'FRANK',8,'2013-06-06','2013-07-04','2013-06-09',1,36.650000000000000355,'Frankenversand','Berliner Platz 43','München','Western Europe','80805','Germany');
INSERT INTO "Order" VALUES(10561,'FOLKO',2,'2013-06-06','2013-07-04','2013-06-09',2,242.20999999999999197,'Folk och fä HB','Åkergatan 24','Bräcke','Northern Europe','S-844 67','Sweden');
INSERT INTO "Order" VALUES(10562,'REGGC',1,'2013-06-09','2013-07-07','2013-06-12',1,22.949999999999999289,'Reggiani Caseifici','Strada Provinciale 124','Reggio Emilia','Southern Europe','42100','Italy');
INSERT INTO "Order" VALUES(10563,'RICAR',2,'2013-06-10','2013-07-22','2013-06-24',2,60.430000000000001492,'Ricardo Adocicados','Av. Copacabana, 267','Rio de Janeiro','South America','02389-890','Brazil');
INSERT INTO "Order" VALUES(10564,'RATTC',4,'2013-06-10','2013-07-08','2013-06-16',3,13.75,'Rattlesnake Canyon Grocery','2817 Milton Dr.','Albuquerque','North America','87110','USA');
INSERT INTO "Order" VALUES(10565,'MEREP',8,'2013-06-11','2013-07-09','2013-06-18',2,7.1500000000000003552,'Mère Paillarde','43 rue St. Laurent','Montréal','North America','H1J 1C3','Canada');
INSERT INTO "Order" VALUES(10566,'BLONP',9,'2013-06-12','2013-07-10','2013-06-18',1,88.399999999999998578,'Blondel père et fils','24, place Kléber','Strasbourg','Western Europe','67000','France');
INSERT INTO "Order" VALUES(10567,'HUNGO',1,'2013-06-12','2013-07-10','2013-06-17',1,33.969999999999997974,'Hungry Owl All-Night Grocers','8 Johnstown Road','Cork','British Isles',NULL,'Ireland');
INSERT INTO "Order" VALUES(10568,'GALED',3,'2013-06-13','2013-07-11','2013-07-09',3,6.5400000000000000355,'Galería del gastronómo','Rambla de Cataluña, 23','Barcelona','Southern Europe','8022','Spain');
INSERT INTO "Order" VALUES(10569,'RATTC',5,'2013-06-16','2013-07-14','2013-07-11',1,58.979999999999996873,'Rattlesnake Canyon Grocery','2817 Milton Dr.','Albuquerque','North America','87110','USA');
INSERT INTO "Order" VALUES(10570,'MEREP',3,'2013-06-17','2013-07-15','2013-06-19',3,188.99000000000000909,'Mère Paillarde','43 rue St. Laurent','Montréal','North America','H1J 1C3','Canada');
INSERT INTO "Order" VALUES(10571,'ERNSH',8,'2013-06-17','2013-07-29','2013-07-04',3,26.059999999999998721,'Ernst Handel','Kirchgasse 6','Graz','Western Europe','8010','Austria');
INSERT INTO "Order" VALUES(10572,'BERGS',3,'2013-06-18','2013-07-16','2013-06-25',2,116.43000000000001126,'Berglunds snabbköp','Berguvsvägen  8','Luleå','Northern Europe','S-958 22','Sweden');
INSERT INTO "Order" VALUES(10573,'ANTO',7,'2013-06-19','2013-07-17','2013-06-20',3,84.839999999999999857,'Antonio Moreno Taquería','Mataderos  2312','México D.F.','Central America','05023','Mexico');
INSERT INTO "Order" VALUES(10574,'TRAIH',4,'2013-06-19','2013-07-17','2013-06-30',2,37.600000000000002309,'Trail''s Head Gourmet Provisioners','722 DaVinci Blvd.','Kirkland','North America','98034','USA');
INSERT INTO "Order" VALUES(10575,'MORGK',5,'2013-06-20','2013-07-04','2013-06-30',1,127.34000000000000873,'Morgenstern Gesundkost','Heerstr. 22','Leipzig','Western Europe','04179','Germany');
INSERT INTO "Order" VALUES(10576,'TORTU',3,'2013-06-23','2013-07-07','2013-06-30',3,18.559999999999998721,'Tortuga Restaurante','Avda. Azteca 123','México D.F.','Central America','05033','Mexico');
INSERT INTO "Order" VALUES(10577,'TRAIH',9,'2013-06-23','2013-08-04','2013-06-30',2,25.409999999999999253,'Trail''s Head Gourmet Provisioners','722 DaVinci Blvd.','Kirkland','North America','98034','USA');
INSERT INTO "Order" VALUES(10578,'BSBEV',4,'2013-06-24','2013-07-22','2013-07-25',3,29.599999999999999644,'B''s Beverages','Fauntleroy Circus','London','British Isles','EC2 5NT','UK');
INSERT INTO "Order" VALUES(10579,'LETSS',1,'2013-06-25','2013-07-23','2013-07-04',2,13.729999999999999982,'Let''s Stop N Shop','87 Polk St. Suite 5','San Francisco','North America','94117','USA');
INSERT INTO "Order" VALUES(10580,'OTTIK',4,'2013-06-26','2013-07-24','2013-07-01',3,75.890000000000004121,'Ottilies Käseladen','Mehrheimerstr. 369','Köln','Western Europe','50739','Germany');
INSERT INTO "Order" VALUES(10581,'FAMIA',3,'2013-06-26','2013-07-24','2013-07-02',1,3.0099999999999997868,'Familia Arquibaldo','Rua Orós, 92','Sao Paulo','South America','05442-030','Brazil');
INSERT INTO "Order" VALUES(10582,'BLAUS',3,'2013-06-27','2013-07-25','2013-07-14',2,27.709999999999999076,'Blauer See Delikatessen','Forsterstr. 57','Mannheim','Western Europe','68306','Germany');
INSERT INTO "Order" VALUES(10583,'WARTH',2,'2013-06-30','2013-07-28','2013-07-04',2,7.2800000000000002486,'Wartian Herkku','Torikatu 38','Oulu','Scandinavia','90110','Finland');
INSERT INTO "Order" VALUES(10584,'BLONP',4,'2013-06-30','2013-07-28','2013-07-04',1,59.139999999999997015,'Blondel père et fils','24, place Kléber','Strasbourg','Western Europe','67000','France');
INSERT INTO "Order" VALUES(10585,'WELLI',7,'2013-07-01','2013-07-29','2013-07-10',1,13.409999999999999698,'Wellington Importadora','Rua do Mercado, 12','Resende','South America','08737-363','Brazil');
INSERT INTO "Order" VALUES(10586,'REGGC',9,'2013-07-02','2013-07-30','2013-07-09',1,0.47999999999999998223,'Reggiani Caseifici','Strada Provinciale 124','Reggio Emilia','Southern Europe','42100','Italy');
INSERT INTO "Order" VALUES(10587,'QUEDE',1,'2013-07-02','2013-07-30','2013-07-09',1,62.520000000000006679,'Que Delícia','Rua da Panificadora, 12','Rio de Janeiro','South America','02389-673','Brazil');
INSERT INTO "Order" VALUES(10588,'QUICK',2,'2013-07-03','2013-07-31','2013-07-10',3,194.66999999999998749,'QUICK-Stop','Taucherstraße 10','Cunewalde','Western Europe','01307','Germany');
INSERT INTO "Order" VALUES(10589,'GREAL',8,'2013-07-04','2013-08-01','2013-07-14',2,4.4199999999999999289,'Great Lakes Food Market','2732 Baker Blvd.','Eugene','North America','97403','USA');
INSERT INTO "Order" VALUES(10590,'MEREP',4,'2013-07-07','2013-08-04','2013-07-14',3,44.770000000000003126,'Mère Paillarde','43 rue St. Laurent','Montréal','North America','H1J 1C3','Canada');
INSERT INTO "Order" VALUES(10591,'VAFFE',1,'2013-07-07','2013-07-21','2013-07-16',1,55.920000000000005258,'Vaffeljernet','Smagsloget 45','Århus','Northern Europe','8200','Denmark');
INSERT INTO "Order" VALUES(10592,'LEHMS',3,'2013-07-08','2013-08-05','2013-07-16',1,32.099999999999999644,'Lehmanns Marktstand','Magazinweg 7','Frankfurt a.M.','Western Europe','60528','Germany');
INSERT INTO "Order" VALUES(10593,'LEHMS',7,'2013-07-09','2013-08-06','2013-08-13',2,174.19999999999999928,'Lehmanns Marktstand','Magazinweg 7','Frankfurt a.M.','Western Europe','60528','Germany');
INSERT INTO "Order" VALUES(10594,'OLDWO',3,'2013-07-09','2013-08-06','2013-07-16',2,5.2400000000000002131,'Old World Delicatessen','2743 Bering St.','Anchorage','North America','99508','USA');
INSERT INTO "Order" VALUES(10595,'ERNSH',2,'2013-07-10','2013-08-07','2013-07-14',1,96.780000000000008242,'Ernst Handel','Kirchgasse 6','Graz','Western Europe','8010','Austria');
INSERT INTO "Order" VALUES(10596,'WHITC',8,'2013-07-11','2013-08-08','2013-08-12',1,16.339999999999998969,'White Clover Markets','1029 - 12th Ave. S.','Seattle','North America','98124','USA');
INSERT INTO "Order" VALUES(10597,'PICCO',7,'2013-07-11','2013-08-08','2013-07-18',3,35.119999999999995665,'Piccolo und mehr','Geislweg 14','Salzburg','Western Europe','5020','Austria');
INSERT INTO "Order" VALUES(10598,'RATTC',1,'2013-07-14','2013-08-11','2013-07-18',3,44.420000000000001705,'Rattlesnake Canyon Grocery','2817 Milton Dr.','Albuquerque','North America','87110','USA');
INSERT INTO "Order" VALUES(10599,'BSBEV',6,'2013-07-15','2013-08-26','2013-07-21',3,29.980000000000002202,'B''s Beverages','Fauntleroy Circus','London','British Isles','EC2 5NT','UK');
INSERT INTO "Order" VALUES(10600,'HUNGC',4,'2013-07-16','2013-08-13','2013-07-21',1,45.129999999999999005,'Hungry Coyote Import Store','City Center Plaza 516 Main St.','Elgin','North America','97827','USA');
INSERT INTO "Order" VALUES(10601,'HILAA',7,'2013-07-16','2013-08-27','2013-07-22',1,58.30000000000000071,'HILARION-Abastos','Carrera 22 con Ave. Carlos Soublette #8-35','San Cristóbal','South America','5022','Venezuela');
INSERT INTO "Order" VALUES(10602,'VAFFE',8,'2013-07-17','2013-08-14','2013-07-22',2,2.9199999999999999289,'Vaffeljernet','Smagsloget 45','Århus','Northern Europe','8200','Denmark');
INSERT INTO "Order" VALUES(10603,'SAVEA',8,'2013-07-18','2013-08-15','2013-08-08',2,48.770000000000006679,'Save-a-lot Markets','187 Suffolk Ln.','Boise','North America','83720','USA');
INSERT INTO "Order" VALUES(10604,'FURIB',1,'2013-07-18','2013-08-15','2013-07-29',1,7.4599999999999999644,'Furia Bacalhau e Frutos do Mar','Jardim das rosas n. 32','Lisboa','Southern Europe','1675','Portugal');
INSERT INTO "Order" VALUES(10605,'MEREP',1,'2013-07-21','2013-08-18','2013-07-29',2,379.13000000000001143,'Mère Paillarde','43 rue St. Laurent','Montréal','North America','H1J 1C3','Canada');
INSERT INTO "Order" VALUES(10606,'TRADH',4,'2013-07-22','2013-08-19','2013-07-31',3,79.400000000000003907,'Tradiçao Hipermercados','Av. Inês de Castro, 414','Sao Paulo','South America','05634-030','Brazil');
INSERT INTO "Order" VALUES(10607,'SAVEA',5,'2013-07-22','2013-08-19','2013-07-25',1,200.24000000000001797,'Save-a-lot Markets','187 Suffolk Ln.','Boise','North America','83720','USA');
INSERT INTO "Order" VALUES(10608,'TOMSP',4,'2013-07-23','2013-08-20','2013-08-01',2,27.789999999999999147,'Toms Spezialitäten','Luisenstr. 48','Münster','Western Europe','44087','Germany');
INSERT INTO "Order" VALUES(10609,'DUMO',7,'2013-07-24','2013-08-21','2013-07-30',2,1.85,'Du monde entier','67, rue des Cinquante Otages','Nantes','Western Europe','44000','France');
INSERT INTO "Order" VALUES(10610,'LAMAI',8,'2013-07-25','2013-08-22','2013-08-06',1,26.77999999999999936,'La maison d''Asie','1 rue Alsace-Lorraine','Toulouse','Western Europe','31000','France');
INSERT INTO "Order" VALUES(10611,'WOLZA',6,'2013-07-25','2013-08-22','2013-08-01',2,80.650000000000012789,'Wolski Zajazd','ul. Filtrowa 68','Warszawa','Eastern Europe','01-012','Poland');
INSERT INTO "Order" VALUES(10612,'SAVEA',1,'2013-07-28','2013-08-25','2013-08-01',2,544.08000000000003026,'Save-a-lot Markets','187 Suffolk Ln.','Boise','North America','83720','USA');
INSERT INTO "Order" VALUES(10613,'HILAA',4,'2013-07-29','2013-08-26','2013-08-01',2,8.1099999999999994315,'HILARION-Abastos','Carrera 22 con Ave. Carlos Soublette #8-35','San Cristóbal','South America','5022','Venezuela');
INSERT INTO "Order" VALUES(10614,'BLAUS',8,'2013-07-29','2013-08-26','2013-08-01',3,1.9299999999999998934,'Blauer See Delikatessen','Forsterstr. 57','Mannheim','Western Europe','68306','Germany');
INSERT INTO "Order" VALUES(10615,'WILMK',2,'2013-07-30','2013-08-27','2013-08-06',3,0.75,'Wilman Kala','Keskuskatu 45','Helsinki','Scandinavia','21240','Finland');
INSERT INTO "Order" VALUES(10616,'GREAL',1,'2013-07-31','2013-08-28','2013-08-05',2,116.53000000000000024,'Great Lakes Food Market','2732 Baker Blvd.','Eugene','North America','97403','USA');
INSERT INTO "Order" VALUES(10617,'GREAL',4,'2013-07-31','2013-08-28','2013-08-04',2,18.530000000000001136,'Great Lakes Food Market','2732 Baker Blvd.','Eugene','North America','97403','USA');
INSERT INTO "Order" VALUES(10618,'MEREP',1,'2013-08-01','2013-09-12','2013-08-08',1,154.68000000000001747,'Mère Paillarde','43 rue St. Laurent','Montréal','North America','H1J 1C3','Canada');
INSERT INTO "Order" VALUES(10619,'MEREP',3,'2013-08-04','2013-09-01','2013-08-07',3,91.050000000000004263,'Mère Paillarde','43 rue St. Laurent','Montréal','North America','H1J 1C3','Canada');
INSERT INTO "Order" VALUES(10620,'LAUGB',2,'2013-08-05','2013-09-02','2013-08-14',3,0.93999999999999985789,'Laughing Bacchus Wine Cellars','2319 Elm St.','Vancouver','North America','V3F 2K1','Canada');
INSERT INTO "Order" VALUES(10621,'ISLAT',4,'2013-08-05','2013-09-02','2013-08-11',2,23.730000000000002202,'Island Trading','Garden House Crowther Way','Cowes','British Isles','PO31 7PJ','UK');
INSERT INTO "Order" VALUES(10622,'RICAR',4,'2013-08-06','2013-09-03','2013-08-11',3,50.96999999999999531,'Ricardo Adocicados','Av. Copacabana, 267','Rio de Janeiro','South America','02389-890','Brazil');
INSERT INTO "Order" VALUES(10623,'FRANK',8,'2013-08-07','2013-09-04','2013-08-12',2,97.179999999999999715,'Frankenversand','Berliner Platz 43','München','Western Europe','80805','Germany');
INSERT INTO "Order" VALUES(10624,'THECR',4,'2013-08-07','2013-09-04','2013-08-19',2,94.800000000000004263,'The Cracker Box','55 Grizzly Peak Rd.','Butte','North America','59801','USA');
INSERT INTO "Order" VALUES(10625,'ANATR',3,'2013-08-08','2013-09-05','2013-08-14',1,43.899999999999996802,'Ana Trujillo Emparedados y helados','Avda. de la Constitución 2222','México D.F.','Central America','05021','Mexico');
INSERT INTO "Order" VALUES(10626,'BERGS',1,'2013-08-11','2013-09-08','2013-08-20',2,138.69000000000000127,'Berglunds snabbköp','Berguvsvägen  8','Luleå','Northern Europe','S-958 22','Sweden');
INSERT INTO "Order" VALUES(10627,'SAVEA',8,'2013-08-11','2013-09-22','2013-08-21',3,107.45999999999999996,'Save-a-lot Markets','187 Suffolk Ln.','Boise','North America','83720','USA');
INSERT INTO "Order" VALUES(10628,'BLONP',4,'2013-08-12','2013-09-09','2013-08-20',3,30.360000000000000319,'Blondel père et fils','24, place Kléber','Strasbourg','Western Europe','67000','France');
INSERT INTO "Order" VALUES(10629,'GODOS',4,'2013-08-12','2013-09-09','2013-08-20',3,85.459999999999993747,'Godos Cocina Típica','C/ Romero, 33','Sevilla','Southern Europe','41101','Spain');
INSERT INTO "Order" VALUES(10630,'KOENE',1,'2013-08-13','2013-09-10','2013-08-19',2,32.350000000000003197,'Königlich Essen','Maubelstr. 90','Brandenburg','Western Europe','14776','Germany');
INSERT INTO "Order" VALUES(10631,'LAMAI',8,'2013-08-14','2013-09-11','2013-08-15',1,0.86999999999999992894,'La maison d''Asie','1 rue Alsace-Lorraine','Toulouse','Western Europe','31000','France');
INSERT INTO "Order" VALUES(10632,'WANDK',8,'2013-08-14','2013-09-11','2013-08-19',1,41.379999999999999005,'Die Wandernde Kuh','Adenauerallee 900','Stuttgart','Western Europe','70563','Germany');
INSERT INTO "Order" VALUES(10633,'ERNSH',7,'2013-08-15','2013-09-12','2013-08-18',3,477.89999999999999147,'Ernst Handel','Kirchgasse 6','Graz','Western Europe','8010','Austria');
INSERT INTO "Order" VALUES(10634,'FOLIG',4,'2013-08-15','2013-09-12','2013-08-21',3,487.38000000000001321,'Folies gourmandes','184, chaussée de Tournai','Lille','Western Europe','59000','France');
INSERT INTO "Order" VALUES(10635,'MAGAA',8,'2013-08-18','2013-09-15','2013-08-21',3,47.460000000000004405,'Magazzini Alimentari Riuniti','Via Ludovico il Moro 22','Bergamo','Southern Europe','24100','Italy');
INSERT INTO "Order" VALUES(10636,'WARTH',4,'2013-08-19','2013-09-16','2013-08-26',1,1.1499999999999999111,'Wartian Herkku','Torikatu 38','Oulu','Scandinavia','90110','Finland');
INSERT INTO "Order" VALUES(10637,'QUEE',6,'2013-08-19','2013-09-16','2013-08-26',1,201.29000000000001335,'Queen Cozinha','Alameda dos Canàrios, 891','Sao Paulo','South America','05487-020','Brazil');
INSERT INTO "Order" VALUES(10638,'LINOD',3,'2013-08-20','2013-09-17','2013-09-01',1,158.44000000000000305,'LINO-Delicateses','Ave. 5 de Mayo Porlamar','I. de Margarita','South America','4980','Venezuela');
INSERT INTO "Order" VALUES(10639,'SANTG',7,'2013-08-20','2013-09-17','2013-08-27',3,38.639999999999998792,'Santé Gourmet','Erling Skakkes gate 78','Stavern','Scandinavia','4110','Norway');
INSERT INTO "Order" VALUES(10640,'WANDK',4,'2013-08-21','2013-09-18','2013-08-28',1,23.549999999999999822,'Die Wandernde Kuh','Adenauerallee 900','Stuttgart','Western Europe','70563','Germany');
INSERT INTO "Order" VALUES(10641,'HILAA',4,'2013-08-22','2013-09-19','2013-08-26',2,179.61000000000000298,'HILARION-Abastos','Carrera 22 con Ave. Carlos Soublette #8-35','San Cristóbal','South America','5022','Venezuela');
INSERT INTO "Order" VALUES(10642,'SIMOB',7,'2013-08-22','2013-09-19','2013-09-05',3,41.890000000000000568,'Simons bistro','Vinbæltet 34','Kobenhavn','Northern Europe','1734','Denmark');
INSERT INTO "Order" VALUES(10643,'ALFKI',6,'2013-08-25','2013-09-22','2013-09-02',1,29.460000000000000852,'Alfreds Futterkiste','Obere Str. 57','Berlin','Western Europe','12209','Germany');
INSERT INTO "Order" VALUES(10644,'WELLI',3,'2013-08-25','2013-09-22','2013-09-01',2,0.14000000000000001776,'Wellington Importadora','Rua do Mercado, 12','Resende','South America','08737-363','Brazil');
INSERT INTO "Order" VALUES(10645,'HANAR',4,'2013-08-26','2013-09-23','2013-09-02',1,12.41000000000000103,'Hanari Carnes','Rua do Paço, 67','Rio de Janeiro','South America','05454-876','Brazil');
INSERT INTO "Order" VALUES(10646,'HUNGO',9,'2013-08-27','2013-10-08','2013-09-03',3,142.33000000000002316,'Hungry Owl All-Night Grocers','8 Johnstown Road','Cork','British Isles',NULL,'Ireland');
INSERT INTO "Order" VALUES(10647,'QUEDE',4,'2013-08-27','2013-09-10','2013-09-03',2,45.5400000000000027,'Que Delícia','Rua da Panificadora, 12','Rio de Janeiro','South America','02389-673','Brazil');
INSERT INTO "Order" VALUES(10648,'RICAR',5,'2013-08-28','2013-10-09','2013-09-09',2,14.25,'Ricardo Adocicados','Av. Copacabana, 267','Rio de Janeiro','South America','02389-890','Brazil');
INSERT INTO "Order" VALUES(10649,'MAISD',5,'2013-08-28','2013-09-25','2013-08-29',3,6.2000000000000001776,'Maison Dewey','Rue Joseph-Bens 532','Bruxelles','Western Europe','B-1180','Belgium');
INSERT INTO "Order" VALUES(10650,'FAMIA',5,'2013-08-29','2013-09-26','2013-09-03',3,176.81000000000000049,'Familia Arquibaldo','Rua Orós, 92','Sao Paulo','South America','05442-030','Brazil');
INSERT INTO "Order" VALUES(10651,'WANDK',8,'2013-09-01','2013-09-29','2013-09-11',2,20.600000000000000532,'Die Wandernde Kuh','Adenauerallee 900','Stuttgart','Western Europe','70563','Germany');
INSERT INTO "Order" VALUES(10652,'GOURL',4,'2013-09-01','2013-09-29','2013-09-08',2,7.1399999999999996802,'Gourmet Lanchonetes','Av. Brasil, 442','Campinas','South America','04876-786','Brazil');
INSERT INTO "Order" VALUES(10653,'FRANK',1,'2013-09-02','2013-09-30','2013-09-19',1,93.249999999999992894,'Frankenversand','Berliner Platz 43','München','Western Europe','80805','Germany');
INSERT INTO "Order" VALUES(10654,'BERGS',5,'2013-09-02','2013-09-30','2013-09-11',1,55.25999999999999801,'Berglunds snabbköp','Berguvsvägen  8','Luleå','Northern Europe','S-958 22','Sweden');
INSERT INTO "Order" VALUES(10655,'REGGC',1,'2013-09-03','2013-10-01','2013-09-11',2,4.4100000000000001421,'Reggiani Caseifici','Strada Provinciale 124','Reggio Emilia','Southern Europe','42100','Italy');
INSERT INTO "Order" VALUES(10656,'GREAL',6,'2013-09-04','2013-10-02','2013-09-10',1,57.149999999999998578,'Great Lakes Food Market','2732 Baker Blvd.','Eugene','North America','97403','USA');
INSERT INTO "Order" VALUES(10657,'SAVEA',2,'2013-09-04','2013-10-02','2013-09-15',2,352.68999999999999239,'Save-a-lot Markets','187 Suffolk Ln.','Boise','North America','83720','USA');
INSERT INTO "Order" VALUES(10658,'QUICK',4,'2013-09-05','2013-10-03','2013-09-08',1,364.1499999999999737,'QUICK-Stop','Taucherstraße 10','Cunewalde','Western Europe','01307','Germany');
INSERT INTO "Order" VALUES(10659,'QUEE',7,'2013-09-05','2013-10-03','2013-09-10',2,105.81000000000000405,'Queen Cozinha','Alameda dos Canàrios, 891','Sao Paulo','South America','05487-020','Brazil');
INSERT INTO "Order" VALUES(10660,'HUNGC',8,'2013-09-08','2013-10-06','2013-10-15',1,111.29000000000000003,'Hungry Coyote Import Store','City Center Plaza 516 Main St.','Elgin','North America','97827','USA');
INSERT INTO "Order" VALUES(10661,'HUNGO',7,'2013-09-09','2013-10-07','2013-09-15',3,17.55000000000000071,'Hungry Owl All-Night Grocers','8 Johnstown Road','Cork','British Isles',NULL,'Ireland');
INSERT INTO "Order" VALUES(10662,'LONEP',3,'2013-09-09','2013-10-07','2013-09-18',2,1.2800000000000000355,'Lonesome Pine Restaurant','89 Chiaroscuro Rd.','Portland','North America','97219','USA');
INSERT INTO "Order" VALUES(10663,'BONAP',2,'2013-09-10','2013-09-24','2013-10-03',2,113.14999999999999502,'Bon app''','12, rue des Bouchers','Marseille','Western Europe','13008','France');
INSERT INTO "Order" VALUES(10664,'FURIB',1,'2013-09-10','2013-10-08','2013-09-19',3,1.2700000000000000177,'Furia Bacalhau e Frutos do Mar','Jardim das rosas n. 32','Lisboa','Southern Europe','1675','Portugal');
INSERT INTO "Order" VALUES(10665,'LONEP',1,'2013-09-11','2013-10-09','2013-09-17',2,26.309999999999997832,'Lonesome Pine Restaurant','89 Chiaroscuro Rd.','Portland','North America','97219','USA');
INSERT INTO "Order" VALUES(10666,'RICSU',7,'2013-09-12','2013-10-10','2013-09-22',2,232.41999999999998216,'Richter Supermarkt','Starenweg 5','Genève','Western Europe','1204','Switzerland');
INSERT INTO "Order" VALUES(10667,'ERNSH',7,'2013-09-12','2013-10-10','2013-09-19',1,78.090000000000001634,'Ernst Handel','Kirchgasse 6','Graz','Western Europe','8010','Austria');
INSERT INTO "Order" VALUES(10668,'WANDK',1,'2013-09-15','2013-10-13','2013-09-23',2,47.21999999999999531,'Die Wandernde Kuh','Adenauerallee 900','Stuttgart','Western Europe','70563','Germany');
INSERT INTO "Order" VALUES(10669,'SIMOB',2,'2013-09-15','2013-10-13','2013-09-22',1,24.390000000000000568,'Simons bistro','Vinbæltet 34','Kobenhavn','Northern Europe','1734','Denmark');
INSERT INTO "Order" VALUES(10670,'FRANK',4,'2013-09-16','2013-10-14','2013-09-18',1,203.479999999999972,'Frankenversand','Berliner Platz 43','München','Western Europe','80805','Germany');
INSERT INTO "Order" VALUES(10671,'FRANR',1,'2013-09-17','2013-10-15','2013-09-24',1,30.339999999999998081,'France restauration','54, rue Royale','Nantes','Western Europe','44000','France');
INSERT INTO "Order" VALUES(10672,'BERGS',9,'2013-09-17','2013-10-01','2013-09-26',2,95.749999999999992894,'Berglunds snabbköp','Berguvsvägen  8','Luleå','Northern Europe','S-958 22','Sweden');
INSERT INTO "Order" VALUES(10673,'WILMK',2,'2013-09-18','2013-10-16','2013-09-19',1,22.760000000000002451,'Wilman Kala','Keskuskatu 45','Helsinki','Scandinavia','21240','Finland');
INSERT INTO "Order" VALUES(10674,'ISLAT',4,'2013-09-18','2013-10-16','2013-09-30',2,0.9,'Island Trading','Garden House Crowther Way','Cowes','British Isles','PO31 7PJ','UK');
INSERT INTO "Order" VALUES(10675,'FRANK',5,'2013-09-19','2013-10-17','2013-09-23',2,31.850000000000000532,'Frankenversand','Berliner Platz 43','München','Western Europe','80805','Germany');
INSERT INTO "Order" VALUES(10676,'TORTU',2,'2013-09-22','2013-10-20','2013-09-29',2,2.0099999999999997868,'Tortuga Restaurante','Avda. Azteca 123','México D.F.','Central America','05033','Mexico');
INSERT INTO "Order" VALUES(10677,'ANTO',1,'2013-09-22','2013-10-20','2013-09-26',3,4.0300000000000002486,'Antonio Moreno Taquería','Mataderos  2312','México D.F.','Central America','05023','Mexico');
INSERT INTO "Order" VALUES(10678,'SAVEA',7,'2013-09-23','2013-10-21','2013-10-16',3,388.98000000000001463,'Save-a-lot Markets','187 Suffolk Ln.','Boise','North America','83720','USA');
INSERT INTO "Order" VALUES(10679,'BLONP',8,'2013-09-23','2013-10-21','2013-09-30',3,27.94000000000000039,'Blondel père et fils','24, place Kléber','Strasbourg','Western Europe','67000','France');
INSERT INTO "Order" VALUES(10680,'OLDWO',1,'2013-09-24','2013-10-22','2013-09-26',1,26.610000000000000319,'Old World Delicatessen','2743 Bering St.','Anchorage','North America','99508','USA');
INSERT INTO "Order" VALUES(10681,'GREAL',3,'2013-09-25','2013-10-23','2013-09-30',3,76.129999999999995452,'Great Lakes Food Market','2732 Baker Blvd.','Eugene','North America','97403','USA');
INSERT INTO "Order" VALUES(10682,'ANTO',3,'2013-09-25','2013-10-23','2013-10-01',2,36.130000000000004334,'Antonio Moreno Taquería','Mataderos  2312','México D.F.','Central America','05023','Mexico');
INSERT INTO "Order" VALUES(10683,'DUMO',2,'2013-09-26','2013-10-24','2013-10-01',1,4.4000000000000003552,'Du monde entier','67, rue des Cinquante Otages','Nantes','Western Europe','44000','France');
INSERT INTO "Order" VALUES(10684,'OTTIK',3,'2013-09-26','2013-10-24','2013-09-30',1,145.62999999999998834,'Ottilies Käseladen','Mehrheimerstr. 369','Köln','Western Europe','50739','Germany');
INSERT INTO "Order" VALUES(10685,'GOURL',4,'2013-09-29','2013-10-13','2013-10-03',2,33.75,'Gourmet Lanchonetes','Av. Brasil, 442','Campinas','South America','04876-786','Brazil');
INSERT INTO "Order" VALUES(10686,'PICCO',2,'2013-09-30','2013-10-28','2013-10-08',1,96.500000000000003552,'Piccolo und mehr','Geislweg 14','Salzburg','Western Europe','5020','Austria');
INSERT INTO "Order" VALUES(10687,'HUNGO',9,'2013-09-30','2013-10-28','2013-10-30',2,296.43000000000000682,'Hungry Owl All-Night Grocers','8 Johnstown Road','Cork','British Isles',NULL,'Ireland');
INSERT INTO "Order" VALUES(10688,'VAFFE',4,'2013-10-01','2013-10-15','2013-10-07',2,299.08999999999998919,'Vaffeljernet','Smagsloget 45','Århus','Northern Europe','8200','Denmark');
INSERT INTO "Order" VALUES(10689,'BERGS',1,'2013-10-01','2013-10-29','2013-10-07',2,13.420000000000000817,'Berglunds snabbköp','Berguvsvägen  8','Luleå','Northern Europe','S-958 22','Sweden');
INSERT INTO "Order" VALUES(10690,'HANAR',1,'2013-10-02','2013-10-30','2013-10-03',1,15.80000000000000071,'Hanari Carnes','Rua do Paço, 67','Rio de Janeiro','South America','05454-876','Brazil');
INSERT INTO "Order" VALUES(10691,'QUICK',2,'2013-10-03','2013-11-14','2013-10-22',2,810.05000000000002557,'QUICK-Stop','Taucherstraße 10','Cunewalde','Western Europe','01307','Germany');
INSERT INTO "Order" VALUES(10692,'ALFKI',4,'2013-10-03','2013-10-31','2013-10-13',2,61.020000000000003126,'Alfred''s Futterkiste','Obere Str. 57','Berlin','Western Europe','12209','Germany');
INSERT INTO "Order" VALUES(10693,'WHITC',3,'2013-10-06','2013-10-20','2013-10-10',3,139.3399999999999963,'White Clover Markets','1029 - 12th Ave. S.','Seattle','North America','98124','USA');
INSERT INTO "Order" VALUES(10694,'QUICK',8,'2013-10-06','2013-11-03','2013-10-09',3,398.36000000000000298,'QUICK-Stop','Taucherstraße 10','Cunewalde','Western Europe','01307','Germany');
INSERT INTO "Order" VALUES(10695,'WILMK',7,'2013-10-07','2013-11-18','2013-10-14',1,16.719999999999998863,'Wilman Kala','Keskuskatu 45','Helsinki','Scandinavia','21240','Finland');
INSERT INTO "Order" VALUES(10696,'WHITC',8,'2013-10-08','2013-11-19','2013-10-14',3,102.55000000000000781,'White Clover Markets','1029 - 12th Ave. S.','Seattle','North America','98124','USA');
INSERT INTO "Order" VALUES(10697,'LINOD',3,'2013-10-08','2013-11-05','2013-10-14',1,45.520000000000004902,'LINO-Delicateses','Ave. 5 de Mayo Porlamar','I. de Margarita','South America','4980','Venezuela');
INSERT INTO "Order" VALUES(10698,'ERNSH',4,'2013-10-09','2013-11-06','2013-10-17',1,272.47000000000003439,'Ernst Handel','Kirchgasse 6','Graz','Western Europe','8010','Austria');
INSERT INTO "Order" VALUES(10699,'MORGK',3,'2013-10-09','2013-11-06','2013-10-13',3,0.57999999999999998223,'Morgenstern Gesundkost','Heerstr. 22','Leipzig','Western Europe','04179','Germany');
INSERT INTO "Order" VALUES(10700,'SAVEA',3,'2013-10-10','2013-11-07','2013-10-16',1,65.099999999999997868,'Save-a-lot Markets','187 Suffolk Ln.','Boise','North America','83720','USA');
INSERT INTO "Order" VALUES(10701,'HUNGO',6,'2013-10-13','2013-10-27','2013-10-15',3,220.31000000000000582,'Hungry Owl All-Night Grocers','8 Johnstown Road','Cork','British Isles',NULL,'Ireland');
INSERT INTO "Order" VALUES(10702,'ALFKI',4,'2013-10-13','2013-11-24','2013-10-21',1,23.940000000000001278,'Alfred''s Futterkiste','Obere Str. 57','Berlin','Western Europe','12209','Germany');
INSERT INTO "Order" VALUES(10703,'FOLKO',6,'2013-10-14','2013-11-11','2013-10-20',2,152.30000000000001314,'Folk och fä HB','Åkergatan 24','Bräcke','Northern Europe','S-844 67','Sweden');
INSERT INTO "Order" VALUES(10704,'QUEE',6,'2013-10-14','2013-11-11','2013-11-07',1,4.7800000000000002486,'Queen Cozinha','Alameda dos Canàrios, 891','Sao Paulo','South America','05487-020','Brazil');
INSERT INTO "Order" VALUES(10705,'HILAA',9,'2013-10-15','2013-11-12','2013-11-18',2,3.5200000000000000177,'HILARION-Abastos','Carrera 22 con Ave. Carlos Soublette #8-35','San Cristóbal','South America','5022','Venezuela');
INSERT INTO "Order" VALUES(10706,'OLDWO',8,'2013-10-16','2013-11-13','2013-10-21',3,135.63000000000000611,'Old World Delicatessen','2743 Bering St.','Anchorage','North America','99508','USA');
INSERT INTO "Order" VALUES(10707,'AROUT',4,'2013-10-16','2013-10-30','2013-10-23',3,21.739999999999999324,'Around the Horn','Brook Farm Stratford St. Mary','Colchester','British Isles','CO7 6JX','UK');
INSERT INTO "Order" VALUES(10708,'THEBI',6,'2013-10-17','2013-11-28','2013-11-05',2,2.9599999999999999644,'The Big Cheese','89 Jefferson Way Suite 2','Portland','North America','97201','USA');
INSERT INTO "Order" VALUES(10709,'GOURL',1,'2013-10-17','2013-11-14','2013-11-20',3,210.80000000000000959,'Gourmet Lanchonetes','Av. Brasil, 442','Campinas','South America','04876-786','Brazil');
INSERT INTO "Order" VALUES(10710,'FRANS',1,'2013-10-20','2013-11-17','2013-10-23',1,4.9800000000000004263,'Franchi S.p.A.','Via Monte Bianco 34','Torino','Southern Europe','10100','Italy');
INSERT INTO "Order" VALUES(10711,'SAVEA',5,'2013-10-21','2013-12-02','2013-10-29',2,52.409999999999996589,'Save-a-lot Markets','187 Suffolk Ln.','Boise','North America','83720','USA');
INSERT INTO "Order" VALUES(10712,'HUNGO',3,'2013-10-21','2013-11-18','2013-10-31',1,89.930000000000003268,'Hungry Owl All-Night Grocers','8 Johnstown Road','Cork','British Isles',NULL,'Ireland');
INSERT INTO "Order" VALUES(10713,'SAVEA',1,'2013-10-22','2013-11-19','2013-10-24',1,167.05000000000000959,'Save-a-lot Markets','187 Suffolk Ln.','Boise','North America','83720','USA');
INSERT INTO "Order" VALUES(10714,'SAVEA',5,'2013-10-22','2013-11-19','2013-10-27',3,24.489999999999998436,'Save-a-lot Markets','187 Suffolk Ln.','Boise','North America','83720','USA');
INSERT INTO "Order" VALUES(10715,'BONAP',3,'2013-10-23','2013-11-06','2013-10-29',1,63.200000000000002842,'Bon app''','12, rue des Bouchers','Marseille','Western Europe','13008','France');
INSERT INTO "Order" VALUES(10716,'RANCH',4,'2013-10-24','2013-11-21','2013-10-27',2,22.570000000000001172,'Rancho grande','Av. del Libertador 900','Buenos Aires','South America','1010','Argentina');
INSERT INTO "Order" VALUES(10717,'FRANK',1,'2013-10-24','2013-11-21','2013-10-29',2,59.249999999999998223,'Frankenversand','Berliner Platz 43','München','Western Europe','80805','Germany');
INSERT INTO "Order" VALUES(10718,'KOENE',1,'2013-10-27','2013-11-24','2013-10-29',3,170.87999999999999189,'Königlich Essen','Maubelstr. 90','Brandenburg','Western Europe','14776','Germany');
INSERT INTO "Order" VALUES(10719,'LETSS',8,'2013-10-27','2013-11-24','2013-11-05',2,51.440000000000001278,'Let''s Stop N Shop','87 Polk St. Suite 5','San Francisco','North America','94117','USA');
INSERT INTO "Order" VALUES(10720,'QUEDE',8,'2013-10-28','2013-11-11','2013-11-05',2,9.5299999999999993605,'Que Delícia','Rua da Panificadora, 12','Rio de Janeiro','South America','02389-673','Brazil');
INSERT INTO "Order" VALUES(10721,'QUICK',5,'2013-10-29','2013-11-26','2013-10-31',3,48.920000000000003481,'QUICK-Stop','Taucherstraße 10','Cunewalde','Western Europe','01307','Germany');
INSERT INTO "Order" VALUES(10722,'SAVEA',8,'2013-10-29','2013-12-10','2013-11-04',1,74.580000000000001847,'Save-a-lot Markets','187 Suffolk Ln.','Boise','North America','83720','USA');
INSERT INTO "Order" VALUES(10723,'WHITC',3,'2013-10-30','2013-11-27','2013-11-25',1,21.719999999999997086,'White Clover Markets','1029 - 12th Ave. S.','Seattle','North America','98124','USA');
INSERT INTO "Order" VALUES(10724,'MEREP',8,'2013-10-30','2013-12-11','2013-11-05',2,57.750000000000003552,'Mère Paillarde','43 rue St. Laurent','Montréal','North America','H1J 1C3','Canada');
INSERT INTO "Order" VALUES(10725,'FAMIA',4,'2013-10-31','2013-11-28','2013-11-05',3,10.829999999999999715,'Familia Arquibaldo','Rua Orós, 92','Sao Paulo','South America','05442-030','Brazil');
INSERT INTO "Order" VALUES(10726,'EASTC',4,'2013-11-03','2013-11-17','2013-12-05',1,16.559999999999998721,'Eastern Connection','35 King George','London','British Isles','WX3 6FW','UK');
INSERT INTO "Order" VALUES(10727,'REGGC',2,'2013-11-03','2013-12-01','2013-12-05',1,89.900000000000002131,'Reggiani Caseifici','Strada Provinciale 124','Reggio Emilia','Southern Europe','42100','Italy');
INSERT INTO "Order" VALUES(10728,'QUEE',4,'2013-11-04','2013-12-02','2013-11-11',2,58.330000000000001847,'Queen Cozinha','Alameda dos Canàrios, 891','Sao Paulo','South America','05487-020','Brazil');
INSERT INTO "Order" VALUES(10729,'LINOD',8,'2013-11-04','2013-12-16','2013-11-14',3,141.0600000000000076,'LINO-Delicateses','Ave. 5 de Mayo Porlamar','I. de Margarita','South America','4980','Venezuela');
INSERT INTO "Order" VALUES(10730,'BONAP',5,'2013-11-05','2013-12-03','2013-11-14',1,20.120000000000000106,'Bon app''','12, rue des Bouchers','Marseille','Western Europe','13008','France');
INSERT INTO "Order" VALUES(10731,'CHOPS',7,'2013-11-06','2013-12-04','2013-11-14',1,96.650000000000009237,'Chop-suey Chinese','Hauptstr. 31','Bern','Western Europe','3012','Switzerland');
INSERT INTO "Order" VALUES(10732,'BONAP',3,'2013-11-06','2013-12-04','2013-11-07',1,16.969999999999998863,'Bon app''','12, rue des Bouchers','Marseille','Western Europe','13008','France');
INSERT INTO "Order" VALUES(10733,'BERGS',1,'2013-11-07','2013-12-05','2013-11-10',3,110.10999999999999676,'Berglunds snabbköp','Berguvsvägen  8','Luleå','Northern Europe','S-958 22','Sweden');
INSERT INTO "Order" VALUES(10734,'GOURL',2,'2013-11-07','2013-12-05','2013-11-12',3,1.6299999999999998934,'Gourmet Lanchonetes','Av. Brasil, 442','Campinas','South America','04876-786','Brazil');
INSERT INTO "Order" VALUES(10735,'LETSS',6,'2013-11-10','2013-12-08','2013-11-21',2,45.96999999999999531,'Let''s Stop N Shop','87 Polk St. Suite 5','San Francisco','North America','94117','USA');
INSERT INTO "Order" VALUES(10736,'HUNGO',9,'2013-11-11','2013-12-09','2013-11-21',2,44.100000000000001421,'Hungry Owl All-Night Grocers','8 Johnstown Road','Cork','British Isles',NULL,'Ireland');
INSERT INTO "Order" VALUES(10737,'VINET',2,'2013-11-11','2013-12-09','2013-11-18',2,7.7900000000000000355,'Vins et alcools Chevalier','59 rue de l''Abbaye','Reims','Western Europe','51100','France');
INSERT INTO "Order" VALUES(10738,'SPECD',2,'2013-11-12','2013-12-10','2013-11-18',1,2.9100000000000001421,'Spécialités du monde','25, rue Lauriston','Paris','Western Europe','75016','France');
INSERT INTO "Order" VALUES(10739,'VINET',3,'2013-11-12','2013-12-10','2013-11-17',3,11.080000000000000959,'Vins et alcools Chevalier','59 rue de l''Abbaye','Reims','Western Europe','51100','France');
INSERT INTO "Order" VALUES(10740,'WHITC',4,'2013-11-13','2013-12-11','2013-11-25',2,81.879999999999988347,'White Clover Markets','1029 - 12th Ave. S.','Seattle','North America','98124','USA');
INSERT INTO "Order" VALUES(10741,'AROUT',4,'2013-11-14','2013-11-28','2013-11-18',3,10.960000000000000852,'Around the Horn','Brook Farm Stratford St. Mary','Colchester','British Isles','CO7 6JX','UK');
INSERT INTO "Order" VALUES(10742,'BOTTM',3,'2013-11-14','2013-12-12','2013-11-18',3,243.7300000000000022,'Bottom-Dollar Markets','23 Tsawassen Blvd.','Tsawassen','North America','T2F 8M4','Canada');
INSERT INTO "Order" VALUES(10743,'AROUT',1,'2013-11-17','2013-12-15','2013-11-21',2,23.719999999999998863,'Around the Horn','Brook Farm Stratford St. Mary','Colchester','British Isles','CO7 6JX','UK');
INSERT INTO "Order" VALUES(10744,'VAFFE',6,'2013-11-17','2013-12-15','2013-11-24',1,69.189999999999995949,'Vaffeljernet','Smagsloget 45','Århus','Northern Europe','8200','Denmark');
INSERT INTO "Order" VALUES(10745,'QUICK',9,'2013-11-18','2013-12-16','2013-11-27',1,3.5200000000000000177,'QUICK-Stop','Taucherstraße 10','Cunewalde','Western Europe','01307','Germany');
INSERT INTO "Order" VALUES(10746,'CHOPS',1,'2013-11-19','2013-12-17','2013-11-21',3,31.429999999999997939,'Chop-suey Chinese','Hauptstr. 31','Bern','Western Europe','3012','Switzerland');
INSERT INTO "Order" VALUES(10747,'PICCO',6,'2013-11-19','2013-12-17','2013-11-26',1,117.33000000000000095,'Piccolo und mehr','Geislweg 14','Salzburg','Western Europe','5020','Austria');
INSERT INTO "Order" VALUES(10748,'SAVEA',3,'2013-11-20','2013-12-18','2013-11-28',1,232.54999999999999005,'Save-a-lot Markets','187 Suffolk Ln.','Boise','North America','83720','USA');
INSERT INTO "Order" VALUES(10749,'ISLAT',4,'2013-11-20','2013-12-18','2013-12-19',2,61.530000000000004689,'Island Trading','Garden House Crowther Way','Cowes','British Isles','PO31 7PJ','UK');
INSERT INTO "Order" VALUES(10750,'WARTH',9,'2013-11-21','2013-12-19','2013-11-24',1,79.299999999999997157,'Wartian Herkku','Torikatu 38','Oulu','Scandinavia','90110','Finland');
INSERT INTO "Order" VALUES(10751,'RICSU',3,'2013-11-24','2013-12-22','2013-12-03',3,130.78999999999998404,'Richter Supermarkt','Starenweg 5','Genève','Western Europe','1204','Switzerland');
INSERT INTO "Order" VALUES(10752,'NORTS',2,'2013-11-24','2013-12-22','2013-11-28',3,1.3899999999999998934,'North/South','South House 300 Queensbridge','London','British Isles','SW7 1RZ','UK');
INSERT INTO "Order" VALUES(10753,'FRANS',3,'2013-11-25','2013-12-23','2013-11-27',1,7.7000000000000001776,'Franchi S.p.A.','Via Monte Bianco 34','Torino','Southern Europe','10100','Italy');
INSERT INTO "Order" VALUES(10754,'MAGAA',6,'2013-11-25','2013-12-23','2013-11-27',3,2.3799999999999998934,'Magazzini Alimentari Riuniti','Via Ludovico il Moro 22','Bergamo','Southern Europe','24100','Italy');
INSERT INTO "Order" VALUES(10755,'BONAP',4,'2013-11-26','2013-12-24','2013-11-28',2,16.710000000000000852,'Bon app''','12, rue des Bouchers','Marseille','Western Europe','13008','France');
INSERT INTO "Order" VALUES(10756,'SPLIR',8,'2013-11-27','2013-12-25','2013-12-02',2,73.209999999999997299,'Split Rail Beer & Ale','P.O. Box 555','Lander','North America','82520','USA');
INSERT INTO "Order" VALUES(10757,'SAVEA',6,'2013-11-27','2013-12-25','2013-12-15',1,8.1899999999999995026,'Save-a-lot Markets','187 Suffolk Ln.','Boise','North America','83720','USA');
INSERT INTO "Order" VALUES(10758,'RICSU',3,'2013-11-28','2013-12-26','2013-12-04',3,138.16999999999999282,'Richter Supermarkt','Starenweg 5','Genève','Western Europe','1204','Switzerland');
INSERT INTO "Order" VALUES(10759,'ANATR',3,'2013-11-28','2013-12-26','2013-12-12',3,11.990000000000000568,'Ana Trujillo Emparedados y helados','Avda. de la Constitución 2222','México D.F.','Central America','05021','Mexico');
INSERT INTO "Order" VALUES(10760,'MAISD',4,'2013-12-01','2013-12-29','2013-12-10',1,155.6399999999999828,'Maison Dewey','Rue Joseph-Bens 532','Bruxelles','Western Europe','B-1180','Belgium');
INSERT INTO "Order" VALUES(10761,'RATTC',5,'2013-12-02','2013-12-30','2013-12-08',2,18.660000000000000142,'Rattlesnake Canyon Grocery','2817 Milton Dr.','Albuquerque','North America','87110','USA');
INSERT INTO "Order" VALUES(10762,'FOLKO',3,'2013-12-02','2013-12-30','2013-12-09',1,328.73999999999998777,'Folk och fä HB','Åkergatan 24','Bräcke','Northern Europe','S-844 67','Sweden');
INSERT INTO "Order" VALUES(10763,'FOLIG',3,'2013-12-03','2013-12-31','2013-12-08',3,37.350000000000003197,'Folies gourmandes','184, chaussée de Tournai','Lille','Western Europe','59000','France');
INSERT INTO "Order" VALUES(10764,'ERNSH',6,'2013-12-03','2013-12-31','2013-12-08',3,145.4499999999999904,'Ernst Handel','Kirchgasse 6','Graz','Western Europe','8010','Austria');
INSERT INTO "Order" VALUES(10765,'QUICK',3,'2013-12-04','2014-01-01','2013-12-09',3,42.740000000000000213,'QUICK-Stop','Taucherstraße 10','Cunewalde','Western Europe','01307','Germany');
INSERT INTO "Order" VALUES(10766,'OTTIK',4,'2013-12-05','2014-01-02','2013-12-09',1,157.55000000000000781,'Ottilies Käseladen','Mehrheimerstr. 369','Köln','Western Europe','50739','Germany');
INSERT INTO "Order" VALUES(10767,'SUPRD',4,'2013-12-05','2014-01-02','2013-12-15',3,1.5900000000000000355,'Suprêmes délices','Boulevard Tirou, 255','Charleroi','Western Europe','B-6000','Belgium');
INSERT INTO "Order" VALUES(10768,'AROUT',3,'2013-12-08','2014-01-05','2013-12-15',2,146.31999999999997896,'Around the Horn','Brook Farm Stratford St. Mary','Colchester','British Isles','CO7 6JX','UK');
INSERT INTO "Order" VALUES(10769,'VAFFE',3,'2013-12-08','2014-01-05','2013-12-12',1,65.060000000000002273,'Vaffeljernet','Smagsloget 45','Århus','Northern Europe','8200','Denmark');
INSERT INTO "Order" VALUES(10770,'HANAR',8,'2013-12-09','2014-01-06','2013-12-17',3,5.3200000000000002842,'Hanari Carnes','Rua do Paço, 67','Rio de Janeiro','South America','05454-876','Brazil');
INSERT INTO "Order" VALUES(10771,'ERNSH',9,'2013-12-10','2014-01-07','2014-01-02',2,11.189999999999999946,'Ernst Handel','Kirchgasse 6','Graz','Western Europe','8010','Austria');
INSERT INTO "Order" VALUES(10772,'LEHMS',3,'2013-12-10','2014-01-07','2013-12-19',2,91.280000000000001136,'Lehmanns Marktstand','Magazinweg 7','Frankfurt a.M.','Western Europe','60528','Germany');
INSERT INTO "Order" VALUES(10773,'ERNSH',1,'2013-12-11','2014-01-08','2013-12-16',3,96.430000000000006821,'Ernst Handel','Kirchgasse 6','Graz','Western Europe','8010','Austria');
INSERT INTO "Order" VALUES(10774,'FOLKO',4,'2013-12-11','2013-12-25','2013-12-12',1,48.200000000000002842,'Folk och fä HB','Åkergatan 24','Bräcke','Northern Europe','S-844 67','Sweden');
INSERT INTO "Order" VALUES(10775,'THECR',7,'2013-12-12','2014-01-09','2013-12-26',1,20.249999999999999111,'The Cracker Box','55 Grizzly Peak Rd.','Butte','North America','59801','USA');
INSERT INTO "Order" VALUES(10776,'ERNSH',1,'2013-12-15','2014-01-12','2013-12-18',3,351.52999999999998692,'Ernst Handel','Kirchgasse 6','Graz','Western Europe','8010','Austria');
INSERT INTO "Order" VALUES(10777,'GOURL',7,'2013-12-15','2013-12-29','2014-01-21',2,3.0099999999999997868,'Gourmet Lanchonetes','Av. Brasil, 442','Campinas','South America','04876-786','Brazil');
INSERT INTO "Order" VALUES(10778,'BERGS',3,'2013-12-16','2014-01-13','2013-12-24',1,6.7900000000000000355,'Berglunds snabbköp','Berguvsvägen  8','Luleå','Northern Europe','S-958 22','Sweden');
INSERT INTO "Order" VALUES(10779,'MORGK',3,'2013-12-16','2014-01-13','2014-01-14',2,58.13000000000000611,'Morgenstern Gesundkost','Heerstr. 22','Leipzig','Western Europe','04179','Germany');
INSERT INTO "Order" VALUES(10780,'LILAS',2,'2013-12-16','2013-12-30','2013-12-25',1,42.130000000000000781,'LILA-Supermercado','Carrera 52 con Ave. Bolívar #65-98 Llano Largo','Barquisimeto','South America','3508','Venezuela');
INSERT INTO "Order" VALUES(10781,'WARTH',2,'2013-12-17','2014-01-14','2013-12-19',3,73.159999999999998365,'Wartian Herkku','Torikatu 38','Oulu','Scandinavia','90110','Finland');
INSERT INTO "Order" VALUES(10782,'CACTU',9,'2013-12-17','2014-01-14','2013-12-22',3,1.1000000000000000888,'Cactus Comidas para llevar','Cerrito 333','Buenos Aires','South America','1010','Argentina');
INSERT INTO "Order" VALUES(10783,'HANAR',4,'2013-12-18','2014-01-15','2013-12-19',2,124.9800000000000022,'Hanari Carnes','Rua do Paço, 67','Rio de Janeiro','South America','05454-876','Brazil');
INSERT INTO "Order" VALUES(10784,'MAGAA',4,'2013-12-18','2014-01-15','2013-12-22',3,70.09000000000000341,'Magazzini Alimentari Riuniti','Via Ludovico il Moro 22','Bergamo','Southern Europe','24100','Italy');
INSERT INTO "Order" VALUES(10785,'GROSR',1,'2013-12-18','2014-01-15','2013-12-24',3,1.5099999999999999644,'GROSELLA-Restaurante','5ª Ave. Los Palos Grandes','Caracas','South America','1081','Venezuela');
INSERT INTO "Order" VALUES(10786,'QUEE',8,'2013-12-19','2014-01-16','2013-12-23',1,110.87000000000000188,'Queen Cozinha','Alameda dos Canàrios, 891','Sao Paulo','South America','05487-020','Brazil');
INSERT INTO "Order" VALUES(10787,'LAMAI',2,'2013-12-19','2014-01-02','2013-12-26',1,249.9299999999999855,'La maison d''Asie','1 rue Alsace-Lorraine','Toulouse','Western Europe','31000','France');
INSERT INTO "Order" VALUES(10788,'QUICK',1,'2013-12-22','2014-01-19','2014-01-19',2,42.700000000000004618,'QUICK-Stop','Taucherstraße 10','Cunewalde','Western Europe','01307','Germany');
INSERT INTO "Order" VALUES(10789,'FOLIG',1,'2013-12-22','2014-01-19','2013-12-31',2,100.60000000000000053,'Folies gourmandes','184, chaussée de Tournai','Lille','Western Europe','59000','France');
INSERT INTO "Order" VALUES(10790,'GOURL',6,'2013-12-22','2014-01-19','2013-12-26',1,28.230000000000000426,'Gourmet Lanchonetes','Av. Brasil, 442','Campinas','South America','04876-786','Brazil');
INSERT INTO "Order" VALUES(10791,'FRANK',6,'2013-12-23','2014-01-20','2014-01-01',2,16.850000000000000532,'Frankenversand','Berliner Platz 43','München','Western Europe','80805','Germany');
INSERT INTO "Order" VALUES(10792,'WOLZA',1,'2013-12-23','2014-01-20','2013-12-31',3,23.790000000000000035,'Wolski Zajazd','ul. Filtrowa 68','Warszawa','Eastern Europe','01-012','Poland');
INSERT INTO "Order" VALUES(10793,'AROUT',3,'2013-12-24','2014-01-21','2014-01-08',3,4.5199999999999995736,'Around the Horn','Brook Farm Stratford St. Mary','Colchester','British Isles','CO7 6JX','UK');
INSERT INTO "Order" VALUES(10794,'QUEDE',6,'2013-12-24','2014-01-21','2014-01-02',1,21.490000000000000213,'Que Delícia','Rua da Panificadora, 12','Rio de Janeiro','South America','02389-673','Brazil');
INSERT INTO "Order" VALUES(10795,'ERNSH',8,'2013-12-24','2014-01-21','2014-01-20',2,126.65999999999999481,'Ernst Handel','Kirchgasse 6','Graz','Western Europe','8010','Austria');
INSERT INTO "Order" VALUES(10796,'HILAA',3,'2013-12-25','2014-01-22','2014-01-14',1,26.52000000000000135,'HILARION-Abastos','Carrera 22 con Ave. Carlos Soublette #8-35','San Cristóbal','South America','5022','Venezuela');
INSERT INTO "Order" VALUES(10797,'DRACD',7,'2013-12-25','2014-01-22','2014-01-05',2,33.349999999999999644,'Drachenblut Delikatessen','Walserweg 21','Aachen','Western Europe','52066','Germany');
INSERT INTO "Order" VALUES(10798,'ISLAT',2,'2013-12-26','2014-01-23','2014-01-05',1,2.330000000000000071,'Island Trading','Garden House Crowther Way','Cowes','British Isles','PO31 7PJ','UK');
INSERT INTO "Order" VALUES(10799,'KOENE',9,'2013-12-26','2014-02-06','2014-01-05',3,30.760000000000000675,'Königlich Essen','Maubelstr. 90','Brandenburg','Western Europe','14776','Germany');
INSERT INTO "Order" VALUES(10800,'SEVES',1,'2013-12-26','2014-01-23','2014-01-05',3,137.4400000000000066,'Seven Seas Imports','90 Wadhurst Rd.','London','British Isles','OX15 4NB','UK');
INSERT INTO "Order" VALUES(10801,'BOLID',4,'2013-12-29','2014-01-26','2013-12-31',2,97.089999999999996305,'Bólido Comidas preparadas','C/ Araquil, 67','Madrid','Southern Europe','28023','Spain');
INSERT INTO "Order" VALUES(10802,'SIMOB',4,'2013-12-29','2014-01-26','2014-01-02',2,257.25999999999999978,'Simons bistro','Vinbæltet 34','Kobenhavn','Northern Europe','1734','Denmark');
INSERT INTO "Order" VALUES(10803,'WELLI',4,'2013-12-30','2014-01-27','2014-01-06',1,55.229999999999996873,'Wellington Importadora','Rua do Mercado, 12','Resende','South America','08737-363','Brazil');
INSERT INTO "Order" VALUES(10804,'SEVES',6,'2013-12-30','2014-01-27','2014-01-07',2,27.329999999999996518,'Seven Seas Imports','90 Wadhurst Rd.','London','British Isles','OX15 4NB','UK');
INSERT INTO "Order" VALUES(10805,'THEBI',2,'2013-12-30','2014-01-27','2014-01-09',3,237.34000000000001762,'The Big Cheese','89 Jefferson Way Suite 2','Portland','North America','97201','USA');
INSERT INTO "Order" VALUES(10806,'VICTE',3,'2013-12-31','2014-01-28','2014-01-05',2,22.109999999999998543,'Victuailles en stock','2, rue du Commerce','Lyon','Western Europe','69004','France');
INSERT INTO "Order" VALUES(10807,'FRANS',4,'2013-12-31','2014-01-28','2014-01-30',1,1.3600000000000000976,'Franchi S.p.A.','Via Monte Bianco 34','Torino','Southern Europe','10100','Italy');
INSERT INTO "Order" VALUES(10808,'OLDWO',2,'2014-01-01','2014-01-29','2014-01-09',3,45.52999999999999936,'Old World Delicatessen','2743 Bering St.','Anchorage','North America','99508','USA');
INSERT INTO "Order" VALUES(10809,'WELLI',7,'2014-01-01','2014-01-29','2014-01-07',1,4.8700000000000001065,'Wellington Importadora','Rua do Mercado, 12','Resende','South America','08737-363','Brazil');
INSERT INTO "Order" VALUES(10810,'LAUGB',2,'2014-01-01','2014-01-29','2014-01-07',3,4.330000000000000071,'Laughing Bacchus Wine Cellars','2319 Elm St.','Vancouver','North America','V3F 2K1','Canada');
INSERT INTO "Order" VALUES(10811,'LINOD',8,'2014-01-02','2014-01-30','2014-01-08',1,31.219999999999998863,'LINO-Delicateses','Ave. 5 de Mayo Porlamar','I. de Margarita','South America','4980','Venezuela');
INSERT INTO "Order" VALUES(10812,'REGGC',5,'2014-01-02','2014-01-30','2014-01-12',1,59.779999999999997584,'Reggiani Caseifici','Strada Provinciale 124','Reggio Emilia','Southern Europe','42100','Italy');
INSERT INTO "Order" VALUES(10813,'RICAR',1,'2014-01-05','2014-02-02','2014-01-09',1,47.380000000000004334,'Ricardo Adocicados','Av. Copacabana, 267','Rio de Janeiro','South America','02389-890','Brazil');
INSERT INTO "Order" VALUES(10814,'VICTE',3,'2014-01-05','2014-02-02','2014-01-14',3,130.93999999999998973,'Victuailles en stock','2, rue du Commerce','Lyon','Western Europe','69004','France');
INSERT INTO "Order" VALUES(10815,'SAVEA',2,'2014-01-05','2014-02-02','2014-01-14',3,14.619999999999999218,'Save-a-lot Markets','187 Suffolk Ln.','Boise','North America','83720','USA');
INSERT INTO "Order" VALUES(10816,'GREAL',4,'2014-01-06','2014-02-03','2014-02-04',2,719.77999999999999758,'Great Lakes Food Market','2732 Baker Blvd.','Eugene','North America','97403','USA');
INSERT INTO "Order" VALUES(10817,'KOENE',3,'2014-01-06','2014-01-20','2014-01-13',2,306.06999999999997541,'Königlich Essen','Maubelstr. 90','Brandenburg','Western Europe','14776','Germany');
INSERT INTO "Order" VALUES(10818,'MAGAA',7,'2014-01-07','2014-02-04','2014-01-12',3,65.480000000000000426,'Magazzini Alimentari Riuniti','Via Ludovico il Moro 22','Bergamo','Southern Europe','24100','Italy');
INSERT INTO "Order" VALUES(10819,'CACTU',2,'2014-01-07','2014-02-04','2014-01-16',3,19.760000000000001563,'Cactus Comidas para llevar','Cerrito 333','Buenos Aires','South America','1010','Argentina');
INSERT INTO "Order" VALUES(10820,'RATTC',3,'2014-01-07','2014-02-04','2014-01-13',2,37.520000000000002238,'Rattlesnake Canyon Grocery','2817 Milton Dr.','Albuquerque','North America','87110','USA');
INSERT INTO "Order" VALUES(10821,'SPLIR',1,'2014-01-08','2014-02-05','2014-01-15',1,36.680000000000001492,'Split Rail Beer & Ale','P.O. Box 555','Lander','North America','82520','USA');
INSERT INTO "Order" VALUES(10822,'TRAIH',6,'2014-01-08','2014-02-05','2014-01-16',3,7,'Trail''s Head Gourmet Provisioners','722 DaVinci Blvd.','Kirkland','North America','98034','USA');
INSERT INTO "Order" VALUES(10823,'LILAS',5,'2014-01-09','2014-02-06','2014-01-13',2,163.96999999999999353,'LILA-Supermercado','Carrera 52 con Ave. Bolívar #65-98 Llano Largo','Barquisimeto','South America','3508','Venezuela');
INSERT INTO "Order" VALUES(10824,'FOLKO',8,'2014-01-09','2014-02-06','2014-01-30',1,1.2299999999999999822,'Folk och fä HB','Åkergatan 24','Bräcke','Northern Europe','S-844 67','Sweden');
INSERT INTO "Order" VALUES(10825,'DRACD',1,'2014-01-09','2014-02-06','2014-01-14',1,79.249999999999998223,'Drachenblut Delikatessen','Walserweg 21','Aachen','Western Europe','52066','Germany');
INSERT INTO "Order" VALUES(10826,'BLONP',6,'2014-01-12','2014-02-09','2014-02-06',1,7.0899999999999998578,'Blondel père et fils','24, place Kléber','Strasbourg','Western Europe','67000','France');
INSERT INTO "Order" VALUES(10827,'BONAP',1,'2014-01-12','2014-01-26','2014-02-06',2,63.540000000000000923,'Bon app''','12, rue des Bouchers','Marseille','Western Europe','13008','France');
INSERT INTO "Order" VALUES(10828,'RANCH',9,'2014-01-13','2014-01-27','2014-02-04',1,90.849999999999990762,'Rancho grande','Av. del Libertador 900','Buenos Aires','South America','1010','Argentina');
INSERT INTO "Order" VALUES(10829,'ISLAT',9,'2014-01-13','2014-02-10','2014-01-23',1,154.71999999999999531,'Island Trading','Garden House Crowther Way','Cowes','British Isles','PO31 7PJ','UK');
INSERT INTO "Order" VALUES(10830,'TRADH',4,'2014-01-13','2014-02-24','2014-01-21',2,81.829999999999998294,'Tradiçao Hipermercados','Av. Inês de Castro, 414','Sao Paulo','South America','05634-030','Brazil');
INSERT INTO "Order" VALUES(10831,'SANTG',3,'2014-01-14','2014-02-11','2014-01-23',2,72.189999999999994173,'Santé Gourmet','Erling Skakkes gate 78','Stavern','Scandinavia','4110','Norway');
INSERT INTO "Order" VALUES(10832,'LAMAI',2,'2014-01-14','2014-02-11','2014-01-19',2,43.259999999999996234,'La maison d''Asie','1 rue Alsace-Lorraine','Toulouse','Western Europe','31000','France');
INSERT INTO "Order" VALUES(10833,'OTTIK',6,'2014-01-15','2014-02-12','2014-01-23',2,71.489999999999991331,'Ottilies Käseladen','Mehrheimerstr. 369','Köln','Western Europe','50739','Germany');
INSERT INTO "Order" VALUES(10834,'TRADH',1,'2014-01-15','2014-02-12','2014-01-19',3,29.780000000000001136,'Tradiçao Hipermercados','Av. Inês de Castro, 414','Sao Paulo','South America','05634-030','Brazil');
INSERT INTO "Order" VALUES(10835,'ALFKI',1,'2014-01-15','2014-02-12','2014-01-21',3,69.530000000000002913,'Alfred''s Futterkiste','Obere Str. 57','Berlin','Western Europe','12209','Germany');
INSERT INTO "Order" VALUES(10836,'ERNSH',7,'2014-01-16','2014-02-13','2014-01-21',1,411.88000000000002387,'Ernst Handel','Kirchgasse 6','Graz','Western Europe','8010','Austria');
INSERT INTO "Order" VALUES(10837,'BERGS',9,'2014-01-16','2014-02-13','2014-01-23',3,13.320000000000000728,'Berglunds snabbköp','Berguvsvägen  8','Luleå','Northern Europe','S-958 22','Sweden');
INSERT INTO "Order" VALUES(10838,'LINOD',3,'2014-01-19','2014-02-16','2014-01-23',3,59.27999999999999936,'LINO-Delicateses','Ave. 5 de Mayo Porlamar','I. de Margarita','South America','4980','Venezuela');
INSERT INTO "Order" VALUES(10839,'TRADH',3,'2014-01-19','2014-02-16','2014-01-22',3,35.430000000000001492,'Tradiçao Hipermercados','Av. Inês de Castro, 414','Sao Paulo','South America','05634-030','Brazil');
INSERT INTO "Order" VALUES(10840,'LINOD',4,'2014-01-19','2014-03-02','2014-02-16',2,2.7099999999999999644,'LINO-Delicateses','Ave. 5 de Mayo Porlamar','I. de Margarita','South America','4980','Venezuela');
INSERT INTO "Order" VALUES(10841,'SUPRD',5,'2014-01-20','2014-02-17','2014-01-29',2,424.30000000000003268,'Suprêmes délices','Boulevard Tirou, 255','Charleroi','Western Europe','B-6000','Belgium');
INSERT INTO "Order" VALUES(10842,'TORTU',1,'2014-01-20','2014-02-17','2014-01-29',3,54.420000000000001705,'Tortuga Restaurante','Avda. Azteca 123','México D.F.','Central America','05033','Mexico');
INSERT INTO "Order" VALUES(10843,'VICTE',4,'2014-01-21','2014-02-18','2014-01-26',2,9.2599999999999997868,'Victuailles en stock','2, rue du Commerce','Lyon','Western Europe','69004','France');
INSERT INTO "Order" VALUES(10844,'PICCO',8,'2014-01-21','2014-02-18','2014-01-26',2,25.219999999999997974,'Piccolo und mehr','Geislweg 14','Salzburg','Western Europe','5020','Austria');
INSERT INTO "Order" VALUES(10845,'QUICK',8,'2014-01-21','2014-02-04','2014-01-30',1,212.97999999999999154,'QUICK-Stop','Taucherstraße 10','Cunewalde','Western Europe','01307','Germany');
INSERT INTO "Order" VALUES(10846,'SUPRD',2,'2014-01-22','2014-03-05','2014-01-23',3,56.459999999999999076,'Suprêmes délices','Boulevard Tirou, 255','Charleroi','Western Europe','B-6000','Belgium');
INSERT INTO "Order" VALUES(10847,'SAVEA',4,'2014-01-22','2014-02-05','2014-02-10',3,487.57000000000001449,'Save-a-lot Markets','187 Suffolk Ln.','Boise','North America','83720','USA');
INSERT INTO "Order" VALUES(10848,'CONSH',7,'2014-01-23','2014-02-20','2014-01-29',2,38.240000000000001989,'Consolidated Holdings','Berkeley Gardens 12  Brewery','London','British Isles','WX1 6LT','UK');
INSERT INTO "Order" VALUES(10849,'KOENE',9,'2014-01-23','2014-02-20','2014-01-30',2,0.56000000000000005329,'Königlich Essen','Maubelstr. 90','Brandenburg','Western Europe','14776','Germany');
INSERT INTO "Order" VALUES(10850,'VICTE',1,'2014-01-23','2014-03-06','2014-01-30',1,49.189999999999995949,'Victuailles en stock','2, rue du Commerce','Lyon','Western Europe','69004','France');
INSERT INTO "Order" VALUES(10851,'RICAR',5,'2014-01-26','2014-02-23','2014-02-02',1,160.55000000000001492,'Ricardo Adocicados','Av. Copacabana, 267','Rio de Janeiro','South America','02389-890','Brazil');
INSERT INTO "Order" VALUES(10852,'RATTC',8,'2014-01-26','2014-02-09','2014-01-30',1,174.05000000000001136,'Rattlesnake Canyon Grocery','2817 Milton Dr.','Albuquerque','North America','87110','USA');
INSERT INTO "Order" VALUES(10853,'BLAUS',9,'2014-01-27','2014-02-24','2014-02-03',2,53.830000000000000071,'Blauer See Delikatessen','Forsterstr. 57','Mannheim','Western Europe','68306','Germany');
INSERT INTO "Order" VALUES(10854,'ERNSH',3,'2014-01-27','2014-02-24','2014-02-05',2,100.21999999999999797,'Ernst Handel','Kirchgasse 6','Graz','Western Europe','8010','Austria');
INSERT INTO "Order" VALUES(10855,'OLDWO',3,'2014-01-27','2014-02-24','2014-02-04',1,170.96999999999999531,'Old World Delicatessen','2743 Bering St.','Anchorage','North America','99508','USA');
INSERT INTO "Order" VALUES(10856,'ANTO',3,'2014-01-28','2014-02-25','2014-02-10',2,58.429999999999999715,'Antonio Moreno Taquería','Mataderos  2312','México D.F.','Central America','05023','Mexico');
INSERT INTO "Order" VALUES(10857,'BERGS',8,'2014-01-28','2014-02-25','2014-02-06',2,188.8499999999999801,'Berglunds snabbköp','Berguvsvägen  8','Luleå','Northern Europe','S-958 22','Sweden');
INSERT INTO "Order" VALUES(10858,'LACOR',2,'2014-01-29','2014-02-26','2014-02-03',1,52.509999999999994457,'La corne d''abondance','67, avenue de l''Europe','Versailles','Western Europe','78000','France');
INSERT INTO "Order" VALUES(10859,'FRANK',1,'2014-01-29','2014-02-26','2014-02-02',2,76.099999999999994315,'Frankenversand','Berliner Platz 43','München','Western Europe','80805','Germany');
INSERT INTO "Order" VALUES(10860,'FRANR',3,'2014-01-29','2014-02-26','2014-02-04',3,19.260000000000001563,'France restauration','54, rue Royale','Nantes','Western Europe','44000','France');
INSERT INTO "Order" VALUES(10861,'WHITC',4,'2014-01-30','2014-02-27','2014-02-17',2,14.929999999999998827,'White Clover Markets','1029 - 12th Ave. S.','Seattle','North America','98124','USA');
INSERT INTO "Order" VALUES(10862,'LEHMS',8,'2014-01-30','2014-03-13','2014-02-02',2,53.229999999999995097,'Lehmanns Marktstand','Magazinweg 7','Frankfurt a.M.','Western Europe','60528','Germany');
INSERT INTO "Order" VALUES(10863,'HILAA',4,'2014-02-02','2014-03-02','2014-02-17',2,30.260000000000002451,'HILARION-Abastos','Carrera 22 con Ave. Carlos Soublette #8-35','San Cristóbal','South America','5022','Venezuela');
INSERT INTO "Order" VALUES(10864,'AROUT',4,'2014-02-02','2014-03-02','2014-02-09',2,3.0400000000000000355,'Around the Horn','Brook Farm Stratford St. Mary','Colchester','British Isles','CO7 6JX','UK');
INSERT INTO "Order" VALUES(10865,'QUICK',2,'2014-02-02','2014-02-16','2014-02-12',1,348.1399999999999828,'QUICK-Stop','Taucherstraße 10','Cunewalde','Western Europe','01307','Germany');
INSERT INTO "Order" VALUES(10866,'BERGS',5,'2014-02-03','2014-03-03','2014-02-12',1,109.10999999999999587,'Berglunds snabbköp','Berguvsvägen  8','Luleå','Northern Europe','S-958 22','Sweden');
INSERT INTO "Order" VALUES(10867,'LONEP',6,'2014-02-03','2014-03-17','2014-02-11',1,1.9299999999999998934,'Lonesome Pine Restaurant','89 Chiaroscuro Rd.','Portland','North America','97219','USA');
INSERT INTO "Order" VALUES(10868,'QUEE',7,'2014-02-04','2014-03-04','2014-02-23',2,191.27000000000000667,'Queen Cozinha','Alameda dos Canàrios, 891','Sao Paulo','South America','05487-020','Brazil');
INSERT INTO "Order" VALUES(10869,'SEVES',5,'2014-02-04','2014-03-04','2014-02-09',1,143.28000000000001179,'Seven Seas Imports','90 Wadhurst Rd.','London','British Isles','OX15 4NB','UK');
INSERT INTO "Order" VALUES(10870,'WOLZA',5,'2014-02-04','2014-03-04','2014-02-13',3,12.039999999999999591,'Wolski Zajazd','ul. Filtrowa 68','Warszawa','Eastern Europe','01-012','Poland');
INSERT INTO "Order" VALUES(10871,'BONAP',9,'2014-02-05','2014-03-05','2014-02-10',2,112.27000000000000312,'Bon app''','12, rue des Bouchers','Marseille','Western Europe','13008','France');
INSERT INTO "Order" VALUES(10872,'GODOS',5,'2014-02-05','2014-03-05','2014-02-09',2,175.31999999999998252,'Godos Cocina Típica','C/ Romero, 33','Sevilla','Southern Europe','41101','Spain');
INSERT INTO "Order" VALUES(10873,'WILMK',4,'2014-02-06','2014-03-06','2014-02-09',1,0.81999999999999992894,'Wilman Kala','Keskuskatu 45','Helsinki','Scandinavia','21240','Finland');
INSERT INTO "Order" VALUES(10874,'GODOS',5,'2014-02-06','2014-03-06','2014-02-11',2,19.579999999999998294,'Godos Cocina Típica','C/ Romero, 33','Sevilla','Southern Europe','41101','Spain');
INSERT INTO "Order" VALUES(10875,'BERGS',4,'2014-02-06','2014-03-06','2014-03-03',2,32.369999999999996553,'Berglunds snabbköp','Berguvsvägen  8','Luleå','Northern Europe','S-958 22','Sweden');
INSERT INTO "Order" VALUES(10876,'BONAP',7,'2014-02-09','2014-03-09','2014-02-12',3,60.419999999999998152,'Bon app''','12, rue des Bouchers','Marseille','Western Europe','13008','France');
INSERT INTO "Order" VALUES(10877,'RICAR',1,'2014-02-09','2014-03-09','2014-02-19',1,38.060000000000000497,'Ricardo Adocicados','Av. Copacabana, 267','Rio de Janeiro','South America','02389-890','Brazil');
INSERT INTO "Order" VALUES(10878,'QUICK',4,'2014-02-10','2014-03-10','2014-02-12',1,46.689999999999995949,'QUICK-Stop','Taucherstraße 10','Cunewalde','Western Europe','01307','Germany');
INSERT INTO "Order" VALUES(10879,'WILMK',3,'2014-02-10','2014-03-10','2014-02-12',3,8.5,'Wilman Kala','Keskuskatu 45','Helsinki','Scandinavia','21240','Finland');
INSERT INTO "Order" VALUES(10880,'FOLKO',7,'2014-02-10','2014-03-24','2014-02-18',1,88.010000000000001563,'Folk och fä HB','Åkergatan 24','Bräcke','Northern Europe','S-844 67','Sweden');
INSERT INTO "Order" VALUES(10881,'CACTU',4,'2014-02-11','2014-03-11','2014-02-18',1,2.8399999999999998578,'Cactus Comidas para llevar','Cerrito 333','Buenos Aires','South America','1010','Argentina');
INSERT INTO "Order" VALUES(10882,'SAVEA',4,'2014-02-11','2014-03-11','2014-02-20',3,23.100000000000000532,'Save-a-lot Markets','187 Suffolk Ln.','Boise','North America','83720','USA');
INSERT INTO "Order" VALUES(10883,'LONEP',8,'2014-02-12','2014-03-12','2014-02-20',3,0.53000000000000007105,'Lonesome Pine Restaurant','89 Chiaroscuro Rd.','Portland','North America','97219','USA');
INSERT INTO "Order" VALUES(10884,'LETSS',4,'2014-02-12','2014-03-12','2014-02-13',2,90.96999999999999531,'Let''s Stop N Shop','87 Polk St. Suite 5','San Francisco','North America','94117','USA');
INSERT INTO "Order" VALUES(10885,'SUPRD',6,'2014-02-12','2014-03-12','2014-02-18',3,5.6399999999999996802,'Suprêmes délices','Boulevard Tirou, 255','Charleroi','Western Europe','B-6000','Belgium');
INSERT INTO "Order" VALUES(10886,'HANAR',1,'2014-02-13','2014-03-13','2014-03-02',1,4.9900000000000002131,'Hanari Carnes','Rua do Paço, 67','Rio de Janeiro','South America','05454-876','Brazil');
INSERT INTO "Order" VALUES(10887,'GALED',8,'2014-02-13','2014-03-13','2014-02-16',3,1.25,'Galería del gastronómo','Rambla de Cataluña, 23','Barcelona','Southern Europe','8022','Spain');
INSERT INTO "Order" VALUES(10888,'GODOS',1,'2014-02-16','2014-03-16','2014-02-23',2,51.869999999999993889,'Godos Cocina Típica','C/ Romero, 33','Sevilla','Southern Europe','41101','Spain');
INSERT INTO "Order" VALUES(10889,'RATTC',9,'2014-02-16','2014-03-16','2014-02-23',3,280.61000000000003495,'Rattlesnake Canyon Grocery','2817 Milton Dr.','Albuquerque','North America','87110','USA');
INSERT INTO "Order" VALUES(10890,'DUMO',7,'2014-02-16','2014-03-16','2014-02-18',1,32.75999999999999801,'Du monde entier','67, rue des Cinquante Otages','Nantes','Western Europe','44000','France');
INSERT INTO "Order" VALUES(10891,'LEHMS',7,'2014-02-17','2014-03-17','2014-02-19',2,20.369999999999999218,'Lehmanns Marktstand','Magazinweg 7','Frankfurt a.M.','Western Europe','60528','Germany');
INSERT INTO "Order" VALUES(10892,'MAISD',4,'2014-02-17','2014-03-17','2014-02-19',2,120.26999999999998802,'Maison Dewey','Rue Joseph-Bens 532','Bruxelles','Western Europe','B-1180','Belgium');
INSERT INTO "Order" VALUES(10893,'KOENE',9,'2014-02-18','2014-03-18','2014-02-20',2,77.780000000000004689,'Königlich Essen','Maubelstr. 90','Brandenburg','Western Europe','14776','Germany');
INSERT INTO "Order" VALUES(10894,'SAVEA',1,'2014-02-18','2014-03-18','2014-02-20',1,116.12999999999999989,'Save-a-lot Markets','187 Suffolk Ln.','Boise','North America','83720','USA');
INSERT INTO "Order" VALUES(10895,'ERNSH',3,'2014-02-18','2014-03-18','2014-02-23',1,162.74999999999999467,'Ernst Handel','Kirchgasse 6','Graz','Western Europe','8010','Austria');
INSERT INTO "Order" VALUES(10896,'MAISD',7,'2014-02-19','2014-03-19','2014-02-27',3,32.450000000000001065,'Maison Dewey','Rue Joseph-Bens 532','Bruxelles','Western Europe','B-1180','Belgium');
INSERT INTO "Order" VALUES(10897,'HUNGO',3,'2014-02-19','2014-03-19','2014-02-25',2,603.53999999999992098,'Hungry Owl All-Night Grocers','8 Johnstown Road','Cork','British Isles',NULL,'Ireland');
INSERT INTO "Order" VALUES(10898,'OCEA',4,'2014-02-20','2014-03-20','2014-03-06',2,1.2700000000000000177,'Océano Atlántico Ltda.','Ing. Gustavo Moncada 8585 Piso 20-A','Buenos Aires','South America','1010','Argentina');
INSERT INTO "Order" VALUES(10899,'LILAS',5,'2014-02-20','2014-03-20','2014-02-26',3,1.2099999999999999644,'LILA-Supermercado','Carrera 52 con Ave. Bolívar #65-98 Llano Largo','Barquisimeto','South America','3508','Venezuela');
INSERT INTO "Order" VALUES(10900,'WELLI',1,'2014-02-20','2014-03-20','2014-03-04',2,1.6599999999999999644,'Wellington Importadora','Rua do Mercado, 12','Resende','South America','08737-363','Brazil');
INSERT INTO "Order" VALUES(10901,'HILAA',4,'2014-02-23','2014-03-23','2014-02-26',1,62.090000000000005186,'HILARION-Abastos','Carrera 22 con Ave. Carlos Soublette #8-35','San Cristóbal','South America','5022','Venezuela');
INSERT INTO "Order" VALUES(10902,'FOLKO',1,'2014-02-23','2014-03-23','2014-03-03',1,44.150000000000000355,'Folk och fä HB','Åkergatan 24','Bräcke','Northern Europe','S-844 67','Sweden');
INSERT INTO "Order" VALUES(10903,'HANAR',3,'2014-02-24','2014-03-24','2014-03-04',3,36.710000000000002629,'Hanari Carnes','Rua do Paço, 67','Rio de Janeiro','South America','05454-876','Brazil');
INSERT INTO "Order" VALUES(10904,'WHITC',3,'2014-02-24','2014-03-24','2014-02-27',3,162.94999999999999928,'White Clover Markets','1029 - 12th Ave. S.','Seattle','North America','98124','USA');
INSERT INTO "Order" VALUES(10905,'WELLI',9,'2014-02-24','2014-03-24','2014-03-06',2,13.720000000000001083,'Wellington Importadora','Rua do Mercado, 12','Resende','South America','08737-363','Brazil');
INSERT INTO "Order" VALUES(10906,'WOLZA',4,'2014-02-25','2014-03-11','2014-03-03',3,26.290000000000000035,'Wolski Zajazd','ul. Filtrowa 68','Warszawa','Eastern Europe','01-012','Poland');
INSERT INTO "Order" VALUES(10907,'SPECD',6,'2014-02-25','2014-03-25','2014-02-27',3,9.1899999999999995026,'Spécialités du monde','25, rue Lauriston','Paris','Western Europe','75016','France');
INSERT INTO "Order" VALUES(10908,'REGGC',4,'2014-02-26','2014-03-26','2014-03-06',2,32.960000000000002629,'Reggiani Caseifici','Strada Provinciale 124','Reggio Emilia','Southern Europe','42100','Italy');
INSERT INTO "Order" VALUES(10909,'SANTG',1,'2014-02-26','2014-03-26','2014-03-10',2,53.049999999999997157,'Santé Gourmet','Erling Skakkes gate 78','Stavern','Scandinavia','4110','Norway');
INSERT INTO "Order" VALUES(10910,'WILMK',1,'2014-02-26','2014-03-26','2014-03-04',3,38.109999999999999431,'Wilman Kala','Keskuskatu 45','Helsinki','Scandinavia','21240','Finland');
INSERT INTO "Order" VALUES(10911,'GODOS',3,'2014-02-26','2014-03-26','2014-03-05',1,38.189999999999999502,'Godos Cocina Típica','C/ Romero, 33','Sevilla','Southern Europe','41101','Spain');
INSERT INTO "Order" VALUES(10912,'HUNGO',2,'2014-02-26','2014-03-26','2014-03-18',2,580.90999999999999303,'Hungry Owl All-Night Grocers','8 Johnstown Road','Cork','British Isles',NULL,'Ireland');
INSERT INTO "Order" VALUES(10913,'QUEE',4,'2014-02-26','2014-03-26','2014-03-04',1,33.049999999999997157,'Queen Cozinha','Alameda dos Canàrios, 891','Sao Paulo','South America','05487-020','Brazil');
INSERT INTO "Order" VALUES(10914,'QUEE',6,'2014-02-27','2014-03-27','2014-03-02',1,21.190000000000002167,'Queen Cozinha','Alameda dos Canàrios, 891','Sao Paulo','South America','05487-020','Brazil');
INSERT INTO "Order" VALUES(10915,'TORTU',2,'2014-02-27','2014-03-27','2014-03-02',2,3.5099999999999997868,'Tortuga Restaurante','Avda. Azteca 123','México D.F.','Central America','05033','Mexico');
INSERT INTO "Order" VALUES(10916,'RANCH',1,'2014-02-27','2014-03-27','2014-03-09',2,63.770000000000006679,'Rancho grande','Av. del Libertador 900','Buenos Aires','South America','1010','Argentina');
INSERT INTO "Order" VALUES(10917,'ROMEY',4,'2014-03-02','2014-03-30','2014-03-11',2,8.2899999999999991473,'Romero y tomillo','Gran Vía, 1','Madrid','Southern Europe','28001','Spain');
INSERT INTO "Order" VALUES(10918,'BOTTM',3,'2014-03-02','2014-03-30','2014-03-11',3,48.830000000000000071,'Bottom-Dollar Markets','23 Tsawassen Blvd.','Tsawassen','North America','T2F 8M4','Canada');
INSERT INTO "Order" VALUES(10919,'LINOD',2,'2014-03-02','2014-03-30','2014-03-04',2,19.80000000000000071,'LINO-Delicateses','Ave. 5 de Mayo Porlamar','I. de Margarita','South America','4980','Venezuela');
INSERT INTO "Order" VALUES(10920,'AROUT',4,'2014-03-03','2014-03-31','2014-03-09',2,29.609999999999999431,'Around the Horn','Brook Farm Stratford St. Mary','Colchester','British Isles','CO7 6JX','UK');
INSERT INTO "Order" VALUES(10921,'VAFFE',1,'2014-03-03','2014-04-14','2014-03-09',1,176.47999999999999687,'Vaffeljernet','Smagsloget 45','Århus','Northern Europe','8200','Denmark');
INSERT INTO "Order" VALUES(10922,'HANAR',5,'2014-03-03','2014-03-31','2014-03-05',3,62.740000000000000213,'Hanari Carnes','Rua do Paço, 67','Rio de Janeiro','South America','05454-876','Brazil');
INSERT INTO "Order" VALUES(10923,'LAMAI',7,'2014-03-03','2014-04-14','2014-03-13',3,68.260000000000005115,'La maison d''Asie','1 rue Alsace-Lorraine','Toulouse','Western Europe','31000','France');
INSERT INTO "Order" VALUES(10924,'BERGS',3,'2014-03-04','2014-04-01','2014-04-08',2,151.52000000000001023,'Berglunds snabbköp','Berguvsvägen  8','Luleå','Northern Europe','S-958 22','Sweden');
INSERT INTO "Order" VALUES(10925,'HANAR',3,'2014-03-04','2014-04-01','2014-03-13',1,2.2700000000000000177,'Hanari Carnes','Rua do Paço, 67','Rio de Janeiro','South America','05454-876','Brazil');
INSERT INTO "Order" VALUES(10926,'ANATR',4,'2014-03-04','2014-04-01','2014-03-11',3,39.919999999999999928,'Ana Trujillo Emparedados y helados','Avda. de la Constitución 2222','México D.F.','Central America','05021','Mexico');
INSERT INTO "Order" VALUES(10927,'LACOR',4,'2014-03-05','2014-04-02','2014-04-08',1,19.789999999999999147,'La corne d''abondance','67, avenue de l''Europe','Versailles','Western Europe','78000','France');
INSERT INTO "Order" VALUES(10928,'GALED',1,'2014-03-05','2014-04-02','2014-03-18',1,1.3600000000000000976,'Galería del gastronómo','Rambla de Cataluña, 23','Barcelona','Southern Europe','8022','Spain');
INSERT INTO "Order" VALUES(10929,'FRANK',6,'2014-03-05','2014-04-02','2014-03-12',1,33.929999999999997939,'Frankenversand','Berliner Platz 43','München','Western Europe','80805','Germany');
INSERT INTO "Order" VALUES(10930,'SUPRD',4,'2014-03-06','2014-04-17','2014-03-18',3,15.550000000000001598,'Suprêmes délices','Boulevard Tirou, 255','Charleroi','Western Europe','B-6000','Belgium');
INSERT INTO "Order" VALUES(10931,'RICSU',4,'2014-03-06','2014-03-20','2014-03-19',2,13.599999999999998756,'Richter Supermarkt','Starenweg 5','Genève','Western Europe','1204','Switzerland');
INSERT INTO "Order" VALUES(10932,'BONAP',8,'2014-03-06','2014-04-03','2014-03-24',1,134.63999999999998191,'Bon app''','12, rue des Bouchers','Marseille','Western Europe','13008','France');
INSERT INTO "Order" VALUES(10933,'ISLAT',6,'2014-03-06','2014-04-03','2014-03-16',3,54.150000000000000355,'Island Trading','Garden House Crowther Way','Cowes','British Isles','PO31 7PJ','UK');
INSERT INTO "Order" VALUES(10934,'LEHMS',3,'2014-03-09','2014-04-06','2014-03-12',3,32.009999999999996234,'Lehmanns Marktstand','Magazinweg 7','Frankfurt a.M.','Western Europe','60528','Germany');
INSERT INTO "Order" VALUES(10935,'WELLI',4,'2014-03-09','2014-04-06','2014-03-18',3,47.59000000000000341,'Wellington Importadora','Rua do Mercado, 12','Resende','South America','08737-363','Brazil');
INSERT INTO "Order" VALUES(10936,'GREAL',3,'2014-03-09','2014-04-06','2014-03-18',2,33.679999999999998827,'Great Lakes Food Market','2732 Baker Blvd.','Eugene','North America','97403','USA');
INSERT INTO "Order" VALUES(10937,'CACTU',7,'2014-03-10','2014-03-24','2014-03-13',3,31.510000000000002451,'Cactus Comidas para llevar','Cerrito 333','Buenos Aires','South America','1010','Argentina');
INSERT INTO "Order" VALUES(10938,'QUICK',3,'2014-03-10','2014-04-07','2014-03-16',2,31.890000000000000568,'QUICK-Stop','Taucherstraße 10','Cunewalde','Western Europe','01307','Germany');
INSERT INTO "Order" VALUES(10939,'MAGAA',2,'2014-03-10','2014-04-07','2014-03-13',2,76.330000000000000071,'Magazzini Alimentari Riuniti','Via Ludovico il Moro 22','Bergamo','Southern Europe','24100','Italy');
INSERT INTO "Order" VALUES(10940,'BONAP',8,'2014-03-11','2014-04-08','2014-03-23',3,19.769999999999999573,'Bon app''','12, rue des Bouchers','Marseille','Western Europe','13008','France');
INSERT INTO "Order" VALUES(10941,'SAVEA',7,'2014-03-11','2014-04-08','2014-03-20',2,400.8099999999999774,'Save-a-lot Markets','187 Suffolk Ln.','Boise','North America','83720','USA');
INSERT INTO "Order" VALUES(10942,'REGGC',9,'2014-03-11','2014-04-08','2014-03-18',3,17.949999999999999289,'Reggiani Caseifici','Strada Provinciale 124','Reggio Emilia','Southern Europe','42100','Italy');
INSERT INTO "Order" VALUES(10943,'BSBEV',4,'2014-03-11','2014-04-08','2014-03-19',2,2.1699999999999999289,'B''s Beverages','Fauntleroy Circus','London','British Isles','EC2 5NT','UK');
INSERT INTO "Order" VALUES(10944,'BOTTM',6,'2014-03-12','2014-03-26','2014-03-13',3,52.919999999999998152,'Bottom-Dollar Markets','23 Tsawassen Blvd.','Tsawassen','North America','T2F 8M4','Canada');
INSERT INTO "Order" VALUES(10945,'MORGK',4,'2014-03-12','2014-04-09','2014-03-18',1,10.220000000000000195,'Morgenstern Gesundkost','Heerstr. 22','Leipzig','Western Europe','04179','Germany');
INSERT INTO "Order" VALUES(10946,'VAFFE',1,'2014-03-12','2014-04-09','2014-03-19',2,27.199999999999997513,'Vaffeljernet','Smagsloget 45','Århus','Northern Europe','8200','Denmark');
INSERT INTO "Order" VALUES(10947,'BSBEV',3,'2014-03-13','2014-04-10','2014-03-16',2,3.2599999999999997868,'B''s Beverages','Fauntleroy Circus','London','British Isles','EC2 5NT','UK');
INSERT INTO "Order" VALUES(10948,'GODOS',3,'2014-03-13','2014-04-10','2014-03-19',3,23.38999999999999968,'Godos Cocina Típica','C/ Romero, 33','Sevilla','Southern Europe','41101','Spain');
INSERT INTO "Order" VALUES(10949,'BOTTM',2,'2014-03-13','2014-04-10','2014-03-17',3,74.439999999999999502,'Bottom-Dollar Markets','23 Tsawassen Blvd.','Tsawassen','North America','T2F 8M4','Canada');
INSERT INTO "Order" VALUES(10950,'MAGAA',1,'2014-03-16','2014-04-13','2014-03-23',2,2.5,'Magazzini Alimentari Riuniti','Via Ludovico il Moro 22','Bergamo','Southern Europe','24100','Italy');
INSERT INTO "Order" VALUES(10951,'RICSU',9,'2014-03-16','2014-04-27','2014-04-07',2,30.849999999999999644,'Richter Supermarkt','Starenweg 5','Genève','Western Europe','1204','Switzerland');
INSERT INTO "Order" VALUES(10952,'ALFKI',1,'2014-03-16','2014-04-27','2014-03-24',1,40.419999999999998152,'Alfred''s Futterkiste','Obere Str. 57','Berlin','Western Europe','12209','Germany');
INSERT INTO "Order" VALUES(10953,'AROUT',9,'2014-03-16','2014-03-30','2014-03-25',2,23.719999999999998863,'Around the Horn','Brook Farm Stratford St. Mary','Colchester','British Isles','CO7 6JX','UK');
INSERT INTO "Order" VALUES(10954,'LINOD',5,'2014-03-17','2014-04-28','2014-03-20',1,27.909999999999999253,'LINO-Delicateses','Ave. 5 de Mayo Porlamar','I. de Margarita','South America','4980','Venezuela');
INSERT INTO "Order" VALUES(10955,'FOLKO',8,'2014-03-17','2014-04-14','2014-03-20',2,3.2599999999999997868,'Folk och fä HB','Åkergatan 24','Bräcke','Northern Europe','S-844 67','Sweden');
INSERT INTO "Order" VALUES(10956,'BLAUS',6,'2014-03-17','2014-04-28','2014-03-20',2,44.649999999999998578,'Blauer See Delikatessen','Forsterstr. 57','Mannheim','Western Europe','68306','Germany');
INSERT INTO "Order" VALUES(10957,'HILAA',8,'2014-03-18','2014-04-15','2014-03-27',3,105.3600000000000092,'HILARION-Abastos','Carrera 22 con Ave. Carlos Soublette #8-35','San Cristóbal','South America','5022','Venezuela');
INSERT INTO "Order" VALUES(10958,'OCEA',7,'2014-03-18','2014-04-15','2014-03-27',2,49.56000000000000405,'Océano Atlántico Ltda.','Ing. Gustavo Moncada 8585 Piso 20-A','Buenos Aires','South America','1010','Argentina');
INSERT INTO "Order" VALUES(10959,'GOURL',6,'2014-03-18','2014-04-29','2014-03-23',2,4.9800000000000004263,'Gourmet Lanchonetes','Av. Brasil, 442','Campinas','South America','04876-786','Brazil');
INSERT INTO "Order" VALUES(10960,'HILAA',3,'2014-03-19','2014-04-02','2014-04-08',1,2.080000000000000071,'HILARION-Abastos','Carrera 22 con Ave. Carlos Soublette #8-35','San Cristóbal','South America','5022','Venezuela');
INSERT INTO "Order" VALUES(10961,'QUEE',8,'2014-03-19','2014-04-16','2014-03-30',1,104.46999999999999619,'Queen Cozinha','Alameda dos Canàrios, 891','Sao Paulo','South America','05487-020','Brazil');
INSERT INTO "Order" VALUES(10962,'QUICK',8,'2014-03-19','2014-04-16','2014-03-23',2,275.79000000000002401,'QUICK-Stop','Taucherstraße 10','Cunewalde','Western Europe','01307','Germany');
INSERT INTO "Order" VALUES(10963,'FURIB',9,'2014-03-19','2014-04-16','2014-03-26',3,2.7000000000000001776,'Furia Bacalhau e Frutos do Mar','Jardim das rosas n. 32','Lisboa','Southern Europe','1675','Portugal');
INSERT INTO "Order" VALUES(10964,'SPECD',3,'2014-03-20','2014-04-17','2014-03-24',2,87.379999999999995452,'Spécialités du monde','25, rue Lauriston','Paris','Western Europe','75016','France');
INSERT INTO "Order" VALUES(10965,'OLDWO',6,'2014-03-20','2014-04-17','2014-03-30',3,144.37999999999999722,'Old World Delicatessen','2743 Bering St.','Anchorage','North America','99508','USA');
INSERT INTO "Order" VALUES(10966,'CHOPS',4,'2014-03-20','2014-04-17','2014-04-08',1,27.190000000000003055,'Chop-suey Chinese','Hauptstr. 31','Bern','Western Europe','3012','Switzerland');
INSERT INTO "Order" VALUES(10967,'TOMSP',2,'2014-03-23','2014-04-20','2014-04-02',2,62.21999999999999531,'Toms Spezialitäten','Luisenstr. 48','Münster','Western Europe','44087','Germany');
INSERT INTO "Order" VALUES(10968,'ERNSH',1,'2014-03-23','2014-04-20','2014-04-01',3,74.599999999999990762,'Ernst Handel','Kirchgasse 6','Graz','Western Europe','8010','Austria');
INSERT INTO "Order" VALUES(10969,'COMMI',1,'2014-03-23','2014-04-20','2014-03-30',2,0.21000000000000000888,'Comércio Mineiro','Av. dos Lusíadas, 23','Sao Paulo','South America','05432-043','Brazil');
INSERT INTO "Order" VALUES(10970,'BOLID',9,'2014-03-24','2014-04-07','2014-04-24',1,16.16000000000000103,'Bólido Comidas preparadas','C/ Araquil, 67','Madrid','Southern Europe','28023','Spain');
INSERT INTO "Order" VALUES(10971,'FRANR',2,'2014-03-24','2014-04-21','2014-04-02',2,121.81999999999999495,'France restauration','54, rue Royale','Nantes','Western Europe','44000','France');
INSERT INTO "Order" VALUES(10972,'LACOR',4,'2014-03-24','2014-04-21','2014-03-26',2,0.02,'La corne d''abondance','67, avenue de l''Europe','Versailles','Western Europe','78000','France');
INSERT INTO "Order" VALUES(10973,'LACOR',6,'2014-03-24','2014-04-21','2014-03-27',2,15.16999999999999904,'La corne d''abondance','67, avenue de l''Europe','Versailles','Western Europe','78000','France');
INSERT INTO "Order" VALUES(10974,'SPLIR',3,'2014-03-25','2014-04-08','2014-04-03',3,12.960000000000000497,'Split Rail Beer & Ale','P.O. Box 555','Lander','North America','82520','USA');
INSERT INTO "Order" VALUES(10975,'BOTTM',1,'2014-03-25','2014-04-22','2014-03-27',3,32.270000000000003126,'Bottom-Dollar Markets','23 Tsawassen Blvd.','Tsawassen','North America','T2F 8M4','Canada');
INSERT INTO "Order" VALUES(10976,'HILAA',1,'2014-03-25','2014-05-06','2014-04-03',1,37.969999999999997086,'HILARION-Abastos','Carrera 22 con Ave. Carlos Soublette #8-35','San Cristóbal','South America','5022','Venezuela');
INSERT INTO "Order" VALUES(10977,'FOLKO',8,'2014-03-26','2014-04-23','2014-04-10',3,208.49999999999999644,'Folk och fä HB','Åkergatan 24','Bräcke','Northern Europe','S-844 67','Sweden');
INSERT INTO "Order" VALUES(10978,'MAISD',9,'2014-03-26','2014-04-23','2014-04-23',2,32.820000000000000284,'Maison Dewey','Rue Joseph-Bens 532','Bruxelles','Western Europe','B-1180','Belgium');
INSERT INTO "Order" VALUES(10979,'ERNSH',8,'2014-03-26','2014-04-23','2014-03-31',2,353.06999999999999495,'Ernst Handel','Kirchgasse 6','Graz','Western Europe','8010','Austria');
INSERT INTO "Order" VALUES(10980,'FOLKO',4,'2014-03-27','2014-05-08','2014-04-17',1,1.2600000000000000088,'Folk och fä HB','Åkergatan 24','Bräcke','Northern Europe','S-844 67','Sweden');
INSERT INTO "Order" VALUES(10981,'HANAR',1,'2014-03-27','2014-04-24','2014-04-02',2,193.36999999999999744,'Hanari Carnes','Rua do Paço, 67','Rio de Janeiro','South America','05454-876','Brazil');
INSERT INTO "Order" VALUES(10982,'BOTTM',2,'2014-03-27','2014-04-24','2014-04-08',1,14.009999999999999786,'Bottom-Dollar Markets','23 Tsawassen Blvd.','Tsawassen','North America','T2F 8M4','Canada');
INSERT INTO "Order" VALUES(10983,'SAVEA',2,'2014-03-27','2014-04-24','2014-04-06',2,657.53999999999992454,'Save-a-lot Markets','187 Suffolk Ln.','Boise','North America','83720','USA');
INSERT INTO "Order" VALUES(10984,'SAVEA',1,'2014-03-30','2014-04-27','2014-04-03',3,211.22000000000000774,'Save-a-lot Markets','187 Suffolk Ln.','Boise','North America','83720','USA');
INSERT INTO "Order" VALUES(10985,'HUNGO',2,'2014-03-30','2014-04-27','2014-04-02',1,91.50999999999999801,'Hungry Owl All-Night Grocers','8 Johnstown Road','Cork','British Isles',NULL,'Ireland');
INSERT INTO "Order" VALUES(10986,'OCEA',8,'2014-03-30','2014-04-27','2014-04-21',2,217.8600000000000314,'Océano Atlántico Ltda.','Ing. Gustavo Moncada 8585 Piso 20-A','Buenos Aires','South America','1010','Argentina');
INSERT INTO "Order" VALUES(10987,'EASTC',8,'2014-03-31','2014-04-28','2014-04-06',1,185.48000000000000042,'Eastern Connection','35 King George','London','British Isles','WX3 6FW','UK');
INSERT INTO "Order" VALUES(10988,'RATTC',3,'2014-03-31','2014-04-28','2014-04-10',2,61.139999999999998792,'Rattlesnake Canyon Grocery','2817 Milton Dr.','Albuquerque','North America','87110','USA');
INSERT INTO "Order" VALUES(10989,'QUEDE',2,'2014-03-31','2014-04-28','2014-04-02',1,34.759999999999999786,'Que Delícia','Rua da Panificadora, 12','Rio de Janeiro','South America','02389-673','Brazil');
INSERT INTO "Order" VALUES(10990,'ERNSH',2,'2014-04-01','2014-05-13','2014-04-07',3,117.60999999999999232,'Ernst Handel','Kirchgasse 6','Graz','Western Europe','8010','Austria');
INSERT INTO "Order" VALUES(10991,'QUICK',1,'2014-04-01','2014-04-29','2014-04-07',1,38.509999999999999786,'QUICK-Stop','Taucherstraße 10','Cunewalde','Western Europe','01307','Germany');
INSERT INTO "Order" VALUES(10992,'THEBI',1,'2014-04-01','2014-04-29','2014-04-03',3,4.2699999999999995736,'The Big Cheese','89 Jefferson Way Suite 2','Portland','North America','97201','USA');
INSERT INTO "Order" VALUES(10993,'FOLKO',7,'2014-04-01','2014-04-29','2014-04-10',3,8.8100000000000004973,'Folk och fä HB','Åkergatan 24','Bräcke','Northern Europe','S-844 67','Sweden');
INSERT INTO "Order" VALUES(10994,'VAFFE',2,'2014-04-02','2014-04-16','2014-04-09',3,65.52999999999999936,'Vaffeljernet','Smagsloget 45','Århus','Northern Europe','8200','Denmark');
INSERT INTO "Order" VALUES(10995,'PERIC',1,'2014-04-02','2014-04-30','2014-04-06',3,46,'Pericles Comidas clásicas','Calle Dr. Jorge Cash 321','México D.F.','Central America','05033','Mexico');
INSERT INTO "Order" VALUES(10996,'QUICK',4,'2014-04-02','2014-04-30','2014-04-10',2,1.1200000000000001065,'QUICK-Stop','Taucherstraße 10','Cunewalde','Western Europe','01307','Germany');
INSERT INTO "Order" VALUES(10997,'LILAS',8,'2014-04-03','2014-05-15','2014-04-13',2,73.910000000000000142,'LILA-Supermercado','Carrera 52 con Ave. Bolívar #65-98 Llano Largo','Barquisimeto','South America','3508','Venezuela');
INSERT INTO "Order" VALUES(10998,'WOLZA',8,'2014-04-03','2014-04-17','2014-04-17',2,20.309999999999996944,'Wolski Zajazd','ul. Filtrowa 68','Warszawa','Eastern Europe','01-012','Poland');
INSERT INTO "Order" VALUES(10999,'OTTIK',6,'2014-04-03','2014-05-01','2014-04-10',2,96.349999999999997868,'Ottilies Käseladen','Mehrheimerstr. 369','Köln','Western Europe','50739','Germany');
INSERT INTO "Order" VALUES(11000,'RATTC',2,'2014-04-06','2014-05-04','2014-04-14',3,55.119999999999995665,'Rattlesnake Canyon Grocery','2817 Milton Dr.','Albuquerque','North America','87110','USA');
INSERT INTO "Order" VALUES(11001,'FOLKO',2,'2014-04-06','2014-05-04','2014-04-14',2,197.30000000000000426,'Folk och fä HB','Åkergatan 24','Bräcke','Northern Europe','S-844 67','Sweden');
INSERT INTO "Order" VALUES(11002,'SAVEA',4,'2014-04-06','2014-05-04','2014-04-16',1,141.15999999999999658,'Save-a-lot Markets','187 Suffolk Ln.','Boise','North America','83720','USA');
INSERT INTO "Order" VALUES(11003,'THECR',3,'2014-04-06','2014-05-04','2014-04-08',3,14.91000000000000103,'The Cracker Box','55 Grizzly Peak Rd.','Butte','North America','59801','USA');
INSERT INTO "Order" VALUES(11004,'MAISD',3,'2014-04-07','2014-05-05','2014-04-20',1,44.839999999999999857,'Maison Dewey','Rue Joseph-Bens 532','Bruxelles','Western Europe','B-1180','Belgium');
INSERT INTO "Order" VALUES(11005,'WILMK',2,'2014-04-07','2014-05-05','2014-04-10',1,0.75,'Wilman Kala','Keskuskatu 45','Helsinki','Scandinavia','21240','Finland');
INSERT INTO "Order" VALUES(11006,'GREAL',3,'2014-04-07','2014-05-05','2014-04-15',2,25.190000000000001278,'Great Lakes Food Market','2732 Baker Blvd.','Eugene','North America','97403','USA');
INSERT INTO "Order" VALUES(11007,'PRINI',8,'2014-04-08','2014-05-06','2014-04-13',2,202.24000000000001975,'Princesa Isabel Vinhos','Estrada da saúde n. 58','Lisboa','Southern Europe','1756','Portugal');
INSERT INTO "Order" VALUES(11008,'ERNSH',7,'2014-04-08','2014-05-06',NULL,3,79.459999999999997299,'Ernst Handel','Kirchgasse 6','Graz','Western Europe','8010','Austria');
INSERT INTO "Order" VALUES(11009,'GODOS',2,'2014-04-08','2014-05-06','2014-04-10',1,59.109999999999995878,'Godos Cocina Típica','C/ Romero, 33','Sevilla','Southern Europe','41101','Spain');
INSERT INTO "Order" VALUES(11010,'REGGC',2,'2014-04-09','2014-05-07','2014-04-21',2,28.710000000000000852,'Reggiani Caseifici','Strada Provinciale 124','Reggio Emilia','Southern Europe','42100','Italy');
INSERT INTO "Order" VALUES(11011,'ALFKI',3,'2014-04-09','2014-05-07','2014-04-13',1,1.2099999999999999644,'Alfred''s Futterkiste','Obere Str. 57','Berlin','Western Europe','12209','Germany');
INSERT INTO "Order" VALUES(11012,'FRANK',1,'2014-04-09','2014-04-23','2014-04-17',3,242.94999999999999928,'Frankenversand','Berliner Platz 43','München','Western Europe','80805','Germany');
INSERT INTO "Order" VALUES(11013,'ROMEY',2,'2014-04-09','2014-05-07','2014-04-10',1,32.990000000000003765,'Romero y tomillo','Gran Vía, 1','Madrid','Southern Europe','28001','Spain');
INSERT INTO "Order" VALUES(11014,'LINOD',2,'2014-04-10','2014-05-08','2014-04-15',3,23.600000000000003197,'LINO-Delicateses','Ave. 5 de Mayo Porlamar','I. de Margarita','South America','4980','Venezuela');
INSERT INTO "Order" VALUES(11015,'SANTG',2,'2014-04-10','2014-04-24','2014-04-20',2,4.6200000000000001065,'Santé Gourmet','Erling Skakkes gate 78','Stavern','Scandinavia','4110','Norway');
INSERT INTO "Order" VALUES(11016,'AROUT',9,'2014-04-10','2014-05-08','2014-04-13',2,33.799999999999998934,'Around the Horn','Brook Farm Stratford St. Mary','Colchester','British Isles','CO7 6JX','UK');
INSERT INTO "Order" VALUES(11017,'ERNSH',9,'2014-04-13','2014-05-11','2014-04-20',2,754.26000000000001932,'Ernst Handel','Kirchgasse 6','Graz','Western Europe','8010','Austria');
INSERT INTO "Order" VALUES(11018,'LONEP',4,'2014-04-13','2014-05-11','2014-04-16',2,11.650000000000000355,'Lonesome Pine Restaurant','89 Chiaroscuro Rd.','Portland','North America','97219','USA');
INSERT INTO "Order" VALUES(11019,'RANCH',6,'2014-04-13','2014-05-11',NULL,3,3.1699999999999999289,'Rancho grande','Av. del Libertador 900','Buenos Aires','South America','1010','Argentina');
INSERT INTO "Order" VALUES(11020,'OTTIK',2,'2014-04-14','2014-05-12','2014-04-16',2,43.30000000000000071,'Ottilies Käseladen','Mehrheimerstr. 369','Köln','Western Europe','50739','Germany');
INSERT INTO "Order" VALUES(11021,'QUICK',3,'2014-04-14','2014-05-12','2014-04-21',1,297.17999999999999971,'QUICK-Stop','Taucherstraße 10','Cunewalde','Western Europe','01307','Germany');
INSERT INTO "Order" VALUES(11022,'HANAR',9,'2014-04-14','2014-05-12','2014-05-04',2,6.2699999999999995736,'Hanari Carnes','Rua do Paço, 67','Rio de Janeiro','South America','05454-876','Brazil');
INSERT INTO "Order" VALUES(11023,'BSBEV',1,'2014-04-14','2014-04-28','2014-04-24',2,123.82999999999999563,'B''s Beverages','Fauntleroy Circus','London','British Isles','EC2 5NT','UK');
INSERT INTO "Order" VALUES(11024,'EASTC',4,'2014-04-15','2014-05-13','2014-04-20',1,74.359999999999999431,'Eastern Connection','35 King George','London','British Isles','WX3 6FW','UK');
INSERT INTO "Order" VALUES(11025,'WARTH',6,'2014-04-15','2014-05-13','2014-04-24',3,29.170000000000001705,'Wartian Herkku','Torikatu 38','Oulu','Scandinavia','90110','Finland');
INSERT INTO "Order" VALUES(11026,'FRANS',4,'2014-04-15','2014-05-13','2014-04-28',1,47.090000000000005186,'Franchi S.p.A.','Via Monte Bianco 34','Torino','Southern Europe','10100','Italy');
INSERT INTO "Order" VALUES(11027,'BOTTM',1,'2014-04-16','2014-05-14','2014-04-20',1,52.520000000000006679,'Bottom-Dollar Markets','23 Tsawassen Blvd.','Tsawassen','North America','T2F 8M4','Canada');
INSERT INTO "Order" VALUES(11028,'KOENE',2,'2014-04-16','2014-05-14','2014-04-22',1,29.589999999999999857,'Königlich Essen','Maubelstr. 90','Brandenburg','Western Europe','14776','Germany');
INSERT INTO "Order" VALUES(11029,'CHOPS',4,'2014-04-16','2014-05-14','2014-04-27',1,47.840000000000006963,'Chop-suey Chinese','Hauptstr. 31','Bern','Western Europe','3012','Switzerland');
INSERT INTO "Order" VALUES(11030,'SAVEA',7,'2014-04-17','2014-05-15','2014-04-27',2,830.74999999999992184,'Save-a-lot Markets','187 Suffolk Ln.','Boise','North America','83720','USA');
INSERT INTO "Order" VALUES(11031,'SAVEA',6,'2014-04-17','2014-05-15','2014-04-24',2,227.21999999999997754,'Save-a-lot Markets','187 Suffolk Ln.','Boise','North America','83720','USA');
INSERT INTO "Order" VALUES(11032,'WHITC',2,'2014-04-17','2014-05-15','2014-04-23',3,606.19000000000005101,'White Clover Markets','1029 - 12th Ave. S.','Seattle','North America','98124','USA');
INSERT INTO "Order" VALUES(11033,'RICSU',7,'2014-04-17','2014-05-15','2014-04-23',3,84.740000000000001989,'Richter Supermarkt','Starenweg 5','Genève','Western Europe','1204','Switzerland');
INSERT INTO "Order" VALUES(11034,'OLDWO',8,'2014-04-20','2014-06-01','2014-04-27',1,40.320000000000000284,'Old World Delicatessen','2743 Bering St.','Anchorage','North America','99508','USA');
INSERT INTO "Order" VALUES(11035,'SUPRD',2,'2014-04-20','2014-05-18','2014-04-24',2,0.17000000000000001776,'Suprêmes délices','Boulevard Tirou, 255','Charleroi','Western Europe','B-6000','Belgium');
INSERT INTO "Order" VALUES(11036,'DRACD',8,'2014-04-20','2014-05-18','2014-04-22',3,149.46999999999999175,'Drachenblut Delikatessen','Walserweg 21','Aachen','Western Europe','52066','Germany');
INSERT INTO "Order" VALUES(11037,'GODOS',7,'2014-04-21','2014-05-19','2014-04-27',1,3.2000000000000001776,'Godos Cocina Típica','C/ Romero, 33','Sevilla','Southern Europe','41101','Spain');
INSERT INTO "Order" VALUES(11038,'SUPRD',1,'2014-04-21','2014-05-19','2014-04-30',2,29.589999999999999857,'Suprêmes délices','Boulevard Tirou, 255','Charleroi','Western Europe','B-6000','Belgium');
INSERT INTO "Order" VALUES(11039,'LINOD',1,'2014-04-21','2014-05-19',NULL,2,65,'LINO-Delicateses','Ave. 5 de Mayo Porlamar','I. de Margarita','South America','4980','Venezuela');
INSERT INTO "Order" VALUES(11040,'GREAL',4,'2014-04-22','2014-05-20',NULL,3,18.839999999999999857,'Great Lakes Food Market','2732 Baker Blvd.','Eugene','North America','97403','USA');
INSERT INTO "Order" VALUES(11041,'CHOPS',3,'2014-04-22','2014-05-20','2014-04-28',2,48.220000000000000639,'Chop-suey Chinese','Hauptstr. 31','Bern','Western Europe','3012','Switzerland');
INSERT INTO "Order" VALUES(11042,'COMMI',2,'2014-04-22','2014-05-06','2014-05-01',1,29.98999999999999666,'Comércio Mineiro','Av. dos Lusíadas, 23','Sao Paulo','South America','05432-043','Brazil');
INSERT INTO "Order" VALUES(11043,'SPECD',5,'2014-04-22','2014-05-20','2014-04-29',2,8.8000000000000007105,'Spécialités du monde','25, rue Lauriston','Paris','Western Europe','75016','France');
INSERT INTO "Order" VALUES(11044,'WOLZA',4,'2014-04-23','2014-05-21','2014-05-01',1,8.7200000000000006394,'Wolski Zajazd','ul. Filtrowa 68','Warszawa','Eastern Europe','01-012','Poland');
INSERT INTO "Order" VALUES(11045,'BOTTM',6,'2014-04-23','2014-05-21',NULL,2,70.579999999999998294,'Bottom-Dollar Markets','23 Tsawassen Blvd.','Tsawassen','North America','T2F 8M4','Canada');
INSERT INTO "Order" VALUES(11046,'WANDK',8,'2014-04-23','2014-05-21','2014-04-24',2,71.639999999999997015,'Die Wandernde Kuh','Adenauerallee 900','Stuttgart','Western Europe','70563','Germany');
INSERT INTO "Order" VALUES(11047,'EASTC',7,'2014-04-24','2014-05-22','2014-05-01',3,46.619999999999999218,'Eastern Connection','35 King George','London','British Isles','WX3 6FW','UK');
INSERT INTO "Order" VALUES(11048,'BOTTM',7,'2014-04-24','2014-05-22','2014-04-30',3,24.119999999999999218,'Bottom-Dollar Markets','23 Tsawassen Blvd.','Tsawassen','North America','T2F 8M4','Canada');
INSERT INTO "Order" VALUES(11049,'GOURL',3,'2014-04-24','2014-05-22','2014-05-04',1,8.3399999999999998578,'Gourmet Lanchonetes','Av. Brasil, 442','Campinas','South America','04876-786','Brazil');
INSERT INTO "Order" VALUES(11050,'FOLKO',8,'2014-04-27','2014-05-25','2014-05-05',2,59.409999999999998365,'Folk och fä HB','Åkergatan 24','Bräcke','Northern Europe','S-844 67','Sweden');
INSERT INTO "Order" VALUES(11051,'LAMAI',7,'2014-04-27','2014-05-25',NULL,3,2.7900000000000000355,'La maison d''Asie','1 rue Alsace-Lorraine','Toulouse','Western Europe','31000','France');
INSERT INTO "Order" VALUES(11052,'HANAR',3,'2014-04-27','2014-05-25','2014-05-01',1,67.260000000000008668,'Hanari Carnes','Rua do Paço, 67','Rio de Janeiro','South America','05454-876','Brazil');
INSERT INTO "Order" VALUES(11053,'PICCO',2,'2014-04-27','2014-05-25','2014-04-29',2,53.049999999999997157,'Piccolo und mehr','Geislweg 14','Salzburg','Western Europe','5020','Austria');
INSERT INTO "Order" VALUES(11054,'CACTU',8,'2014-04-28','2014-05-26',NULL,1,0.33000000000000002664,'Cactus Comidas para llevar','Cerrito 333','Buenos Aires','South America','1010','Argentina');
INSERT INTO "Order" VALUES(11055,'HILAA',7,'2014-04-28','2014-05-26','2014-05-05',2,120.92000000000000525,'HILARION-Abastos','Carrera 22 con Ave. Carlos Soublette #8-35','San Cristóbal','South America','5022','Venezuela');
INSERT INTO "Order" VALUES(11056,'EASTC',8,'2014-04-28','2014-05-12','2014-05-01',2,278.95999999999996354,'Eastern Connection','35 King George','London','British Isles','WX3 6FW','UK');
INSERT INTO "Order" VALUES(11057,'NORTS',3,'2014-04-29','2014-05-27','2014-05-01',3,4.1299999999999998934,'North/South','South House 300 Queensbridge','London','British Isles','SW7 1RZ','UK');
INSERT INTO "Order" VALUES(11058,'BLAUS',9,'2014-04-29','2014-05-27',NULL,3,31.139999999999998792,'Blauer See Delikatessen','Forsterstr. 57','Mannheim','Western Europe','68306','Germany');
INSERT INTO "Order" VALUES(11059,'RICAR',2,'2014-04-29','2014-06-10',NULL,2,85.80000000000000071,'Ricardo Adocicados','Av. Copacabana, 267','Rio de Janeiro','South America','02389-890','Brazil');
INSERT INTO "Order" VALUES(11060,'FRANS',2,'2014-04-30','2014-05-28','2014-05-04',2,10.980000000000000781,'Franchi S.p.A.','Via Monte Bianco 34','Torino','Southern Europe','10100','Italy');
INSERT INTO "Order" VALUES(11061,'GREAL',4,'2014-04-30','2014-06-11',NULL,3,14.009999999999999786,'Great Lakes Food Market','2732 Baker Blvd.','Eugene','North America','97403','USA');
INSERT INTO "Order" VALUES(11062,'REGGC',4,'2014-04-30','2014-05-28',NULL,2,29.929999999999999715,'Reggiani Caseifici','Strada Provinciale 124','Reggio Emilia','Southern Europe','42100','Italy');
INSERT INTO "Order" VALUES(11063,'HUNGO',3,'2014-04-30','2014-05-28','2014-05-06',2,81.730000000000000426,'Hungry Owl All-Night Grocers','8 Johnstown Road','Cork','British Isles',NULL,'Ireland');
INSERT INTO "Order" VALUES(11064,'SAVEA',1,'2014-05-01','2014-05-29','2014-05-04',1,30.089999999999998969,'Save-a-lot Markets','187 Suffolk Ln.','Boise','North America','83720','USA');
INSERT INTO "Order" VALUES(11065,'LILAS',8,'2014-05-01','2014-05-29',NULL,1,12.909999999999999253,'LILA-Supermercado','Carrera 52 con Ave. Bolívar #65-98 Llano Largo','Barquisimeto','South America','3508','Venezuela');
INSERT INTO "Order" VALUES(11066,'WHITC',7,'2014-05-01','2014-05-29','2014-05-04',2,44.71999999999999531,'White Clover Markets','1029 - 12th Ave. S.','Seattle','North America','98124','USA');
INSERT INTO "Order" VALUES(11067,'DRACD',1,'2014-05-04','2014-05-18','2014-05-06',2,7.9800000000000004263,'Drachenblut Delikatessen','Walserweg 21','Aachen','Western Europe','52066','Germany');
INSERT INTO "Order" VALUES(11068,'QUEE',8,'2014-05-04','2014-06-01',NULL,2,81.750000000000007105,'Queen Cozinha','Alameda dos Canàrios, 891','Sao Paulo','South America','05487-020','Brazil');
INSERT INTO "Order" VALUES(11069,'TORTU',1,'2014-05-04','2014-06-01','2014-05-06',2,15.669999999999999928,'Tortuga Restaurante','Avda. Azteca 123','México D.F.','Central America','05033','Mexico');
INSERT INTO "Order" VALUES(11070,'LEHMS',2,'2014-05-05','2014-06-02',NULL,1,136,'Lehmanns Marktstand','Magazinweg 7','Frankfurt a.M.','Western Europe','60528','Germany');
INSERT INTO "Order" VALUES(11071,'LILAS',1,'2014-05-05','2014-06-02',NULL,1,0.93000000000000007105,'LILA-Supermercado','Carrera 52 con Ave. Bolívar #65-98 Llano Largo','Barquisimeto','South America','3508','Venezuela');
INSERT INTO "Order" VALUES(11072,'ERNSH',4,'2014-05-05','2014-06-02',NULL,2,258.63999999999998102,'Ernst Handel','Kirchgasse 6','Graz','Western Europe','8010','Austria');
INSERT INTO "Order" VALUES(11073,'PERIC',2,'2014-05-05','2014-06-02',NULL,2,24.950000000000001065,'Pericles Comidas clásicas','Calle Dr. Jorge Cash 321','México D.F.','Central America','05033','Mexico');
INSERT INTO "Order" VALUES(11074,'SIMOB',7,'2014-05-06','2014-06-03',NULL,2,18.440000000000001278,'Simons bistro','Vinbæltet 34','Kobenhavn','Northern Europe','1734','Denmark');
INSERT INTO "Order" VALUES(11075,'RICSU',8,'2014-05-06','2014-06-03',NULL,2,6.1900000000000003907,'Richter Supermarkt','Starenweg 5','Genève','Western Europe','1204','Switzerland');
INSERT INTO "Order" VALUES(11076,'BONAP',4,'2014-05-06','2014-06-03',NULL,2,38.280000000000002913,'Bon app''','12, rue des Bouchers','Marseille','Western Europe','13008','France');
INSERT INTO "Order" VALUES(11077,'RATTC',1,'2014-05-06','2014-06-03',NULL,2,8.5299999999999993605,'Rattlesnake Canyon Grocery','2817 Milton Dr.','Albuquerque','North America','87110','USA');
INSERT INTO Product VALUES(1,'Chai',1,1,'10 boxes x 20 bags',18,39,0,10,0);
INSERT INTO Product VALUES(2,'Chang',1,1,'24 - 12 oz bottles',19,17,40,25,0);
INSERT INTO Product VALUES(3,'Aniseed Syrup',1,2,'12 - 550 ml bottles',10,13,70,25,0);
INSERT INTO Product VALUES(4,'Chef Anton''s Cajun Seasoning',2,2,'48 - 6 oz jars',22,53,0,0,0);
INSERT INTO Product VALUES(5,'Chef Anton''s Gumbo Mix',2,2,'36 boxes',21.350000000000002309,0,0,0,1);
INSERT INTO Product VALUES(6,'Grandma''s Boysenberry Spread',3,2,'12 - 8 oz jars',25,120,0,25,0);
INSERT INTO Product VALUES(7,'Uncle Bob''s Organic Dried Pears',3,7,'12 - 1 lb pkgs.',30,15,0,10,0);
INSERT INTO Product VALUES(8,'Northwoods Cranberry Sauce',3,2,'12 - 12 oz jars',40,6,0,0,0);
INSERT INTO Product VALUES(9,'Mishi Kobe Niku',4,6,'18 - 500 g pkgs.',97,29,0,0,1);
INSERT INTO Product VALUES(10,'Ikura',4,8,'12 - 200 ml jars',31,31,0,0,0);
INSERT INTO Product VALUES(11,'Queso Cabrales',5,4,'1 kg pkg.',21,22,30,30,0);
INSERT INTO Product VALUES(12,'Queso Manchego La Pastora',5,4,'10 - 500 g pkgs.',38,86,0,0,0);
INSERT INTO Product VALUES(13,'Konbu',6,8,'2 kg box',6,24,0,5,0);
INSERT INTO Product VALUES(14,'Tofu',6,7,'40 - 100 g pkgs.',23.250000000000001776,35,0,0,0);
INSERT INTO Product VALUES(15,'Genen Shouyu',6,2,'24 - 250 ml bottles',15.5,39,0,5,0);
INSERT INTO Product VALUES(16,'Pavlova',7,3,'32 - 500 g boxes',17.449999999999999289,29,0,10,0);
INSERT INTO Product VALUES(17,'Alice Mutton',7,6,'20 - 1 kg tins',39,0,0,0,1);
INSERT INTO Product VALUES(18,'Carnarvon Tigers',7,8,'16 kg pkg.',62.5,42,0,0,0);
INSERT INTO Product VALUES(19,'Teatime Chocolate Biscuits',8,3,'10 boxes x 12 pieces',9.1999999999999992894,25,0,5,0);
INSERT INTO Product VALUES(20,'Sir Rodney''s Marmalade',8,3,'30 gift boxes',81,40,0,0,0);
INSERT INTO Product VALUES(21,'Sir Rodney''s Scones',8,3,'24 pkgs. x 4 pieces',10,3,40,5,0);
INSERT INTO Product VALUES(22,'Gustaf''s Knäckebröd',9,5,'24 - 500 g pkgs.',21,104,0,25,0);
INSERT INTO Product VALUES(23,'Tunnbröd',9,5,'12 - 250 g pkgs.',9,61,0,25,0);
INSERT INTO Product VALUES(24,'Guaraná Fantástica',10,1,'12 - 355 ml cans',4.5,20,0,0,1);
INSERT INTO Product VALUES(25,'NuNuCa Nuß-Nougat-Creme',11,3,'20 - 450 g glasses',14,76,0,30,0);
INSERT INTO Product VALUES(26,'Gumbär Gummibärchen',11,3,'100 - 250 g bags',31.230000000000002202,15,0,0,0);
INSERT INTO Product VALUES(27,'Schoggi Schokolade',11,3,'100 - 100 g pieces',43.899999999999996802,49,0,30,0);
INSERT INTO Product VALUES(28,'Rössle Sauerkraut',12,7,'25 - 825 g cans',45.600000000000004973,26,0,0,1);
INSERT INTO Product VALUES(29,'Thüringer Rostbratwurst',12,6,'50 bags x 30 sausgs.',123.79000000000000003,0,0,0,1);
INSERT INTO Product VALUES(30,'Nord-Ost Matjeshering',13,8,'10 - 200 g glasses',25.88999999999999968,10,0,15,0);
INSERT INTO Product VALUES(31,'Gorgonzola Telino',14,4,'12 - 100 g pkgs',12.5,0,70,20,0);
INSERT INTO Product VALUES(32,'Mascarpone Fabioli',14,4,'24 - 200 g pkgs.',32,9,40,25,0);
INSERT INTO Product VALUES(33,'Geitost',15,4,'500 g',2.5,112,0,20,0);
INSERT INTO Product VALUES(34,'Sasquatch Ale',16,1,'24 - 12 oz bottles',14,111,0,15,0);
INSERT INTO Product VALUES(35,'Steeleye Stout',16,1,'24 - 12 oz bottles',18,20,0,15,0);
INSERT INTO Product VALUES(36,'Inlagd Sill',17,8,'24 - 250 g  jars',19,112,0,20,0);
INSERT INTO Product VALUES(37,'Gravad lax',17,8,'12 - 500 g pkgs.',26,11,50,25,0);
INSERT INTO Product VALUES(38,'Côte de Blaye',18,1,'12 - 75 cl bottles',263.49999999999997868,17,0,15,0);
INSERT INTO Product VALUES(39,'Chartreuse verte',18,1,'750 cc per bottle',18,69,0,5,0);
INSERT INTO Product VALUES(40,'Boston Crab Meat',19,8,'24 - 4 oz tins',18.399999999999998578,123,0,30,0);
INSERT INTO Product VALUES(41,'Jack''s New England Clam Chowder',19,8,'12 - 12 oz cans',9.6500000000000003552,85,0,10,0);
INSERT INTO Product VALUES(42,'Singaporean Hokkien Fried Mee',20,5,'32 - 1 kg pkgs.',14,26,0,0,1);
INSERT INTO Product VALUES(43,'Ipoh Coffee',20,1,'16 - 500 g tins',46,17,10,25,0);
INSERT INTO Product VALUES(44,'Gula Malacca',20,2,'20 - 2 kg bags',19.449999999999999289,27,0,15,0);
INSERT INTO Product VALUES(45,'Rogede sild',21,8,'1k pkg.',9.5,5,70,15,0);
INSERT INTO Product VALUES(46,'Spegesild',21,8,'4 - 450 g glasses',12,95,0,0,0);
INSERT INTO Product VALUES(47,'Zaanse koeken',22,3,'10 - 4 oz boxes',9.5,36,0,0,0);
INSERT INTO Product VALUES(48,'Chocolade',22,3,'10 pkgs.',12.749999999999999111,15,70,25,0);
INSERT INTO Product VALUES(49,'Maxilaku',23,3,'24 - 50 g pkgs.',20,10,60,15,0);
INSERT INTO Product VALUES(50,'Valkoinen suklaa',23,3,'12 - 100 g bars',16.25,65,0,30,0);
INSERT INTO Product VALUES(51,'Manjimup Dried Apples',24,7,'50 - 300 g pkgs.',53,20,0,10,0);
INSERT INTO Product VALUES(52,'Filo Mix',24,5,'16 - 2 kg boxes',7,38,0,25,0);
INSERT INTO Product VALUES(53,'Perth Pasties',24,6,'48 pieces',32.799999999999998046,0,0,0,1);
INSERT INTO Product VALUES(54,'Tourtière',25,6,'16 pies',7.4500000000000001776,21,0,10,0);
INSERT INTO Product VALUES(55,'Pâté chinois',25,6,'24 boxes x 2 pies',24,115,0,20,0);
INSERT INTO Product VALUES(56,'Gnocchi di nonna Alice',26,5,'24 - 250 g pkgs.',38,21,10,30,0);
INSERT INTO Product VALUES(57,'Ravioli Angelo',26,5,'24 - 250 g pkgs.',19.5,36,0,20,0);
INSERT INTO Product VALUES(58,'Escargots de Bourgogne',27,8,'24 pieces',13.249999999999999555,62,0,20,0);
INSERT INTO Product VALUES(59,'Raclette Courdavault',28,4,'5 kg pkg.',55,79,0,0,0);
INSERT INTO Product VALUES(60,'Camembert Pierrot',28,4,'15 - 300 g rounds',34,19,0,0,0);
INSERT INTO Product VALUES(61,'Sirop d''érable',29,2,'24 - 500 ml bottles',28.5,113,0,25,0);
INSERT INTO Product VALUES(62,'Tarte au sucre',29,3,'48 pies',49.299999999999997157,17,0,0,0);
INSERT INTO Product VALUES(63,'Vegie-spread',7,2,'15 - 625 g jars',43.899999999999996802,24,0,5,0);
INSERT INTO Product VALUES(64,'Wimmers gute Semmelknödel',12,5,'20 bags x 4 pieces',33.250000000000001776,22,80,30,0);
INSERT INTO Product VALUES(65,'Louisiana Fiery Hot Pepper Sauce',2,2,'32 - 8 oz bottles',21.049999999999999822,76,0,0,0);
INSERT INTO Product VALUES(66,'Louisiana Hot Spiced Okra',2,2,'24 - 8 oz jars',17,4,100,20,0);
INSERT INTO Product VALUES(67,'Laughing Lumberjack Lager',16,1,'24 - 12 oz bottles',14,52,0,10,0);
INSERT INTO Product VALUES(68,'Scottish Longbreads',8,3,'10 boxes x 8 pieces',12.5,6,10,15,0);
INSERT INTO Product VALUES(69,'Gudbrandsdalsost',15,4,'10 kg pkg.',36,26,0,15,0);
INSERT INTO Product VALUES(70,'Outback Lager',7,1,'24 - 355 ml bottles',15,15,10,30,0);
INSERT INTO Product VALUES(71,'Flotemysost',15,4,'10 - 500 g pkgs.',21.499999999999999111,26,0,0,0);
INSERT INTO Product VALUES(72,'Mozzarella di Giovanni',14,4,'24 - 200 g pkgs.',34.799999999999995381,14,0,0,0);
INSERT INTO Product VALUES(73,'Röd Kaviar',17,8,'24 - 150 g jars',15,101,0,5,0);
INSERT INTO Product VALUES(74,'Longlife Tofu',4,7,'5 kg pkg.',10,4,20,5,0);
INSERT INTO Product VALUES(75,'Rhönbräu Klosterbier',12,1,'24 - 0.5 l bottles',7.75,125,0,25,0);
INSERT INTO Product VALUES(76,'Lakkalikööri',23,1,'500 ml',18,57,0,20,0);
INSERT INTO Product VALUES(77,'Original Frankfurter grüne Soße',12,2,'12 boxes',13,32,0,15,0);
INSERT INTO OrderDetail VALUES('10248/11',10248,11,14,12,0.0);
INSERT INTO OrderDetail VALUES('10248/42',10248,42,9.8000000000000007105,10,0.0);
INSERT INTO OrderDetail VALUES('10248/72',10248,72,34.799999999999995381,5,0.0);
INSERT INTO OrderDetail VALUES('10249/14',10249,14,18.600000000000001421,9,0.0);
INSERT INTO OrderDetail VALUES('10249/51',10249,51,42.400000000000002131,40,0.0);
INSERT INTO OrderDetail VALUES('10250/41',10250,41,7.7000000000000001776,10,0.0);
INSERT INTO OrderDetail VALUES('10250/51',10250,51,42.400000000000002131,35,0.15);
INSERT INTO OrderDetail VALUES('10250/65',10250,65,16.800000000000001598,15,0.15);
INSERT INTO OrderDetail VALUES('10251/22',10251,22,16.800000000000001598,6,0.05);
INSERT INTO OrderDetail VALUES('10251/57',10251,57,15.600000000000000532,15,0.05);
INSERT INTO OrderDetail VALUES('10251/65',10251,65,16.800000000000001598,20,0.0);
INSERT INTO OrderDetail VALUES('10252/20',10252,20,64.799999999999995381,40,0.05);
INSERT INTO OrderDetail VALUES('10252/33',10252,33,2,25,0.05);
INSERT INTO OrderDetail VALUES('10252/60',10252,60,27.199999999999997513,40,0.0);
INSERT INTO OrderDetail VALUES('10253/31',10253,31,10,20,0.0);
INSERT INTO OrderDetail VALUES('10253/39',10253,39,14.399999999999999467,42,0.0);
INSERT INTO OrderDetail VALUES('10253/49',10253,49,16,40,0.0);
INSERT INTO OrderDetail VALUES('10254/24',10254,24,3.6000000000000000888,15,0.15);
INSERT INTO OrderDetail VALUES('10254/55',10254,55,19.199999999999999289,21,0.15);
INSERT INTO OrderDetail VALUES('10254/74',10254,74,8,21,0.0);
INSERT INTO OrderDetail VALUES('10255/2',10255,2,15.200000000000000177,20,0.0);
INSERT INTO OrderDetail VALUES('10255/16',10255,16,13.900000000000001243,35,0.0);
INSERT INTO OrderDetail VALUES('10255/36',10255,36,15.200000000000000177,25,0.0);
INSERT INTO OrderDetail VALUES('10255/59',10255,59,44,30,0.0);
INSERT INTO OrderDetail VALUES('10256/53',10256,53,26.200000000000001065,15,0.0);
INSERT INTO OrderDetail VALUES('10256/77',10256,77,10.400000000000000355,12,0.0);
INSERT INTO OrderDetail VALUES('10257/27',10257,27,35.100000000000002309,25,0.0);
INSERT INTO OrderDetail VALUES('10257/39',10257,39,14.399999999999999467,6,0.0);
INSERT INTO OrderDetail VALUES('10257/77',10257,77,10.400000000000000355,15,0.0);
INSERT INTO OrderDetail VALUES('10258/2',10258,2,15.200000000000000177,50,0.2);
INSERT INTO OrderDetail VALUES('10258/5',10258,5,17,65,0.2);
INSERT INTO OrderDetail VALUES('10258/32',10258,32,25.600000000000000532,6,0.2);
INSERT INTO OrderDetail VALUES('10259/21',10259,21,8,10,0.0);
INSERT INTO OrderDetail VALUES('10259/37',10259,37,20.80000000000000071,1,0.0);
INSERT INTO OrderDetail VALUES('10260/41',10260,41,7.7000000000000001776,16,0.25);
INSERT INTO OrderDetail VALUES('10260/57',10260,57,15.600000000000000532,50,0.0);
INSERT INTO OrderDetail VALUES('10260/62',10260,62,39.399999999999998578,15,0.25);
INSERT INTO OrderDetail VALUES('10260/70',10260,70,12,21,0.25);
INSERT INTO OrderDetail VALUES('10261/21',10261,21,8,20,0.0);
INSERT INTO OrderDetail VALUES('10261/35',10261,35,14.399999999999999467,20,0.0);
INSERT INTO OrderDetail VALUES('10262/5',10262,5,17,12,0.2);
INSERT INTO OrderDetail VALUES('10262/7',10262,7,24,15,0.0);
INSERT INTO OrderDetail VALUES('10262/56',10262,56,30.400000000000000355,2,0.0);
INSERT INTO OrderDetail VALUES('10263/16',10263,16,13.900000000000001243,60,0.25);
INSERT INTO OrderDetail VALUES('10263/24',10263,24,3.6000000000000000888,28,0.0);
INSERT INTO OrderDetail VALUES('10263/30',10263,30,20.699999999999998401,60,0.25);
INSERT INTO OrderDetail VALUES('10263/74',10263,74,8,36,0.25);
INSERT INTO OrderDetail VALUES('10264/2',10264,2,15.200000000000000177,35,0.0);
INSERT INTO OrderDetail VALUES('10264/41',10264,41,7.7000000000000001776,25,0.15);
INSERT INTO OrderDetail VALUES('10265/17',10265,17,31.200000000000001065,30,0.0);
INSERT INTO OrderDetail VALUES('10265/70',10265,70,12,20,0.0);
INSERT INTO OrderDetail VALUES('10266/12',10266,12,30.400000000000000355,12,0.05);
INSERT INTO OrderDetail VALUES('10267/40',10267,40,14.699999999999999289,50,0.0);
INSERT INTO OrderDetail VALUES('10267/59',10267,59,44,70,0.15);
INSERT INTO OrderDetail VALUES('10267/76',10267,76,14.399999999999999467,15,0.15);
INSERT INTO OrderDetail VALUES('10268/29',10268,29,99,10,0.0);
INSERT INTO OrderDetail VALUES('10268/72',10268,72,27.800000000000002486,4,0.0);
INSERT INTO OrderDetail VALUES('10269/33',10269,33,2,60,0.05);
INSERT INTO OrderDetail VALUES('10269/72',10269,72,27.800000000000002486,20,0.05);
INSERT INTO OrderDetail VALUES('10270/36',10270,36,15.200000000000000177,30,0.0);
INSERT INTO OrderDetail VALUES('10270/43',10270,43,36.799999999999997157,25,0.0);
INSERT INTO OrderDetail VALUES('10271/33',10271,33,2,24,0.0);
INSERT INTO OrderDetail VALUES('10272/20',10272,20,64.799999999999995381,6,0.0);
INSERT INTO OrderDetail VALUES('10272/31',10272,31,10,40,0.0);
INSERT INTO OrderDetail VALUES('10272/72',10272,72,27.800000000000002486,24,0.0);
INSERT INTO OrderDetail VALUES('10273/10',10273,10,24.799999999999999822,24,0.05);
INSERT INTO OrderDetail VALUES('10273/31',10273,31,10,15,0.05);
INSERT INTO OrderDetail VALUES('10273/33',10273,33,2,20,0.0);
INSERT INTO OrderDetail VALUES('10273/40',10273,40,14.699999999999999289,60,0.05);
INSERT INTO OrderDetail VALUES('10273/76',10273,76,14.399999999999999467,33,0.05);
INSERT INTO OrderDetail VALUES('10274/71',10274,71,17.199999999999999289,20,0.0);
INSERT INTO OrderDetail VALUES('10274/72',10274,72,27.800000000000002486,7,0.0);
INSERT INTO OrderDetail VALUES('10275/24',10275,24,3.6000000000000000888,12,0.05);
INSERT INTO OrderDetail VALUES('10275/59',10275,59,44,6,0.05);
INSERT INTO OrderDetail VALUES('10276/10',10276,10,24.799999999999999822,15,0.0);
INSERT INTO OrderDetail VALUES('10276/13',10276,13,4.7999999999999998223,10,0.0);
INSERT INTO OrderDetail VALUES('10277/28',10277,28,36.399999999999996802,20,0.0);
INSERT INTO OrderDetail VALUES('10277/62',10277,62,39.399999999999998578,12,0.0);
INSERT INTO OrderDetail VALUES('10278/44',10278,44,15.5,16,0.0);
INSERT INTO OrderDetail VALUES('10278/59',10278,59,44,15,0.0);
INSERT INTO OrderDetail VALUES('10278/63',10278,63,35.100000000000002309,8,0.0);
INSERT INTO OrderDetail VALUES('10278/73',10278,73,12,25,0.0);
INSERT INTO OrderDetail VALUES('10279/17',10279,17,31.200000000000001065,15,0.25);
INSERT INTO OrderDetail VALUES('10280/24',10280,24,3.6000000000000000888,12,0.0);
INSERT INTO OrderDetail VALUES('10280/55',10280,55,19.199999999999999289,20,0.0);
INSERT INTO OrderDetail VALUES('10280/75',10280,75,6.2000000000000001776,30,0.0);
INSERT INTO OrderDetail VALUES('10281/19',10281,19,7.2999999999999998223,1,0.0);
INSERT INTO OrderDetail VALUES('10281/24',10281,24,3.6000000000000000888,6,0.0);
INSERT INTO OrderDetail VALUES('10281/35',10281,35,14.399999999999999467,4,0.0);
INSERT INTO OrderDetail VALUES('10282/30',10282,30,20.699999999999998401,6,0.0);
INSERT INTO OrderDetail VALUES('10282/57',10282,57,15.600000000000000532,2,0.0);
INSERT INTO OrderDetail VALUES('10283/15',10283,15,12.399999999999999911,20,0.0);
INSERT INTO OrderDetail VALUES('10283/19',10283,19,7.2999999999999998223,18,0.0);
INSERT INTO OrderDetail VALUES('10283/60',10283,60,27.199999999999997513,35,0.0);
INSERT INTO OrderDetail VALUES('10283/72',10283,72,27.800000000000002486,3,0.0);
INSERT INTO OrderDetail VALUES('10284/27',10284,27,35.100000000000002309,15,0.25);
INSERT INTO OrderDetail VALUES('10284/44',10284,44,15.5,21,0.0);
INSERT INTO OrderDetail VALUES('10284/60',10284,60,27.199999999999997513,20,0.25);
INSERT INTO OrderDetail VALUES('10284/67',10284,67,11.199999999999998845,5,0.25);
INSERT INTO OrderDetail VALUES('10285/1',10285,1,14.399999999999999467,45,0.2);
INSERT INTO OrderDetail VALUES('10285/40',10285,40,14.699999999999999289,40,0.2);
INSERT INTO OrderDetail VALUES('10285/53',10285,53,26.200000000000001065,36,0.2);
INSERT INTO OrderDetail VALUES('10286/35',10286,35,14.399999999999999467,100,0.0);
INSERT INTO OrderDetail VALUES('10286/62',10286,62,39.399999999999998578,40,0.0);
INSERT INTO OrderDetail VALUES('10287/16',10287,16,13.900000000000001243,40,0.15);
INSERT INTO OrderDetail VALUES('10287/34',10287,34,11.199999999999998845,20,0.0);
INSERT INTO OrderDetail VALUES('10287/46',10287,46,9.5999999999999996447,15,0.15);
INSERT INTO OrderDetail VALUES('10288/54',10288,54,5.9000000000000003552,10,0.1);
INSERT INTO OrderDetail VALUES('10288/68',10288,68,10,3,0.1);
INSERT INTO OrderDetail VALUES('10289/3',10289,3,8,30,0.0);
INSERT INTO OrderDetail VALUES('10289/64',10289,64,26.600000000000001421,9,0.0);
INSERT INTO OrderDetail VALUES('10290/5',10290,5,17,20,0.0);
INSERT INTO OrderDetail VALUES('10290/29',10290,29,99,15,0.0);
INSERT INTO OrderDetail VALUES('10290/49',10290,49,16,15,0.0);
INSERT INTO OrderDetail VALUES('10290/77',10290,77,10.400000000000000355,10,0.0);
INSERT INTO OrderDetail VALUES('10291/13',10291,13,4.7999999999999998223,20,0.1);
INSERT INTO OrderDetail VALUES('10291/44',10291,44,15.5,24,0.1);
INSERT INTO OrderDetail VALUES('10291/51',10291,51,42.400000000000002131,2,0.1);
INSERT INTO OrderDetail VALUES('10292/20',10292,20,64.799999999999995381,20,0.0);
INSERT INTO OrderDetail VALUES('10293/18',10293,18,50,12,0.0);
INSERT INTO OrderDetail VALUES('10293/24',10293,24,3.6000000000000000888,10,0.0);
INSERT INTO OrderDetail VALUES('10293/63',10293,63,35.100000000000002309,5,0.0);
INSERT INTO OrderDetail VALUES('10293/75',10293,75,6.2000000000000001776,6,0.0);
INSERT INTO OrderDetail VALUES('10294/1',10294,1,14.399999999999999467,18,0.0);
INSERT INTO OrderDetail VALUES('10294/17',10294,17,31.200000000000001065,15,0.0);
INSERT INTO OrderDetail VALUES('10294/43',10294,43,36.799999999999997157,15,0.0);
INSERT INTO OrderDetail VALUES('10294/60',10294,60,27.199999999999997513,21,0.0);
INSERT INTO OrderDetail VALUES('10294/75',10294,75,6.2000000000000001776,6,0.0);
INSERT INTO OrderDetail VALUES('10295/56',10295,56,30.400000000000000355,4,0.0);
INSERT INTO OrderDetail VALUES('10296/11',10296,11,16.800000000000001598,12,0.0);
INSERT INTO OrderDetail VALUES('10296/16',10296,16,13.900000000000001243,30,0.0);
INSERT INTO OrderDetail VALUES('10296/69',10296,69,28.799999999999998934,15,0.0);
INSERT INTO OrderDetail VALUES('10297/39',10297,39,14.399999999999999467,60,0.0);
INSERT INTO OrderDetail VALUES('10297/72',10297,72,27.800000000000002486,20,0.0);
INSERT INTO OrderDetail VALUES('10298/2',10298,2,15.200000000000000177,40,0.0);
INSERT INTO OrderDetail VALUES('10298/36',10298,36,15.200000000000000177,40,0.25);
INSERT INTO OrderDetail VALUES('10298/59',10298,59,44,30,0.25);
INSERT INTO OrderDetail VALUES('10298/62',10298,62,39.399999999999998578,15,0.0);
INSERT INTO OrderDetail VALUES('10299/19',10299,19,7.2999999999999998223,15,0.0);
INSERT INTO OrderDetail VALUES('10299/70',10299,70,12,20,0.0);
INSERT INTO OrderDetail VALUES('10300/66',10300,66,13.599999999999998756,30,0.0);
INSERT INTO OrderDetail VALUES('10300/68',10300,68,10,20,0.0);
INSERT INTO OrderDetail VALUES('10301/40',10301,40,14.699999999999999289,10,0.0);
INSERT INTO OrderDetail VALUES('10301/56',10301,56,30.400000000000000355,20,0.0);
INSERT INTO OrderDetail VALUES('10302/17',10302,17,31.200000000000001065,40,0.0);
INSERT INTO OrderDetail VALUES('10302/28',10302,28,36.399999999999996802,28,0.0);
INSERT INTO OrderDetail VALUES('10302/43',10302,43,36.799999999999997157,12,0.0);
INSERT INTO OrderDetail VALUES('10303/40',10303,40,14.699999999999999289,40,0.1);
INSERT INTO OrderDetail VALUES('10303/65',10303,65,16.800000000000001598,30,0.1);
INSERT INTO OrderDetail VALUES('10303/68',10303,68,10,15,0.1);
INSERT INTO OrderDetail VALUES('10304/49',10304,49,16,30,0.0);
INSERT INTO OrderDetail VALUES('10304/59',10304,59,44,10,0.0);
INSERT INTO OrderDetail VALUES('10304/71',10304,71,17.199999999999999289,2,0.0);
INSERT INTO OrderDetail VALUES('10305/18',10305,18,50,25,0.1);
INSERT INTO OrderDetail VALUES('10305/29',10305,29,99,25,0.1);
INSERT INTO OrderDetail VALUES('10305/39',10305,39,14.399999999999999467,30,0.1);
INSERT INTO OrderDetail VALUES('10306/30',10306,30,20.699999999999998401,10,0.0);
INSERT INTO OrderDetail VALUES('10306/53',10306,53,26.200000000000001065,10,0.0);
INSERT INTO OrderDetail VALUES('10306/54',10306,54,5.9000000000000003552,5,0.0);
INSERT INTO OrderDetail VALUES('10307/62',10307,62,39.399999999999998578,10,0.0);
INSERT INTO OrderDetail VALUES('10307/68',10307,68,10,3,0.0);
INSERT INTO OrderDetail VALUES('10308/69',10308,69,28.799999999999998934,1,0.0);
INSERT INTO OrderDetail VALUES('10308/70',10308,70,12,5,0.0);
INSERT INTO OrderDetail VALUES('10309/4',10309,4,17.600000000000002309,20,0.0);
INSERT INTO OrderDetail VALUES('10309/6',10309,6,20,30,0.0);
INSERT INTO OrderDetail VALUES('10309/42',10309,42,11.199999999999998845,2,0.0);
INSERT INTO OrderDetail VALUES('10309/43',10309,43,36.799999999999997157,20,0.0);
INSERT INTO OrderDetail VALUES('10309/71',10309,71,17.199999999999999289,3,0.0);
INSERT INTO OrderDetail VALUES('10310/16',10310,16,13.900000000000001243,10,0.0);
INSERT INTO OrderDetail VALUES('10310/62',10310,62,39.399999999999998578,5,0.0);
INSERT INTO OrderDetail VALUES('10311/42',10311,42,11.199999999999998845,6,0.0);
INSERT INTO OrderDetail VALUES('10311/69',10311,69,28.799999999999998934,7,0.0);
INSERT INTO OrderDetail VALUES('10312/28',10312,28,36.399999999999996802,4,0.0);
INSERT INTO OrderDetail VALUES('10312/43',10312,43,36.799999999999997157,24,0.0);
INSERT INTO OrderDetail VALUES('10312/53',10312,53,26.200000000000001065,20,0.0);
INSERT INTO OrderDetail VALUES('10312/75',10312,75,6.2000000000000001776,10,0.0);
INSERT INTO OrderDetail VALUES('10313/36',10313,36,15.200000000000000177,12,0.0);
INSERT INTO OrderDetail VALUES('10314/32',10314,32,25.600000000000000532,40,0.1);
INSERT INTO OrderDetail VALUES('10314/58',10314,58,10.600000000000000532,30,0.1);
INSERT INTO OrderDetail VALUES('10314/62',10314,62,39.399999999999998578,25,0.1);
INSERT INTO OrderDetail VALUES('10315/34',10315,34,11.199999999999998845,14,0.0);
INSERT INTO OrderDetail VALUES('10315/70',10315,70,12,30,0.0);
INSERT INTO OrderDetail VALUES('10316/41',10316,41,7.7000000000000001776,10,0.0);
INSERT INTO OrderDetail VALUES('10316/62',10316,62,39.399999999999998578,70,0.0);
INSERT INTO OrderDetail VALUES('10317/1',10317,1,14.399999999999999467,20,0.0);
INSERT INTO OrderDetail VALUES('10318/41',10318,41,7.7000000000000001776,20,0.0);
INSERT INTO OrderDetail VALUES('10318/76',10318,76,14.399999999999999467,6,0.0);
INSERT INTO OrderDetail VALUES('10319/17',10319,17,31.200000000000001065,8,0.0);
INSERT INTO OrderDetail VALUES('10319/28',10319,28,36.399999999999996802,14,0.0);
INSERT INTO OrderDetail VALUES('10319/76',10319,76,14.399999999999999467,30,0.0);
INSERT INTO OrderDetail VALUES('10320/71',10320,71,17.199999999999999289,30,0.0);
INSERT INTO OrderDetail VALUES('10321/35',10321,35,14.399999999999999467,10,0.0);
INSERT INTO OrderDetail VALUES('10322/52',10322,52,5.5999999999999996447,20,0.0);
INSERT INTO OrderDetail VALUES('10323/15',10323,15,12.399999999999999911,5,0.0);
INSERT INTO OrderDetail VALUES('10323/25',10323,25,11.199999999999998845,4,0.0);
INSERT INTO OrderDetail VALUES('10323/39',10323,39,14.399999999999999467,4,0.0);
INSERT INTO OrderDetail VALUES('10324/16',10324,16,13.900000000000001243,21,0.15);
INSERT INTO OrderDetail VALUES('10324/35',10324,35,14.399999999999999467,70,0.15);
INSERT INTO OrderDetail VALUES('10324/46',10324,46,9.5999999999999996447,30,0.0);
INSERT INTO OrderDetail VALUES('10324/59',10324,59,44,40,0.15);
INSERT INTO OrderDetail VALUES('10324/63',10324,63,35.100000000000002309,80,0.15);
INSERT INTO OrderDetail VALUES('10325/6',10325,6,20,6,0.0);
INSERT INTO OrderDetail VALUES('10325/13',10325,13,4.7999999999999998223,12,0.0);
INSERT INTO OrderDetail VALUES('10325/14',10325,14,18.600000000000001421,9,0.0);
INSERT INTO OrderDetail VALUES('10325/31',10325,31,10,4,0.0);
INSERT INTO OrderDetail VALUES('10325/72',10325,72,27.800000000000002486,40,0.0);
INSERT INTO OrderDetail VALUES('10326/4',10326,4,17.600000000000002309,24,0.0);
INSERT INTO OrderDetail VALUES('10326/57',10326,57,15.600000000000000532,16,0.0);
INSERT INTO OrderDetail VALUES('10326/75',10326,75,6.2000000000000001776,50,0.0);
INSERT INTO OrderDetail VALUES('10327/2',10327,2,15.200000000000000177,25,0.2);
INSERT INTO OrderDetail VALUES('10327/11',10327,11,16.800000000000001598,50,0.2);
INSERT INTO OrderDetail VALUES('10327/30',10327,30,20.699999999999998401,35,0.2);
INSERT INTO OrderDetail VALUES('10327/58',10327,58,10.600000000000000532,30,0.2);
INSERT INTO OrderDetail VALUES('10328/59',10328,59,44,9,0.0);
INSERT INTO OrderDetail VALUES('10328/65',10328,65,16.800000000000001598,40,0.0);
INSERT INTO OrderDetail VALUES('10328/68',10328,68,10,10,0.0);
INSERT INTO OrderDetail VALUES('10329/19',10329,19,7.2999999999999998223,10,0.05);
INSERT INTO OrderDetail VALUES('10329/30',10329,30,20.699999999999998401,8,0.05);
INSERT INTO OrderDetail VALUES('10329/38',10329,38,210.80000000000000959,20,0.05);
INSERT INTO OrderDetail VALUES('10329/56',10329,56,30.400000000000000355,12,0.05);
INSERT INTO OrderDetail VALUES('10330/26',10330,26,24.89999999999999769,50,0.15);
INSERT INTO OrderDetail VALUES('10330/72',10330,72,27.800000000000002486,25,0.15);
INSERT INTO OrderDetail VALUES('10331/54',10331,54,5.9000000000000003552,15,0.0);
INSERT INTO OrderDetail VALUES('10332/18',10332,18,50,40,0.2);
INSERT INTO OrderDetail VALUES('10332/42',10332,42,11.199999999999998845,10,0.2);
INSERT INTO OrderDetail VALUES('10332/47',10332,47,7.5999999999999996447,16,0.2);
INSERT INTO OrderDetail VALUES('10333/14',10333,14,18.600000000000001421,10,0.0);
INSERT INTO OrderDetail VALUES('10333/21',10333,21,8,10,0.1);
INSERT INTO OrderDetail VALUES('10333/71',10333,71,17.199999999999999289,40,0.1);
INSERT INTO OrderDetail VALUES('10334/52',10334,52,5.5999999999999996447,8,0.0);
INSERT INTO OrderDetail VALUES('10334/68',10334,68,10,10,0.0);
INSERT INTO OrderDetail VALUES('10335/2',10335,2,15.200000000000000177,7,0.2);
INSERT INTO OrderDetail VALUES('10335/31',10335,31,10,25,0.2);
INSERT INTO OrderDetail VALUES('10335/32',10335,32,25.600000000000000532,6,0.2);
INSERT INTO OrderDetail VALUES('10335/51',10335,51,42.400000000000002131,48,0.2);
INSERT INTO OrderDetail VALUES('10336/4',10336,4,17.600000000000002309,18,0.1);
INSERT INTO OrderDetail VALUES('10337/23',10337,23,7.2000000000000001776,40,0.0);
INSERT INTO OrderDetail VALUES('10337/26',10337,26,24.89999999999999769,24,0.0);
INSERT INTO OrderDetail VALUES('10337/36',10337,36,15.200000000000000177,20,0.0);
INSERT INTO OrderDetail VALUES('10337/37',10337,37,20.80000000000000071,28,0.0);
INSERT INTO OrderDetail VALUES('10337/72',10337,72,27.800000000000002486,25,0.0);
INSERT INTO OrderDetail VALUES('10338/17',10338,17,31.200000000000001065,20,0.0);
INSERT INTO OrderDetail VALUES('10338/30',10338,30,20.699999999999998401,15,0.0);
INSERT INTO OrderDetail VALUES('10339/4',10339,4,17.600000000000002309,10,0.0);
INSERT INTO OrderDetail VALUES('10339/17',10339,17,31.200000000000001065,70,0.05);
INSERT INTO OrderDetail VALUES('10339/62',10339,62,39.399999999999998578,28,0.0);
INSERT INTO OrderDetail VALUES('10340/18',10340,18,50,20,0.05);
INSERT INTO OrderDetail VALUES('10340/41',10340,41,7.7000000000000001776,12,0.05);
INSERT INTO OrderDetail VALUES('10340/43',10340,43,36.799999999999997157,40,0.05);
INSERT INTO OrderDetail VALUES('10341/33',10341,33,2,8,0.0);
INSERT INTO OrderDetail VALUES('10341/59',10341,59,44,9,0.15);
INSERT INTO OrderDetail VALUES('10342/2',10342,2,15.200000000000000177,24,0.2);
INSERT INTO OrderDetail VALUES('10342/31',10342,31,10,56,0.2);
INSERT INTO OrderDetail VALUES('10342/36',10342,36,15.200000000000000177,40,0.2);
INSERT INTO OrderDetail VALUES('10342/55',10342,55,19.199999999999999289,40,0.2);
INSERT INTO OrderDetail VALUES('10343/64',10343,64,26.600000000000001421,50,0.0);
INSERT INTO OrderDetail VALUES('10343/68',10343,68,10,4,0.05);
INSERT INTO OrderDetail VALUES('10343/76',10343,76,14.399999999999999467,15,0.0);
INSERT INTO OrderDetail VALUES('10344/4',10344,4,17.600000000000002309,35,0.0);
INSERT INTO OrderDetail VALUES('10344/8',10344,8,32,70,0.25);
INSERT INTO OrderDetail VALUES('10345/8',10345,8,32,70,0.0);
INSERT INTO OrderDetail VALUES('10345/19',10345,19,7.2999999999999998223,80,0.0);
INSERT INTO OrderDetail VALUES('10345/42',10345,42,11.199999999999998845,9,0.0);
INSERT INTO OrderDetail VALUES('10346/17',10346,17,31.200000000000001065,36,0.1);
INSERT INTO OrderDetail VALUES('10346/56',10346,56,30.400000000000000355,20,0.0);
INSERT INTO OrderDetail VALUES('10347/25',10347,25,11.199999999999998845,10,0.0);
INSERT INTO OrderDetail VALUES('10347/39',10347,39,14.399999999999999467,50,0.15);
INSERT INTO OrderDetail VALUES('10347/40',10347,40,14.699999999999999289,4,0.0);
INSERT INTO OrderDetail VALUES('10347/75',10347,75,6.2000000000000001776,6,0.15);
INSERT INTO OrderDetail VALUES('10348/1',10348,1,14.399999999999999467,15,0.15);
INSERT INTO OrderDetail VALUES('10348/23',10348,23,7.2000000000000001776,25,0.0);
INSERT INTO OrderDetail VALUES('10349/54',10349,54,5.9000000000000003552,24,0.0);
INSERT INTO OrderDetail VALUES('10350/50',10350,50,13,15,0.1);
INSERT INTO OrderDetail VALUES('10350/69',10350,69,28.799999999999998934,18,0.1);
INSERT INTO OrderDetail VALUES('10351/38',10351,38,210.80000000000000959,20,0.05);
INSERT INTO OrderDetail VALUES('10351/41',10351,41,7.7000000000000001776,13,0.0);
INSERT INTO OrderDetail VALUES('10351/44',10351,44,15.5,77,0.05);
INSERT INTO OrderDetail VALUES('10351/65',10351,65,16.800000000000001598,10,0.05);
INSERT INTO OrderDetail VALUES('10352/24',10352,24,3.6000000000000000888,10,0.0);
INSERT INTO OrderDetail VALUES('10352/54',10352,54,5.9000000000000003552,20,0.15);
INSERT INTO OrderDetail VALUES('10353/11',10353,11,16.800000000000001598,12,0.2);
INSERT INTO OrderDetail VALUES('10353/38',10353,38,210.80000000000000959,50,0.2);
INSERT INTO OrderDetail VALUES('10354/1',10354,1,14.399999999999999467,12,0.0);
INSERT INTO OrderDetail VALUES('10354/29',10354,29,99,4,0.0);
INSERT INTO OrderDetail VALUES('10355/24',10355,24,3.6000000000000000888,25,0.0);
INSERT INTO OrderDetail VALUES('10355/57',10355,57,15.600000000000000532,25,0.0);
INSERT INTO OrderDetail VALUES('10356/31',10356,31,10,30,0.0);
INSERT INTO OrderDetail VALUES('10356/55',10356,55,19.199999999999999289,12,0.0);
INSERT INTO OrderDetail VALUES('10356/69',10356,69,28.799999999999998934,20,0.0);
INSERT INTO OrderDetail VALUES('10357/10',10357,10,24.799999999999999822,30,0.2);
INSERT INTO OrderDetail VALUES('10357/26',10357,26,24.89999999999999769,16,0.0);
INSERT INTO OrderDetail VALUES('10357/60',10357,60,27.199999999999997513,8,0.2);
INSERT INTO OrderDetail VALUES('10358/24',10358,24,3.6000000000000000888,10,0.05);
INSERT INTO OrderDetail VALUES('10358/34',10358,34,11.199999999999998845,10,0.05);
INSERT INTO OrderDetail VALUES('10358/36',10358,36,15.200000000000000177,20,0.05);
INSERT INTO OrderDetail VALUES('10359/16',10359,16,13.900000000000001243,56,0.05);
INSERT INTO OrderDetail VALUES('10359/31',10359,31,10,70,0.05);
INSERT INTO OrderDetail VALUES('10359/60',10359,60,27.199999999999997513,80,0.05);
INSERT INTO OrderDetail VALUES('10360/28',10360,28,36.399999999999996802,30,0.0);
INSERT INTO OrderDetail VALUES('10360/29',10360,29,99,35,0.0);
INSERT INTO OrderDetail VALUES('10360/38',10360,38,210.80000000000000959,10,0.0);
INSERT INTO OrderDetail VALUES('10360/49',10360,49,16,35,0.0);
INSERT INTO OrderDetail VALUES('10360/54',10360,54,5.9000000000000003552,28,0.0);
INSERT INTO OrderDetail VALUES('10361/39',10361,39,14.399999999999999467,54,0.1);
INSERT INTO OrderDetail VALUES('10361/60',10361,60,27.199999999999997513,55,0.1);
INSERT INTO OrderDetail VALUES('10362/25',10362,25,11.199999999999998845,50,0.0);
INSERT INTO OrderDetail VALUES('10362/51',10362,51,42.400000000000002131,20,0.0);
INSERT INTO OrderDetail VALUES('10362/54',10362,54,5.9000000000000003552,24,0.0);
INSERT INTO OrderDetail VALUES('10363/31',10363,31,10,20,0.0);
INSERT INTO OrderDetail VALUES('10363/75',10363,75,6.2000000000000001776,12,0.0);
INSERT INTO OrderDetail VALUES('10363/76',10363,76,14.399999999999999467,12,0.0);
INSERT INTO OrderDetail VALUES('10364/69',10364,69,28.799999999999998934,30,0.0);
INSERT INTO OrderDetail VALUES('10364/71',10364,71,17.199999999999999289,5,0.0);
INSERT INTO OrderDetail VALUES('10365/11',10365,11,16.800000000000001598,24,0.0);
INSERT INTO OrderDetail VALUES('10366/65',10366,65,16.800000000000001598,5,0.0);
INSERT INTO OrderDetail VALUES('10366/77',10366,77,10.400000000000000355,5,0.0);
INSERT INTO OrderDetail VALUES('10367/34',10367,34,11.199999999999998845,36,0.0);
INSERT INTO OrderDetail VALUES('10367/54',10367,54,5.9000000000000003552,18,0.0);
INSERT INTO OrderDetail VALUES('10367/65',10367,65,16.800000000000001598,15,0.0);
INSERT INTO OrderDetail VALUES('10367/77',10367,77,10.400000000000000355,7,0.0);
INSERT INTO OrderDetail VALUES('10368/21',10368,21,8,5,0.1);
INSERT INTO OrderDetail VALUES('10368/28',10368,28,36.399999999999996802,13,0.1);
INSERT INTO OrderDetail VALUES('10368/57',10368,57,15.600000000000000532,25,0.0);
INSERT INTO OrderDetail VALUES('10368/64',10368,64,26.600000000000001421,35,0.1);
INSERT INTO OrderDetail VALUES('10369/29',10369,29,99,20,0.0);
INSERT INTO OrderDetail VALUES('10369/56',10369,56,30.400000000000000355,18,0.25);
INSERT INTO OrderDetail VALUES('10370/1',10370,1,14.399999999999999467,15,0.15);
INSERT INTO OrderDetail VALUES('10370/64',10370,64,26.600000000000001421,30,0.0);
INSERT INTO OrderDetail VALUES('10370/74',10370,74,8,20,0.15);
INSERT INTO OrderDetail VALUES('10371/36',10371,36,15.200000000000000177,6,0.2);
INSERT INTO OrderDetail VALUES('10372/20',10372,20,64.799999999999995381,12,0.25);
INSERT INTO OrderDetail VALUES('10372/38',10372,38,210.80000000000000959,40,0.25);
INSERT INTO OrderDetail VALUES('10372/60',10372,60,27.199999999999997513,70,0.25);
INSERT INTO OrderDetail VALUES('10372/72',10372,72,27.800000000000002486,42,0.25);
INSERT INTO OrderDetail VALUES('10373/58',10373,58,10.600000000000000532,80,0.2);
INSERT INTO OrderDetail VALUES('10373/71',10373,71,17.199999999999999289,50,0.2);
INSERT INTO OrderDetail VALUES('10374/31',10374,31,10,30,0.0);
INSERT INTO OrderDetail VALUES('10374/58',10374,58,10.600000000000000532,15,0.0);
INSERT INTO OrderDetail VALUES('10375/14',10375,14,18.600000000000001421,15,0.0);
INSERT INTO OrderDetail VALUES('10375/54',10375,54,5.9000000000000003552,10,0.0);
INSERT INTO OrderDetail VALUES('10376/31',10376,31,10,42,0.05);
INSERT INTO OrderDetail VALUES('10377/28',10377,28,36.399999999999996802,20,0.15);
INSERT INTO OrderDetail VALUES('10377/39',10377,39,14.399999999999999467,20,0.15);
INSERT INTO OrderDetail VALUES('10378/71',10378,71,17.199999999999999289,6,0.0);
INSERT INTO OrderDetail VALUES('10379/41',10379,41,7.7000000000000001776,8,0.1);
INSERT INTO OrderDetail VALUES('10379/63',10379,63,35.100000000000002309,16,0.1);
INSERT INTO OrderDetail VALUES('10379/65',10379,65,16.800000000000001598,20,0.1);
INSERT INTO OrderDetail VALUES('10380/30',10380,30,20.699999999999998401,18,0.1);
INSERT INTO OrderDetail VALUES('10380/53',10380,53,26.200000000000001065,20,0.1);
INSERT INTO OrderDetail VALUES('10380/60',10380,60,27.199999999999997513,6,0.1);
INSERT INTO OrderDetail VALUES('10380/70',10380,70,12,30,0.0);
INSERT INTO OrderDetail VALUES('10381/74',10381,74,8,14,0.0);
INSERT INTO OrderDetail VALUES('10382/5',10382,5,17,32,0.0);
INSERT INTO OrderDetail VALUES('10382/18',10382,18,50,9,0.0);
INSERT INTO OrderDetail VALUES('10382/29',10382,29,99,14,0.0);
INSERT INTO OrderDetail VALUES('10382/33',10382,33,2,60,0.0);
INSERT INTO OrderDetail VALUES('10382/74',10382,74,8,50,0.0);
INSERT INTO OrderDetail VALUES('10383/13',10383,13,4.7999999999999998223,20,0.0);
INSERT INTO OrderDetail VALUES('10383/50',10383,50,13,15,0.0);
INSERT INTO OrderDetail VALUES('10383/56',10383,56,30.400000000000000355,20,0.0);
INSERT INTO OrderDetail VALUES('10384/20',10384,20,64.799999999999995381,28,0.0);
INSERT INTO OrderDetail VALUES('10384/60',10384,60,27.199999999999997513,15,0.0);
INSERT INTO OrderDetail VALUES('10385/7',10385,7,24,10,0.2);
INSERT INTO OrderDetail VALUES('10385/60',10385,60,27.199999999999997513,20,0.2);
INSERT INTO OrderDetail VALUES('10385/68',10385,68,10,8,0.2);
INSERT INTO OrderDetail VALUES('10386/24',10386,24,3.6000000000000000888,15,0.0);
INSERT INTO OrderDetail VALUES('10386/34',10386,34,11.199999999999998845,10,0.0);
INSERT INTO OrderDetail VALUES('10387/24',10387,24,3.6000000000000000888,15,0.0);
INSERT INTO OrderDetail VALUES('10387/28',10387,28,36.399999999999996802,6,0.0);
INSERT INTO OrderDetail VALUES('10387/59',10387,59,44,12,0.0);
INSERT INTO OrderDetail VALUES('10387/71',10387,71,17.199999999999999289,15,0.0);
INSERT INTO OrderDetail VALUES('10388/45',10388,45,7.5999999999999996447,15,0.2);
INSERT INTO OrderDetail VALUES('10388/52',10388,52,5.5999999999999996447,20,0.2);
INSERT INTO OrderDetail VALUES('10388/53',10388,53,26.200000000000001065,40,0.0);
INSERT INTO OrderDetail VALUES('10389/10',10389,10,24.799999999999999822,16,0.0);
INSERT INTO OrderDetail VALUES('10389/55',10389,55,19.199999999999999289,15,0.0);
INSERT INTO OrderDetail VALUES('10389/62',10389,62,39.399999999999998578,20,0.0);
INSERT INTO OrderDetail VALUES('10389/70',10389,70,12,30,0.0);
INSERT INTO OrderDetail VALUES('10390/31',10390,31,10,60,0.1);
INSERT INTO OrderDetail VALUES('10390/35',10390,35,14.399999999999999467,40,0.1);
INSERT INTO OrderDetail VALUES('10390/46',10390,46,9.5999999999999996447,45,0.0);
INSERT INTO OrderDetail VALUES('10390/72',10390,72,27.800000000000002486,24,0.1);
INSERT INTO OrderDetail VALUES('10391/13',10391,13,4.7999999999999998223,18,0.0);
INSERT INTO OrderDetail VALUES('10392/69',10392,69,28.799999999999998934,50,0.0);
INSERT INTO OrderDetail VALUES('10393/2',10393,2,15.200000000000000177,25,0.25);
INSERT INTO OrderDetail VALUES('10393/14',10393,14,18.600000000000001421,42,0.25);
INSERT INTO OrderDetail VALUES('10393/25',10393,25,11.199999999999998845,7,0.25);
INSERT INTO OrderDetail VALUES('10393/26',10393,26,24.89999999999999769,70,0.25);
INSERT INTO OrderDetail VALUES('10393/31',10393,31,10,32,0.0);
INSERT INTO OrderDetail VALUES('10394/13',10394,13,4.7999999999999998223,10,0.0);
INSERT INTO OrderDetail VALUES('10394/62',10394,62,39.399999999999998578,10,0.0);
INSERT INTO OrderDetail VALUES('10395/46',10395,46,9.5999999999999996447,28,0.1);
INSERT INTO OrderDetail VALUES('10395/53',10395,53,26.200000000000001065,70,0.1);
INSERT INTO OrderDetail VALUES('10395/69',10395,69,28.799999999999998934,8,0.0);
INSERT INTO OrderDetail VALUES('10396/23',10396,23,7.2000000000000001776,40,0.0);
INSERT INTO OrderDetail VALUES('10396/71',10396,71,17.199999999999999289,60,0.0);
INSERT INTO OrderDetail VALUES('10396/72',10396,72,27.800000000000002486,21,0.0);
INSERT INTO OrderDetail VALUES('10397/21',10397,21,8,10,0.15);
INSERT INTO OrderDetail VALUES('10397/51',10397,51,42.400000000000002131,18,0.15);
INSERT INTO OrderDetail VALUES('10398/35',10398,35,14.399999999999999467,30,0.0);
INSERT INTO OrderDetail VALUES('10398/55',10398,55,19.199999999999999289,120,0.1);
INSERT INTO OrderDetail VALUES('10399/68',10399,68,10,60,0.0);
INSERT INTO OrderDetail VALUES('10399/71',10399,71,17.199999999999999289,30,0.0);
INSERT INTO OrderDetail VALUES('10399/76',10399,76,14.399999999999999467,35,0.0);
INSERT INTO OrderDetail VALUES('10399/77',10399,77,10.400000000000000355,14,0.0);
INSERT INTO OrderDetail VALUES('10400/29',10400,29,99,21,0.0);
INSERT INTO OrderDetail VALUES('10400/35',10400,35,14.399999999999999467,35,0.0);
INSERT INTO OrderDetail VALUES('10400/49',10400,49,16,30,0.0);
INSERT INTO OrderDetail VALUES('10401/30',10401,30,20.699999999999998401,18,0.0);
INSERT INTO OrderDetail VALUES('10401/56',10401,56,30.400000000000000355,70,0.0);
INSERT INTO OrderDetail VALUES('10401/65',10401,65,16.800000000000001598,20,0.0);
INSERT INTO OrderDetail VALUES('10401/71',10401,71,17.199999999999999289,60,0.0);
INSERT INTO OrderDetail VALUES('10402/23',10402,23,7.2000000000000001776,60,0.0);
INSERT INTO OrderDetail VALUES('10402/63',10402,63,35.100000000000002309,65,0.0);
INSERT INTO OrderDetail VALUES('10403/16',10403,16,13.900000000000001243,21,0.15);
INSERT INTO OrderDetail VALUES('10403/48',10403,48,10.200000000000000177,70,0.15);
INSERT INTO OrderDetail VALUES('10404/26',10404,26,24.89999999999999769,30,0.05);
INSERT INTO OrderDetail VALUES('10404/42',10404,42,11.199999999999998845,40,0.05);
INSERT INTO OrderDetail VALUES('10404/49',10404,49,16,30,0.05);
INSERT INTO OrderDetail VALUES('10405/3',10405,3,8,50,0.0);
INSERT INTO OrderDetail VALUES('10406/1',10406,1,14.399999999999999467,10,0.0);
INSERT INTO OrderDetail VALUES('10406/21',10406,21,8,30,0.1);
INSERT INTO OrderDetail VALUES('10406/28',10406,28,36.399999999999996802,42,0.1);
INSERT INTO OrderDetail VALUES('10406/36',10406,36,15.200000000000000177,5,0.1);
INSERT INTO OrderDetail VALUES('10406/40',10406,40,14.699999999999999289,2,0.1);
INSERT INTO OrderDetail VALUES('10407/11',10407,11,16.800000000000001598,30,0.0);
INSERT INTO OrderDetail VALUES('10407/69',10407,69,28.799999999999998934,15,0.0);
INSERT INTO OrderDetail VALUES('10407/71',10407,71,17.199999999999999289,15,0.0);
INSERT INTO OrderDetail VALUES('10408/37',10408,37,20.80000000000000071,10,0.0);
INSERT INTO OrderDetail VALUES('10408/54',10408,54,5.9000000000000003552,6,0.0);
INSERT INTO OrderDetail VALUES('10408/62',10408,62,39.399999999999998578,35,0.0);
INSERT INTO OrderDetail VALUES('10409/14',10409,14,18.600000000000001421,12,0.0);
INSERT INTO OrderDetail VALUES('10409/21',10409,21,8,12,0.0);
INSERT INTO OrderDetail VALUES('10410/33',10410,33,2,49,0.0);
INSERT INTO OrderDetail VALUES('10410/59',10410,59,44,16,0.0);
INSERT INTO OrderDetail VALUES('10411/41',10411,41,7.7000000000000001776,25,0.2);
INSERT INTO OrderDetail VALUES('10411/44',10411,44,15.5,40,0.2);
INSERT INTO OrderDetail VALUES('10411/59',10411,59,44,9,0.2);
INSERT INTO OrderDetail VALUES('10412/14',10412,14,18.600000000000001421,20,0.1);
INSERT INTO OrderDetail VALUES('10413/1',10413,1,14.399999999999999467,24,0.0);
INSERT INTO OrderDetail VALUES('10413/62',10413,62,39.399999999999998578,40,0.0);
INSERT INTO OrderDetail VALUES('10413/76',10413,76,14.399999999999999467,14,0.0);
INSERT INTO OrderDetail VALUES('10414/19',10414,19,7.2999999999999998223,18,0.05);
INSERT INTO OrderDetail VALUES('10414/33',10414,33,2,50,0.0);
INSERT INTO OrderDetail VALUES('10415/17',10415,17,31.200000000000001065,2,0.0);
INSERT INTO OrderDetail VALUES('10415/33',10415,33,2,20,0.0);
INSERT INTO OrderDetail VALUES('10416/19',10416,19,7.2999999999999998223,20,0.0);
INSERT INTO OrderDetail VALUES('10416/53',10416,53,26.200000000000001065,10,0.0);
INSERT INTO OrderDetail VALUES('10416/57',10416,57,15.600000000000000532,20,0.0);
INSERT INTO OrderDetail VALUES('10417/38',10417,38,210.80000000000000959,50,0.0);
INSERT INTO OrderDetail VALUES('10417/46',10417,46,9.5999999999999996447,2,0.25);
INSERT INTO OrderDetail VALUES('10417/68',10417,68,10,36,0.25);
INSERT INTO OrderDetail VALUES('10417/77',10417,77,10.400000000000000355,35,0.0);
INSERT INTO OrderDetail VALUES('10418/2',10418,2,15.200000000000000177,60,0.0);
INSERT INTO OrderDetail VALUES('10418/47',10418,47,7.5999999999999996447,55,0.0);
INSERT INTO OrderDetail VALUES('10418/61',10418,61,22.800000000000002486,16,0.0);
INSERT INTO OrderDetail VALUES('10418/74',10418,74,8,15,0.0);
INSERT INTO OrderDetail VALUES('10419/60',10419,60,27.199999999999997513,60,0.05);
INSERT INTO OrderDetail VALUES('10419/69',10419,69,28.799999999999998934,20,0.05);
INSERT INTO OrderDetail VALUES('10420/9',10420,9,77.599999999999997868,20,0.1);
INSERT INTO OrderDetail VALUES('10420/13',10420,13,4.7999999999999998223,2,0.1);
INSERT INTO OrderDetail VALUES('10420/70',10420,70,12,8,0.1);
INSERT INTO OrderDetail VALUES('10420/73',10420,73,12,20,0.1);
INSERT INTO OrderDetail VALUES('10421/19',10421,19,7.2999999999999998223,4,0.15);
INSERT INTO OrderDetail VALUES('10421/26',10421,26,24.89999999999999769,30,0.0);
INSERT INTO OrderDetail VALUES('10421/53',10421,53,26.200000000000001065,15,0.15);
INSERT INTO OrderDetail VALUES('10421/77',10421,77,10.400000000000000355,10,0.15);
INSERT INTO OrderDetail VALUES('10422/26',10422,26,24.89999999999999769,2,0.0);
INSERT INTO OrderDetail VALUES('10423/31',10423,31,10,14,0.0);
INSERT INTO OrderDetail VALUES('10423/59',10423,59,44,20,0.0);
INSERT INTO OrderDetail VALUES('10424/35',10424,35,14.399999999999999467,60,0.2);
INSERT INTO OrderDetail VALUES('10424/38',10424,38,210.80000000000000959,49,0.2);
INSERT INTO OrderDetail VALUES('10424/68',10424,68,10,30,0.2);
INSERT INTO OrderDetail VALUES('10425/55',10425,55,19.199999999999999289,10,0.25);
INSERT INTO OrderDetail VALUES('10425/76',10425,76,14.399999999999999467,20,0.25);
INSERT INTO OrderDetail VALUES('10426/56',10426,56,30.400000000000000355,5,0.0);
INSERT INTO OrderDetail VALUES('10426/64',10426,64,26.600000000000001421,7,0.0);
INSERT INTO OrderDetail VALUES('10427/14',10427,14,18.600000000000001421,35,0.0);
INSERT INTO OrderDetail VALUES('10428/46',10428,46,9.5999999999999996447,20,0.0);
INSERT INTO OrderDetail VALUES('10429/50',10429,50,13,40,0.0);
INSERT INTO OrderDetail VALUES('10429/63',10429,63,35.100000000000002309,35,0.25);
INSERT INTO OrderDetail VALUES('10430/17',10430,17,31.200000000000001065,45,0.2);
INSERT INTO OrderDetail VALUES('10430/21',10430,21,8,50,0.0);
INSERT INTO OrderDetail VALUES('10430/56',10430,56,30.400000000000000355,30,0.0);
INSERT INTO OrderDetail VALUES('10430/59',10430,59,44,70,0.2);
INSERT INTO OrderDetail VALUES('10431/17',10431,17,31.200000000000001065,50,0.25);
INSERT INTO OrderDetail VALUES('10431/40',10431,40,14.699999999999999289,50,0.25);
INSERT INTO OrderDetail VALUES('10431/47',10431,47,7.5999999999999996447,30,0.25);
INSERT INTO OrderDetail VALUES('10432/26',10432,26,24.89999999999999769,10,0.0);
INSERT INTO OrderDetail VALUES('10432/54',10432,54,5.9000000000000003552,40,0.0);
INSERT INTO OrderDetail VALUES('10433/56',10433,56,30.400000000000000355,28,0.0);
INSERT INTO OrderDetail VALUES('10434/11',10434,11,16.800000000000001598,6,0.0);
INSERT INTO OrderDetail VALUES('10434/76',10434,76,14.399999999999999467,18,0.15);
INSERT INTO OrderDetail VALUES('10435/2',10435,2,15.200000000000000177,10,0.0);
INSERT INTO OrderDetail VALUES('10435/22',10435,22,16.800000000000001598,12,0.0);
INSERT INTO OrderDetail VALUES('10435/72',10435,72,27.800000000000002486,10,0.0);
INSERT INTO OrderDetail VALUES('10436/46',10436,46,9.5999999999999996447,5,0.0);
INSERT INTO OrderDetail VALUES('10436/56',10436,56,30.400000000000000355,40,0.1);
INSERT INTO OrderDetail VALUES('10436/64',10436,64,26.600000000000001421,30,0.1);
INSERT INTO OrderDetail VALUES('10436/75',10436,75,6.2000000000000001776,24,0.1);
INSERT INTO OrderDetail VALUES('10437/53',10437,53,26.200000000000001065,15,0.0);
INSERT INTO OrderDetail VALUES('10438/19',10438,19,7.2999999999999998223,15,0.2);
INSERT INTO OrderDetail VALUES('10438/34',10438,34,11.199999999999998845,20,0.2);
INSERT INTO OrderDetail VALUES('10438/57',10438,57,15.600000000000000532,15,0.2);
INSERT INTO OrderDetail VALUES('10439/12',10439,12,30.400000000000000355,15,0.0);
INSERT INTO OrderDetail VALUES('10439/16',10439,16,13.900000000000001243,16,0.0);
INSERT INTO OrderDetail VALUES('10439/64',10439,64,26.600000000000001421,6,0.0);
INSERT INTO OrderDetail VALUES('10439/74',10439,74,8,30,0.0);
INSERT INTO OrderDetail VALUES('10440/2',10440,2,15.200000000000000177,45,0.15);
INSERT INTO OrderDetail VALUES('10440/16',10440,16,13.900000000000001243,49,0.15);
INSERT INTO OrderDetail VALUES('10440/29',10440,29,99,24,0.15);
INSERT INTO OrderDetail VALUES('10440/61',10440,61,22.800000000000002486,90,0.15);
INSERT INTO OrderDetail VALUES('10441/27',10441,27,35.100000000000002309,50,0.0);
INSERT INTO OrderDetail VALUES('10442/11',10442,11,16.800000000000001598,30,0.0);
INSERT INTO OrderDetail VALUES('10442/54',10442,54,5.9000000000000003552,80,0.0);
INSERT INTO OrderDetail VALUES('10442/66',10442,66,13.599999999999998756,60,0.0);
INSERT INTO OrderDetail VALUES('10443/11',10443,11,16.800000000000001598,6,0.2);
INSERT INTO OrderDetail VALUES('10443/28',10443,28,36.399999999999996802,12,0.0);
INSERT INTO OrderDetail VALUES('10444/17',10444,17,31.200000000000001065,10,0.0);
INSERT INTO OrderDetail VALUES('10444/26',10444,26,24.89999999999999769,15,0.0);
INSERT INTO OrderDetail VALUES('10444/35',10444,35,14.399999999999999467,8,0.0);
INSERT INTO OrderDetail VALUES('10444/41',10444,41,7.7000000000000001776,30,0.0);
INSERT INTO OrderDetail VALUES('10445/39',10445,39,14.399999999999999467,6,0.0);
INSERT INTO OrderDetail VALUES('10445/54',10445,54,5.9000000000000003552,15,0.0);
INSERT INTO OrderDetail VALUES('10446/19',10446,19,7.2999999999999998223,12,0.1);
INSERT INTO OrderDetail VALUES('10446/24',10446,24,3.6000000000000000888,20,0.1);
INSERT INTO OrderDetail VALUES('10446/31',10446,31,10,3,0.1);
INSERT INTO OrderDetail VALUES('10446/52',10446,52,5.5999999999999996447,15,0.1);
INSERT INTO OrderDetail VALUES('10447/19',10447,19,7.2999999999999998223,40,0.0);
INSERT INTO OrderDetail VALUES('10447/65',10447,65,16.800000000000001598,35,0.0);
INSERT INTO OrderDetail VALUES('10447/71',10447,71,17.199999999999999289,2,0.0);
INSERT INTO OrderDetail VALUES('10448/26',10448,26,24.89999999999999769,6,0.0);
INSERT INTO OrderDetail VALUES('10448/40',10448,40,14.699999999999999289,20,0.0);
INSERT INTO OrderDetail VALUES('10449/10',10449,10,24.799999999999999822,14,0.0);
INSERT INTO OrderDetail VALUES('10449/52',10449,52,5.5999999999999996447,20,0.0);
INSERT INTO OrderDetail VALUES('10449/62',10449,62,39.399999999999998578,35,0.0);
INSERT INTO OrderDetail VALUES('10450/10',10450,10,24.799999999999999822,20,0.2);
INSERT INTO OrderDetail VALUES('10450/54',10450,54,5.9000000000000003552,6,0.2);
INSERT INTO OrderDetail VALUES('10451/55',10451,55,19.199999999999999289,120,0.1);
INSERT INTO OrderDetail VALUES('10451/64',10451,64,26.600000000000001421,35,0.1);
INSERT INTO OrderDetail VALUES('10451/65',10451,65,16.800000000000001598,28,0.1);
INSERT INTO OrderDetail VALUES('10451/77',10451,77,10.400000000000000355,55,0.1);
INSERT INTO OrderDetail VALUES('10452/28',10452,28,36.399999999999996802,15,0.0);
INSERT INTO OrderDetail VALUES('10452/44',10452,44,15.5,100,0.05);
INSERT INTO OrderDetail VALUES('10453/48',10453,48,10.200000000000000177,15,0.1);
INSERT INTO OrderDetail VALUES('10453/70',10453,70,12,25,0.1);
INSERT INTO OrderDetail VALUES('10454/16',10454,16,13.900000000000001243,20,0.2);
INSERT INTO OrderDetail VALUES('10454/33',10454,33,2,20,0.2);
INSERT INTO OrderDetail VALUES('10454/46',10454,46,9.5999999999999996447,10,0.2);
INSERT INTO OrderDetail VALUES('10455/39',10455,39,14.399999999999999467,20,0.0);
INSERT INTO OrderDetail VALUES('10455/53',10455,53,26.200000000000001065,50,0.0);
INSERT INTO OrderDetail VALUES('10455/61',10455,61,22.800000000000002486,25,0.0);
INSERT INTO OrderDetail VALUES('10455/71',10455,71,17.199999999999999289,30,0.0);
INSERT INTO OrderDetail VALUES('10456/21',10456,21,8,40,0.15);
INSERT INTO OrderDetail VALUES('10456/49',10456,49,16,21,0.15);
INSERT INTO OrderDetail VALUES('10457/59',10457,59,44,36,0.0);
INSERT INTO OrderDetail VALUES('10458/26',10458,26,24.89999999999999769,30,0.0);
INSERT INTO OrderDetail VALUES('10458/28',10458,28,36.399999999999996802,30,0.0);
INSERT INTO OrderDetail VALUES('10458/43',10458,43,36.799999999999997157,20,0.0);
INSERT INTO OrderDetail VALUES('10458/56',10458,56,30.400000000000000355,15,0.0);
INSERT INTO OrderDetail VALUES('10458/71',10458,71,17.199999999999999289,50,0.0);
INSERT INTO OrderDetail VALUES('10459/7',10459,7,24,16,0.05);
INSERT INTO OrderDetail VALUES('10459/46',10459,46,9.5999999999999996447,20,0.05);
INSERT INTO OrderDetail VALUES('10459/72',10459,72,27.800000000000002486,40,0.0);
INSERT INTO OrderDetail VALUES('10460/68',10460,68,10,21,0.25);
INSERT INTO OrderDetail VALUES('10460/75',10460,75,6.2000000000000001776,4,0.25);
INSERT INTO OrderDetail VALUES('10461/21',10461,21,8,40,0.25);
INSERT INTO OrderDetail VALUES('10461/30',10461,30,20.699999999999998401,28,0.25);
INSERT INTO OrderDetail VALUES('10461/55',10461,55,19.199999999999999289,60,0.25);
INSERT INTO OrderDetail VALUES('10462/13',10462,13,4.7999999999999998223,1,0.0);
INSERT INTO OrderDetail VALUES('10462/23',10462,23,7.2000000000000001776,21,0.0);
INSERT INTO OrderDetail VALUES('10463/19',10463,19,7.2999999999999998223,21,0.0);
INSERT INTO OrderDetail VALUES('10463/42',10463,42,11.199999999999998845,50,0.0);
INSERT INTO OrderDetail VALUES('10464/4',10464,4,17.600000000000002309,16,0.2);
INSERT INTO OrderDetail VALUES('10464/43',10464,43,36.799999999999997157,3,0.0);
INSERT INTO OrderDetail VALUES('10464/56',10464,56,30.400000000000000355,30,0.2);
INSERT INTO OrderDetail VALUES('10464/60',10464,60,27.199999999999997513,20,0.0);
INSERT INTO OrderDetail VALUES('10465/24',10465,24,3.6000000000000000888,25,0.0);
INSERT INTO OrderDetail VALUES('10465/29',10465,29,99,18,0.1);
INSERT INTO OrderDetail VALUES('10465/40',10465,40,14.699999999999999289,20,0.0);
INSERT INTO OrderDetail VALUES('10465/45',10465,45,7.5999999999999996447,30,0.1);
INSERT INTO OrderDetail VALUES('10465/50',10465,50,13,25,0.0);
INSERT INTO OrderDetail VALUES('10466/11',10466,11,16.800000000000001598,10,0.0);
INSERT INTO OrderDetail VALUES('10466/46',10466,46,9.5999999999999996447,5,0.0);
INSERT INTO OrderDetail VALUES('10467/24',10467,24,3.6000000000000000888,28,0.0);
INSERT INTO OrderDetail VALUES('10467/25',10467,25,11.199999999999998845,12,0.0);
INSERT INTO OrderDetail VALUES('10468/30',10468,30,20.699999999999998401,8,0.0);
INSERT INTO OrderDetail VALUES('10468/43',10468,43,36.799999999999997157,15,0.0);
INSERT INTO OrderDetail VALUES('10469/2',10469,2,15.200000000000000177,40,0.15);
INSERT INTO OrderDetail VALUES('10469/16',10469,16,13.900000000000001243,35,0.15);
INSERT INTO OrderDetail VALUES('10469/44',10469,44,15.5,2,0.15);
INSERT INTO OrderDetail VALUES('10470/18',10470,18,50,30,0.0);
INSERT INTO OrderDetail VALUES('10470/23',10470,23,7.2000000000000001776,15,0.0);
INSERT INTO OrderDetail VALUES('10470/64',10470,64,26.600000000000001421,8,0.0);
INSERT INTO OrderDetail VALUES('10471/7',10471,7,24,30,0.0);
INSERT INTO OrderDetail VALUES('10471/56',10471,56,30.400000000000000355,20,0.0);
INSERT INTO OrderDetail VALUES('10472/24',10472,24,3.6000000000000000888,80,0.05);
INSERT INTO OrderDetail VALUES('10472/51',10472,51,42.400000000000002131,18,0.0);
INSERT INTO OrderDetail VALUES('10473/33',10473,33,2,12,0.0);
INSERT INTO OrderDetail VALUES('10473/71',10473,71,17.199999999999999289,12,0.0);
INSERT INTO OrderDetail VALUES('10474/14',10474,14,18.600000000000001421,12,0.0);
INSERT INTO OrderDetail VALUES('10474/28',10474,28,36.399999999999996802,18,0.0);
INSERT INTO OrderDetail VALUES('10474/40',10474,40,14.699999999999999289,21,0.0);
INSERT INTO OrderDetail VALUES('10474/75',10474,75,6.2000000000000001776,10,0.0);
INSERT INTO OrderDetail VALUES('10475/31',10475,31,10,35,0.15);
INSERT INTO OrderDetail VALUES('10475/66',10475,66,13.599999999999998756,60,0.15);
INSERT INTO OrderDetail VALUES('10475/76',10475,76,14.399999999999999467,42,0.15);
INSERT INTO OrderDetail VALUES('10476/55',10476,55,19.199999999999999289,2,0.05);
INSERT INTO OrderDetail VALUES('10476/70',10476,70,12,12,0.0);
INSERT INTO OrderDetail VALUES('10477/1',10477,1,14.399999999999999467,15,0.0);
INSERT INTO OrderDetail VALUES('10477/21',10477,21,8,21,0.25);
INSERT INTO OrderDetail VALUES('10477/39',10477,39,14.399999999999999467,20,0.25);
INSERT INTO OrderDetail VALUES('10478/10',10478,10,24.799999999999999822,20,0.05);
INSERT INTO OrderDetail VALUES('10479/38',10479,38,210.80000000000000959,30,0.0);
INSERT INTO OrderDetail VALUES('10479/53',10479,53,26.200000000000001065,28,0.0);
INSERT INTO OrderDetail VALUES('10479/59',10479,59,44,60,0.0);
INSERT INTO OrderDetail VALUES('10479/64',10479,64,26.600000000000001421,30,0.0);
INSERT INTO OrderDetail VALUES('10480/47',10480,47,7.5999999999999996447,30,0.0);
INSERT INTO OrderDetail VALUES('10480/59',10480,59,44,12,0.0);
INSERT INTO OrderDetail VALUES('10481/49',10481,49,16,24,0.0);
INSERT INTO OrderDetail VALUES('10481/60',10481,60,27.199999999999997513,40,0.0);
INSERT INTO OrderDetail VALUES('10482/40',10482,40,14.699999999999999289,10,0.0);
INSERT INTO OrderDetail VALUES('10483/34',10483,34,11.199999999999998845,35,0.05);
INSERT INTO OrderDetail VALUES('10483/77',10483,77,10.400000000000000355,30,0.05);
INSERT INTO OrderDetail VALUES('10484/21',10484,21,8,14,0.0);
INSERT INTO OrderDetail VALUES('10484/40',10484,40,14.699999999999999289,10,0.0);
INSERT INTO OrderDetail VALUES('10484/51',10484,51,42.400000000000002131,3,0.0);
INSERT INTO OrderDetail VALUES('10485/2',10485,2,15.200000000000000177,20,0.1);
INSERT INTO OrderDetail VALUES('10485/3',10485,3,8,20,0.1);
INSERT INTO OrderDetail VALUES('10485/55',10485,55,19.199999999999999289,30,0.1);
INSERT INTO OrderDetail VALUES('10485/70',10485,70,12,60,0.1);
INSERT INTO OrderDetail VALUES('10486/11',10486,11,16.800000000000001598,5,0.0);
INSERT INTO OrderDetail VALUES('10486/51',10486,51,42.400000000000002131,25,0.0);
INSERT INTO OrderDetail VALUES('10486/74',10486,74,8,16,0.0);
INSERT INTO OrderDetail VALUES('10487/19',10487,19,7.2999999999999998223,5,0.0);
INSERT INTO OrderDetail VALUES('10487/26',10487,26,24.89999999999999769,30,0.0);
INSERT INTO OrderDetail VALUES('10487/54',10487,54,5.9000000000000003552,24,0.25);
INSERT INTO OrderDetail VALUES('10488/59',10488,59,44,30,0.0);
INSERT INTO OrderDetail VALUES('10488/73',10488,73,12,20,0.2);
INSERT INTO OrderDetail VALUES('10489/11',10489,11,16.800000000000001598,15,0.25);
INSERT INTO OrderDetail VALUES('10489/16',10489,16,13.900000000000001243,18,0.0);
INSERT INTO OrderDetail VALUES('10490/59',10490,59,44,60,0.0);
INSERT INTO OrderDetail VALUES('10490/68',10490,68,10,30,0.0);
INSERT INTO OrderDetail VALUES('10490/75',10490,75,6.2000000000000001776,36,0.0);
INSERT INTO OrderDetail VALUES('10491/44',10491,44,15.5,15,0.15);
INSERT INTO OrderDetail VALUES('10491/77',10491,77,10.400000000000000355,7,0.15);
INSERT INTO OrderDetail VALUES('10492/25',10492,25,11.199999999999998845,60,0.05);
INSERT INTO OrderDetail VALUES('10492/42',10492,42,11.199999999999998845,20,0.05);
INSERT INTO OrderDetail VALUES('10493/65',10493,65,16.800000000000001598,15,0.1);
INSERT INTO OrderDetail VALUES('10493/66',10493,66,13.599999999999998756,10,0.1);
INSERT INTO OrderDetail VALUES('10493/69',10493,69,28.799999999999998934,10,0.1);
INSERT INTO OrderDetail VALUES('10494/56',10494,56,30.400000000000000355,30,0.0);
INSERT INTO OrderDetail VALUES('10495/23',10495,23,7.2000000000000001776,10,0.0);
INSERT INTO OrderDetail VALUES('10495/41',10495,41,7.7000000000000001776,20,0.0);
INSERT INTO OrderDetail VALUES('10495/77',10495,77,10.400000000000000355,5,0.0);
INSERT INTO OrderDetail VALUES('10496/31',10496,31,10,20,0.05);
INSERT INTO OrderDetail VALUES('10497/56',10497,56,30.400000000000000355,14,0.0);
INSERT INTO OrderDetail VALUES('10497/72',10497,72,27.800000000000002486,25,0.0);
INSERT INTO OrderDetail VALUES('10497/77',10497,77,10.400000000000000355,25,0.0);
INSERT INTO OrderDetail VALUES('10498/24',10498,24,4.5,14,0.0);
INSERT INTO OrderDetail VALUES('10498/40',10498,40,18.399999999999998578,5,0.0);
INSERT INTO OrderDetail VALUES('10498/42',10498,42,14,30,0.0);
INSERT INTO OrderDetail VALUES('10499/28',10499,28,45.600000000000004973,20,0.0);
INSERT INTO OrderDetail VALUES('10499/49',10499,49,20,25,0.0);
INSERT INTO OrderDetail VALUES('10500/15',10500,15,15.5,12,0.05);
INSERT INTO OrderDetail VALUES('10500/28',10500,28,45.600000000000004973,8,0.05);
INSERT INTO OrderDetail VALUES('10501/54',10501,54,7.4500000000000001776,20,0.0);
INSERT INTO OrderDetail VALUES('10502/45',10502,45,9.5,21,0.0);
INSERT INTO OrderDetail VALUES('10502/53',10502,53,32.799999999999998046,6,0.0);
INSERT INTO OrderDetail VALUES('10502/67',10502,67,14,30,0.0);
INSERT INTO OrderDetail VALUES('10503/14',10503,14,23.250000000000001776,70,0.0);
INSERT INTO OrderDetail VALUES('10503/65',10503,65,21.049999999999999822,20,0.0);
INSERT INTO OrderDetail VALUES('10504/2',10504,2,19,12,0.0);
INSERT INTO OrderDetail VALUES('10504/21',10504,21,10,12,0.0);
INSERT INTO OrderDetail VALUES('10504/53',10504,53,32.799999999999998046,10,0.0);
INSERT INTO OrderDetail VALUES('10504/61',10504,61,28.5,25,0.0);
INSERT INTO OrderDetail VALUES('10505/62',10505,62,49.299999999999997157,3,0.0);
INSERT INTO OrderDetail VALUES('10506/25',10506,25,14,18,0.1);
INSERT INTO OrderDetail VALUES('10506/70',10506,70,15,14,0.1);
INSERT INTO OrderDetail VALUES('10507/43',10507,43,46,15,0.15);
INSERT INTO OrderDetail VALUES('10507/48',10507,48,12.749999999999999111,15,0.15);
INSERT INTO OrderDetail VALUES('10508/13',10508,13,6,10,0.0);
INSERT INTO OrderDetail VALUES('10508/39',10508,39,18,10,0.0);
INSERT INTO OrderDetail VALUES('10509/28',10509,28,45.600000000000004973,3,0.0);
INSERT INTO OrderDetail VALUES('10510/29',10510,29,123.79000000000000003,36,0.0);
INSERT INTO OrderDetail VALUES('10510/75',10510,75,7.75,36,0.1);
INSERT INTO OrderDetail VALUES('10511/4',10511,4,22,50,0.15);
INSERT INTO OrderDetail VALUES('10511/7',10511,7,30,50,0.15);
INSERT INTO OrderDetail VALUES('10511/8',10511,8,40,10,0.15);
INSERT INTO OrderDetail VALUES('10512/24',10512,24,4.5,10,0.15);
INSERT INTO OrderDetail VALUES('10512/46',10512,46,12,9,0.15);
INSERT INTO OrderDetail VALUES('10512/47',10512,47,9.5,6,0.15);
INSERT INTO OrderDetail VALUES('10512/60',10512,60,34,12,0.15);
INSERT INTO OrderDetail VALUES('10513/21',10513,21,10,40,0.2);
INSERT INTO OrderDetail VALUES('10513/32',10513,32,32,50,0.2);
INSERT INTO OrderDetail VALUES('10513/61',10513,61,28.5,15,0.2);
INSERT INTO OrderDetail VALUES('10514/20',10514,20,81,39,0.0);
INSERT INTO OrderDetail VALUES('10514/28',10514,28,45.600000000000004973,35,0.0);
INSERT INTO OrderDetail VALUES('10514/56',10514,56,38,70,0.0);
INSERT INTO OrderDetail VALUES('10514/65',10514,65,21.049999999999999822,39,0.0);
INSERT INTO OrderDetail VALUES('10514/75',10514,75,7.75,50,0.0);
INSERT INTO OrderDetail VALUES('10515/9',10515,9,97,16,0.15);
INSERT INTO OrderDetail VALUES('10515/16',10515,16,17.449999999999999289,50,0.0);
INSERT INTO OrderDetail VALUES('10515/27',10515,27,43.899999999999996802,120,0.0);
INSERT INTO OrderDetail VALUES('10515/33',10515,33,2.5,16,0.15);
INSERT INTO OrderDetail VALUES('10515/60',10515,60,34,84,0.15);
INSERT INTO OrderDetail VALUES('10516/18',10516,18,62.5,25,0.1);
INSERT INTO OrderDetail VALUES('10516/41',10516,41,9.6500000000000003552,80,0.1);
INSERT INTO OrderDetail VALUES('10516/42',10516,42,14,20,0.0);
INSERT INTO OrderDetail VALUES('10517/52',10517,52,7,6,0.0);
INSERT INTO OrderDetail VALUES('10517/59',10517,59,55,4,0.0);
INSERT INTO OrderDetail VALUES('10517/70',10517,70,15,6,0.0);
INSERT INTO OrderDetail VALUES('10518/24',10518,24,4.5,5,0.0);
INSERT INTO OrderDetail VALUES('10518/38',10518,38,263.49999999999997868,15,0.0);
INSERT INTO OrderDetail VALUES('10518/44',10518,44,19.449999999999999289,9,0.0);
INSERT INTO OrderDetail VALUES('10519/10',10519,10,31,16,0.05);
INSERT INTO OrderDetail VALUES('10519/56',10519,56,38,40,0.0);
INSERT INTO OrderDetail VALUES('10519/60',10519,60,34,10,0.05);
INSERT INTO OrderDetail VALUES('10520/24',10520,24,4.5,8,0.0);
INSERT INTO OrderDetail VALUES('10520/53',10520,53,32.799999999999998046,5,0.0);
INSERT INTO OrderDetail VALUES('10521/35',10521,35,18,3,0.0);
INSERT INTO OrderDetail VALUES('10521/41',10521,41,9.6500000000000003552,10,0.0);
INSERT INTO OrderDetail VALUES('10521/68',10521,68,12.5,6,0.0);
INSERT INTO OrderDetail VALUES('10522/1',10522,1,18,40,0.2);
INSERT INTO OrderDetail VALUES('10522/8',10522,8,40,24,0.0);
INSERT INTO OrderDetail VALUES('10522/30',10522,30,25.88999999999999968,20,0.2);
INSERT INTO OrderDetail VALUES('10522/40',10522,40,18.399999999999998578,25,0.2);
INSERT INTO OrderDetail VALUES('10523/17',10523,17,39,25,0.1);
INSERT INTO OrderDetail VALUES('10523/20',10523,20,81,15,0.1);
INSERT INTO OrderDetail VALUES('10523/37',10523,37,26,18,0.1);
INSERT INTO OrderDetail VALUES('10523/41',10523,41,9.6500000000000003552,6,0.1);
INSERT INTO OrderDetail VALUES('10524/10',10524,10,31,2,0.0);
INSERT INTO OrderDetail VALUES('10524/30',10524,30,25.88999999999999968,10,0.0);
INSERT INTO OrderDetail VALUES('10524/43',10524,43,46,60,0.0);
INSERT INTO OrderDetail VALUES('10524/54',10524,54,7.4500000000000001776,15,0.0);
INSERT INTO OrderDetail VALUES('10525/36',10525,36,19,30,0.0);
INSERT INTO OrderDetail VALUES('10525/40',10525,40,18.399999999999998578,15,0.1);
INSERT INTO OrderDetail VALUES('10526/1',10526,1,18,8,0.15);
INSERT INTO OrderDetail VALUES('10526/13',10526,13,6,10,0.0);
INSERT INTO OrderDetail VALUES('10526/56',10526,56,38,30,0.15);
INSERT INTO OrderDetail VALUES('10527/4',10527,4,22,50,0.1);
INSERT INTO OrderDetail VALUES('10527/36',10527,36,19,30,0.1);
INSERT INTO OrderDetail VALUES('10528/11',10528,11,21,3,0.0);
INSERT INTO OrderDetail VALUES('10528/33',10528,33,2.5,8,0.2);
INSERT INTO OrderDetail VALUES('10528/72',10528,72,34.799999999999995381,9,0.0);
INSERT INTO OrderDetail VALUES('10529/55',10529,55,24,14,0.0);
INSERT INTO OrderDetail VALUES('10529/68',10529,68,12.5,20,0.0);
INSERT INTO OrderDetail VALUES('10529/69',10529,69,36,10,0.0);
INSERT INTO OrderDetail VALUES('10530/17',10530,17,39,40,0.0);
INSERT INTO OrderDetail VALUES('10530/43',10530,43,46,25,0.0);
INSERT INTO OrderDetail VALUES('10530/61',10530,61,28.5,20,0.0);
INSERT INTO OrderDetail VALUES('10530/76',10530,76,18,50,0.0);
INSERT INTO OrderDetail VALUES('10531/59',10531,59,55,2,0.0);
INSERT INTO OrderDetail VALUES('10532/30',10532,30,25.88999999999999968,15,0.0);
INSERT INTO OrderDetail VALUES('10532/66',10532,66,17,24,0.0);
INSERT INTO OrderDetail VALUES('10533/4',10533,4,22,50,0.05);
INSERT INTO OrderDetail VALUES('10533/72',10533,72,34.799999999999995381,24,0.0);
INSERT INTO OrderDetail VALUES('10533/73',10533,73,15,24,0.05);
INSERT INTO OrderDetail VALUES('10534/30',10534,30,25.88999999999999968,10,0.0);
INSERT INTO OrderDetail VALUES('10534/40',10534,40,18.399999999999998578,10,0.2);
INSERT INTO OrderDetail VALUES('10534/54',10534,54,7.4500000000000001776,10,0.2);
INSERT INTO OrderDetail VALUES('10535/11',10535,11,21,50,0.1);
INSERT INTO OrderDetail VALUES('10535/40',10535,40,18.399999999999998578,10,0.1);
INSERT INTO OrderDetail VALUES('10535/57',10535,57,19.5,5,0.1);
INSERT INTO OrderDetail VALUES('10535/59',10535,59,55,15,0.1);
INSERT INTO OrderDetail VALUES('10536/12',10536,12,38,15,0.25);
INSERT INTO OrderDetail VALUES('10536/31',10536,31,12.5,20,0.0);
INSERT INTO OrderDetail VALUES('10536/33',10536,33,2.5,30,0.0);
INSERT INTO OrderDetail VALUES('10536/60',10536,60,34,35,0.25);
INSERT INTO OrderDetail VALUES('10537/31',10537,31,12.5,30,0.0);
INSERT INTO OrderDetail VALUES('10537/51',10537,51,53,6,0.0);
INSERT INTO OrderDetail VALUES('10537/58',10537,58,13.249999999999999555,20,0.0);
INSERT INTO OrderDetail VALUES('10537/72',10537,72,34.799999999999995381,21,0.0);
INSERT INTO OrderDetail VALUES('10537/73',10537,73,15,9,0.0);
INSERT INTO OrderDetail VALUES('10538/70',10538,70,15,7,0.0);
INSERT INTO OrderDetail VALUES('10538/72',10538,72,34.799999999999995381,1,0.0);
INSERT INTO OrderDetail VALUES('10539/13',10539,13,6,8,0.0);
INSERT INTO OrderDetail VALUES('10539/21',10539,21,10,15,0.0);
INSERT INTO OrderDetail VALUES('10539/33',10539,33,2.5,15,0.0);
INSERT INTO OrderDetail VALUES('10539/49',10539,49,20,6,0.0);
INSERT INTO OrderDetail VALUES('10540/3',10540,3,10,60,0.0);
INSERT INTO OrderDetail VALUES('10540/26',10540,26,31.230000000000002202,40,0.0);
INSERT INTO OrderDetail VALUES('10540/38',10540,38,263.49999999999997868,30,0.0);
INSERT INTO OrderDetail VALUES('10540/68',10540,68,12.5,35,0.0);
INSERT INTO OrderDetail VALUES('10541/24',10541,24,4.5,35,0.1);
INSERT INTO OrderDetail VALUES('10541/38',10541,38,263.49999999999997868,4,0.1);
INSERT INTO OrderDetail VALUES('10541/65',10541,65,21.049999999999999822,36,0.1);
INSERT INTO OrderDetail VALUES('10541/71',10541,71,21.499999999999999111,9,0.1);
INSERT INTO OrderDetail VALUES('10542/11',10542,11,21,15,0.05);
INSERT INTO OrderDetail VALUES('10542/54',10542,54,7.4500000000000001776,24,0.05);
INSERT INTO OrderDetail VALUES('10543/12',10543,12,38,30,0.15);
INSERT INTO OrderDetail VALUES('10543/23',10543,23,9,70,0.15);
INSERT INTO OrderDetail VALUES('10544/28',10544,28,45.600000000000004973,7,0.0);
INSERT INTO OrderDetail VALUES('10544/67',10544,67,14,7,0.0);
INSERT INTO OrderDetail VALUES('10545/11',10545,11,21,10,0.0);
INSERT INTO OrderDetail VALUES('10546/7',10546,7,30,10,0.0);
INSERT INTO OrderDetail VALUES('10546/35',10546,35,18,30,0.0);
INSERT INTO OrderDetail VALUES('10546/62',10546,62,49.299999999999997157,40,0.0);
INSERT INTO OrderDetail VALUES('10547/32',10547,32,32,24,0.15);
INSERT INTO OrderDetail VALUES('10547/36',10547,36,19,60,0.0);
INSERT INTO OrderDetail VALUES('10548/34',10548,34,14,10,0.25);
INSERT INTO OrderDetail VALUES('10548/41',10548,41,9.6500000000000003552,14,0.0);
INSERT INTO OrderDetail VALUES('10549/31',10549,31,12.5,55,0.15);
INSERT INTO OrderDetail VALUES('10549/45',10549,45,9.5,100,0.15);
INSERT INTO OrderDetail VALUES('10549/51',10549,51,53,48,0.15);
INSERT INTO OrderDetail VALUES('10550/17',10550,17,39,8,0.1);
INSERT INTO OrderDetail VALUES('10550/19',10550,19,9.1999999999999992894,10,0.0);
INSERT INTO OrderDetail VALUES('10550/21',10550,21,10,6,0.1);
INSERT INTO OrderDetail VALUES('10550/61',10550,61,28.5,10,0.1);
INSERT INTO OrderDetail VALUES('10551/16',10551,16,17.449999999999999289,40,0.15);
INSERT INTO OrderDetail VALUES('10551/35',10551,35,18,20,0.15);
INSERT INTO OrderDetail VALUES('10551/44',10551,44,19.449999999999999289,40,0.0);
INSERT INTO OrderDetail VALUES('10552/69',10552,69,36,18,0.0);
INSERT INTO OrderDetail VALUES('10552/75',10552,75,7.75,30,0.0);
INSERT INTO OrderDetail VALUES('10553/11',10553,11,21,15,0.0);
INSERT INTO OrderDetail VALUES('10553/16',10553,16,17.449999999999999289,14,0.0);
INSERT INTO OrderDetail VALUES('10553/22',10553,22,21,24,0.0);
INSERT INTO OrderDetail VALUES('10553/31',10553,31,12.5,30,0.0);
INSERT INTO OrderDetail VALUES('10553/35',10553,35,18,6,0.0);
INSERT INTO OrderDetail VALUES('10554/16',10554,16,17.449999999999999289,30,0.05);
INSERT INTO OrderDetail VALUES('10554/23',10554,23,9,20,0.05);
INSERT INTO OrderDetail VALUES('10554/62',10554,62,49.299999999999997157,20,0.05);
INSERT INTO OrderDetail VALUES('10554/77',10554,77,13,10,0.05);
INSERT INTO OrderDetail VALUES('10555/14',10555,14,23.250000000000001776,30,0.2);
INSERT INTO OrderDetail VALUES('10555/19',10555,19,9.1999999999999992894,35,0.2);
INSERT INTO OrderDetail VALUES('10555/24',10555,24,4.5,18,0.2);
INSERT INTO OrderDetail VALUES('10555/51',10555,51,53,20,0.2);
INSERT INTO OrderDetail VALUES('10555/56',10555,56,38,40,0.2);
INSERT INTO OrderDetail VALUES('10556/72',10556,72,34.799999999999995381,24,0.0);
INSERT INTO OrderDetail VALUES('10557/64',10557,64,33.250000000000001776,30,0.0);
INSERT INTO OrderDetail VALUES('10557/75',10557,75,7.75,20,0.0);
INSERT INTO OrderDetail VALUES('10558/47',10558,47,9.5,25,0.0);
INSERT INTO OrderDetail VALUES('10558/51',10558,51,53,20,0.0);
INSERT INTO OrderDetail VALUES('10558/52',10558,52,7,30,0.0);
INSERT INTO OrderDetail VALUES('10558/53',10558,53,32.799999999999998046,18,0.0);
INSERT INTO OrderDetail VALUES('10558/73',10558,73,15,3,0.0);
INSERT INTO OrderDetail VALUES('10559/41',10559,41,9.6500000000000003552,12,0.05);
INSERT INTO OrderDetail VALUES('10559/55',10559,55,24,18,0.05);
INSERT INTO OrderDetail VALUES('10560/30',10560,30,25.88999999999999968,20,0.0);
INSERT INTO OrderDetail VALUES('10560/62',10560,62,49.299999999999997157,15,0.25);
INSERT INTO OrderDetail VALUES('10561/44',10561,44,19.449999999999999289,10,0.0);
INSERT INTO OrderDetail VALUES('10561/51',10561,51,53,50,0.0);
INSERT INTO OrderDetail VALUES('10562/33',10562,33,2.5,20,0.1);
INSERT INTO OrderDetail VALUES('10562/62',10562,62,49.299999999999997157,10,0.1);
INSERT INTO OrderDetail VALUES('10563/36',10563,36,19,25,0.0);
INSERT INTO OrderDetail VALUES('10563/52',10563,52,7,70,0.0);
INSERT INTO OrderDetail VALUES('10564/17',10564,17,39,16,0.05);
INSERT INTO OrderDetail VALUES('10564/31',10564,31,12.5,6,0.05);
INSERT INTO OrderDetail VALUES('10564/55',10564,55,24,25,0.05);
INSERT INTO OrderDetail VALUES('10565/24',10565,24,4.5,25,0.1);
INSERT INTO OrderDetail VALUES('10565/64',10565,64,33.250000000000001776,18,0.1);
INSERT INTO OrderDetail VALUES('10566/11',10566,11,21,35,0.15);
INSERT INTO OrderDetail VALUES('10566/18',10566,18,62.5,18,0.15);
INSERT INTO OrderDetail VALUES('10566/76',10566,76,18,10,0.0);
INSERT INTO OrderDetail VALUES('10567/31',10567,31,12.5,60,0.2);
INSERT INTO OrderDetail VALUES('10567/51',10567,51,53,3,0.0);
INSERT INTO OrderDetail VALUES('10567/59',10567,59,55,40,0.2);
INSERT INTO OrderDetail VALUES('10568/10',10568,10,31,5,0.0);
INSERT INTO OrderDetail VALUES('10569/31',10569,31,12.5,35,0.2);
INSERT INTO OrderDetail VALUES('10569/76',10569,76,18,30,0.0);
INSERT INTO OrderDetail VALUES('10570/11',10570,11,21,15,0.05);
INSERT INTO OrderDetail VALUES('10570/56',10570,56,38,60,0.05);
INSERT INTO OrderDetail VALUES('10571/14',10571,14,23.250000000000001776,11,0.15);
INSERT INTO OrderDetail VALUES('10571/42',10571,42,14,28,0.15);
INSERT INTO OrderDetail VALUES('10572/16',10572,16,17.449999999999999289,12,0.1);
INSERT INTO OrderDetail VALUES('10572/32',10572,32,32,10,0.1);
INSERT INTO OrderDetail VALUES('10572/40',10572,40,18.399999999999998578,50,0.0);
INSERT INTO OrderDetail VALUES('10572/75',10572,75,7.75,15,0.1);
INSERT INTO OrderDetail VALUES('10573/17',10573,17,39,18,0.0);
INSERT INTO OrderDetail VALUES('10573/34',10573,34,14,40,0.0);
INSERT INTO OrderDetail VALUES('10573/53',10573,53,32.799999999999998046,25,0.0);
INSERT INTO OrderDetail VALUES('10574/33',10574,33,2.5,14,0.0);
INSERT INTO OrderDetail VALUES('10574/40',10574,40,18.399999999999998578,2,0.0);
INSERT INTO OrderDetail VALUES('10574/62',10574,62,49.299999999999997157,10,0.0);
INSERT INTO OrderDetail VALUES('10574/64',10574,64,33.250000000000001776,6,0.0);
INSERT INTO OrderDetail VALUES('10575/59',10575,59,55,12,0.0);
INSERT INTO OrderDetail VALUES('10575/63',10575,63,43.899999999999996802,6,0.0);
INSERT INTO OrderDetail VALUES('10575/72',10575,72,34.799999999999995381,30,0.0);
INSERT INTO OrderDetail VALUES('10575/76',10575,76,18,10,0.0);
INSERT INTO OrderDetail VALUES('10576/1',10576,1,18,10,0.0);
INSERT INTO OrderDetail VALUES('10576/31',10576,31,12.5,20,0.0);
INSERT INTO OrderDetail VALUES('10576/44',10576,44,19.449999999999999289,21,0.0);
INSERT INTO OrderDetail VALUES('10577/39',10577,39,18,10,0.0);
INSERT INTO OrderDetail VALUES('10577/75',10577,75,7.75,20,0.0);
INSERT INTO OrderDetail VALUES('10577/77',10577,77,13,18,0.0);
INSERT INTO OrderDetail VALUES('10578/35',10578,35,18,20,0.0);
INSERT INTO OrderDetail VALUES('10578/57',10578,57,19.5,6,0.0);
INSERT INTO OrderDetail VALUES('10579/15',10579,15,15.5,10,0.0);
INSERT INTO OrderDetail VALUES('10579/75',10579,75,7.75,21,0.0);
INSERT INTO OrderDetail VALUES('10580/14',10580,14,23.250000000000001776,15,0.05);
INSERT INTO OrderDetail VALUES('10580/41',10580,41,9.6500000000000003552,9,0.05);
INSERT INTO OrderDetail VALUES('10580/65',10580,65,21.049999999999999822,30,0.05);
INSERT INTO OrderDetail VALUES('10581/75',10581,75,7.75,50,0.2);
INSERT INTO OrderDetail VALUES('10582/57',10582,57,19.5,4,0.0);
INSERT INTO OrderDetail VALUES('10582/76',10582,76,18,14,0.0);
INSERT INTO OrderDetail VALUES('10583/29',10583,29,123.79000000000000003,10,0.0);
INSERT INTO OrderDetail VALUES('10583/60',10583,60,34,24,0.15);
INSERT INTO OrderDetail VALUES('10583/69',10583,69,36,10,0.15);
INSERT INTO OrderDetail VALUES('10584/31',10584,31,12.5,50,0.05);
INSERT INTO OrderDetail VALUES('10585/47',10585,47,9.5,15,0.0);
INSERT INTO OrderDetail VALUES('10586/52',10586,52,7,4,0.15);
INSERT INTO OrderDetail VALUES('10587/26',10587,26,31.230000000000002202,6,0.0);
INSERT INTO OrderDetail VALUES('10587/35',10587,35,18,20,0.0);
INSERT INTO OrderDetail VALUES('10587/77',10587,77,13,20,0.0);
INSERT INTO OrderDetail VALUES('10588/18',10588,18,62.5,40,0.2);
INSERT INTO OrderDetail VALUES('10588/42',10588,42,14,100,0.2);
INSERT INTO OrderDetail VALUES('10589/35',10589,35,18,4,0.0);
INSERT INTO OrderDetail VALUES('10590/1',10590,1,18,20,0.0);
INSERT INTO OrderDetail VALUES('10590/77',10590,77,13,60,0.05);
INSERT INTO OrderDetail VALUES('10591/3',10591,3,10,14,0.0);
INSERT INTO OrderDetail VALUES('10591/7',10591,7,30,10,0.0);
INSERT INTO OrderDetail VALUES('10591/54',10591,54,7.4500000000000001776,50,0.0);
INSERT INTO OrderDetail VALUES('10592/15',10592,15,15.5,25,0.05);
INSERT INTO OrderDetail VALUES('10592/26',10592,26,31.230000000000002202,5,0.05);
INSERT INTO OrderDetail VALUES('10593/20',10593,20,81,21,0.2);
INSERT INTO OrderDetail VALUES('10593/69',10593,69,36,20,0.2);
INSERT INTO OrderDetail VALUES('10593/76',10593,76,18,4,0.2);
INSERT INTO OrderDetail VALUES('10594/52',10594,52,7,24,0.0);
INSERT INTO OrderDetail VALUES('10594/58',10594,58,13.249999999999999555,30,0.0);
INSERT INTO OrderDetail VALUES('10595/35',10595,35,18,30,0.25);
INSERT INTO OrderDetail VALUES('10595/61',10595,61,28.5,120,0.25);
INSERT INTO OrderDetail VALUES('10595/69',10595,69,36,65,0.25);
INSERT INTO OrderDetail VALUES('10596/56',10596,56,38,5,0.2);
INSERT INTO OrderDetail VALUES('10596/63',10596,63,43.899999999999996802,24,0.2);
INSERT INTO OrderDetail VALUES('10596/75',10596,75,7.75,30,0.2);
INSERT INTO OrderDetail VALUES('10597/24',10597,24,4.5,35,0.2);
INSERT INTO OrderDetail VALUES('10597/57',10597,57,19.5,20,0.0);
INSERT INTO OrderDetail VALUES('10597/65',10597,65,21.049999999999999822,12,0.2);
INSERT INTO OrderDetail VALUES('10598/27',10598,27,43.899999999999996802,50,0.0);
INSERT INTO OrderDetail VALUES('10598/71',10598,71,21.499999999999999111,9,0.0);
INSERT INTO OrderDetail VALUES('10599/62',10599,62,49.299999999999997157,10,0.0);
INSERT INTO OrderDetail VALUES('10600/54',10600,54,7.4500000000000001776,4,0.0);
INSERT INTO OrderDetail VALUES('10600/73',10600,73,15,30,0.0);
INSERT INTO OrderDetail VALUES('10601/13',10601,13,6,60,0.0);
INSERT INTO OrderDetail VALUES('10601/59',10601,59,55,35,0.0);
INSERT INTO OrderDetail VALUES('10602/77',10602,77,13,5,0.25);
INSERT INTO OrderDetail VALUES('10603/22',10603,22,21,48,0.0);
INSERT INTO OrderDetail VALUES('10603/49',10603,49,20,25,0.05);
INSERT INTO OrderDetail VALUES('10604/48',10604,48,12.749999999999999111,6,0.1);
INSERT INTO OrderDetail VALUES('10604/76',10604,76,18,10,0.1);
INSERT INTO OrderDetail VALUES('10605/16',10605,16,17.449999999999999289,30,0.05);
INSERT INTO OrderDetail VALUES('10605/59',10605,59,55,20,0.05);
INSERT INTO OrderDetail VALUES('10605/60',10605,60,34,70,0.05);
INSERT INTO OrderDetail VALUES('10605/71',10605,71,21.499999999999999111,15,0.05);
INSERT INTO OrderDetail VALUES('10606/4',10606,4,22,20,0.2);
INSERT INTO OrderDetail VALUES('10606/55',10606,55,24,20,0.2);
INSERT INTO OrderDetail VALUES('10606/62',10606,62,49.299999999999997157,10,0.2);
INSERT INTO OrderDetail VALUES('10607/7',10607,7,30,45,0.0);
INSERT INTO OrderDetail VALUES('10607/17',10607,17,39,100,0.0);
INSERT INTO OrderDetail VALUES('10607/33',10607,33,2.5,14,0.0);
INSERT INTO OrderDetail VALUES('10607/40',10607,40,18.399999999999998578,42,0.0);
INSERT INTO OrderDetail VALUES('10607/72',10607,72,34.799999999999995381,12,0.0);
INSERT INTO OrderDetail VALUES('10608/56',10608,56,38,28,0.0);
INSERT INTO OrderDetail VALUES('10609/1',10609,1,18,3,0.0);
INSERT INTO OrderDetail VALUES('10609/10',10609,10,31,10,0.0);
INSERT INTO OrderDetail VALUES('10609/21',10609,21,10,6,0.0);
INSERT INTO OrderDetail VALUES('10610/36',10610,36,19,21,0.25);
INSERT INTO OrderDetail VALUES('10611/1',10611,1,18,6,0.0);
INSERT INTO OrderDetail VALUES('10611/2',10611,2,19,10,0.0);
INSERT INTO OrderDetail VALUES('10611/60',10611,60,34,15,0.0);
INSERT INTO OrderDetail VALUES('10612/10',10612,10,31,70,0.0);
INSERT INTO OrderDetail VALUES('10612/36',10612,36,19,55,0.0);
INSERT INTO OrderDetail VALUES('10612/49',10612,49,20,18,0.0);
INSERT INTO OrderDetail VALUES('10612/60',10612,60,34,40,0.0);
INSERT INTO OrderDetail VALUES('10612/76',10612,76,18,80,0.0);
INSERT INTO OrderDetail VALUES('10613/13',10613,13,6,8,0.1);
INSERT INTO OrderDetail VALUES('10613/75',10613,75,7.75,40,0.0);
INSERT INTO OrderDetail VALUES('10614/11',10614,11,21,14,0.0);
INSERT INTO OrderDetail VALUES('10614/21',10614,21,10,8,0.0);
INSERT INTO OrderDetail VALUES('10614/39',10614,39,18,5,0.0);
INSERT INTO OrderDetail VALUES('10615/55',10615,55,24,5,0.0);
INSERT INTO OrderDetail VALUES('10616/38',10616,38,263.49999999999997868,15,0.05);
INSERT INTO OrderDetail VALUES('10616/56',10616,56,38,14,0.0);
INSERT INTO OrderDetail VALUES('10616/70',10616,70,15,15,0.05);
INSERT INTO OrderDetail VALUES('10616/71',10616,71,21.499999999999999111,15,0.05);
INSERT INTO OrderDetail VALUES('10617/59',10617,59,55,30,0.15);
INSERT INTO OrderDetail VALUES('10618/6',10618,6,25,70,0.0);
INSERT INTO OrderDetail VALUES('10618/56',10618,56,38,20,0.0);
INSERT INTO OrderDetail VALUES('10618/68',10618,68,12.5,15,0.0);
INSERT INTO OrderDetail VALUES('10619/21',10619,21,10,42,0.0);
INSERT INTO OrderDetail VALUES('10619/22',10619,22,21,40,0.0);
INSERT INTO OrderDetail VALUES('10620/24',10620,24,4.5,5,0.0);
INSERT INTO OrderDetail VALUES('10620/52',10620,52,7,5,0.0);
INSERT INTO OrderDetail VALUES('10621/19',10621,19,9.1999999999999992894,5,0.0);
INSERT INTO OrderDetail VALUES('10621/23',10621,23,9,10,0.0);
INSERT INTO OrderDetail VALUES('10621/70',10621,70,15,20,0.0);
INSERT INTO OrderDetail VALUES('10621/71',10621,71,21.499999999999999111,15,0.0);
INSERT INTO OrderDetail VALUES('10622/2',10622,2,19,20,0.0);
INSERT INTO OrderDetail VALUES('10622/68',10622,68,12.5,18,0.2);
INSERT INTO OrderDetail VALUES('10623/14',10623,14,23.250000000000001776,21,0.0);
INSERT INTO OrderDetail VALUES('10623/19',10623,19,9.1999999999999992894,15,0.1);
INSERT INTO OrderDetail VALUES('10623/21',10623,21,10,25,0.1);
INSERT INTO OrderDetail VALUES('10623/24',10623,24,4.5,3,0.0);
INSERT INTO OrderDetail VALUES('10623/35',10623,35,18,30,0.1);
INSERT INTO OrderDetail VALUES('10624/28',10624,28,45.600000000000004973,10,0.0);
INSERT INTO OrderDetail VALUES('10624/29',10624,29,123.79000000000000003,6,0.0);
INSERT INTO OrderDetail VALUES('10624/44',10624,44,19.449999999999999289,10,0.0);
INSERT INTO OrderDetail VALUES('10625/14',10625,14,23.250000000000001776,3,0.0);
INSERT INTO OrderDetail VALUES('10625/42',10625,42,14,5,0.0);
INSERT INTO OrderDetail VALUES('10625/60',10625,60,34,10,0.0);
INSERT INTO OrderDetail VALUES('10626/53',10626,53,32.799999999999998046,12,0.0);
INSERT INTO OrderDetail VALUES('10626/60',10626,60,34,20,0.0);
INSERT INTO OrderDetail VALUES('10626/71',10626,71,21.499999999999999111,20,0.0);
INSERT INTO OrderDetail VALUES('10627/62',10627,62,49.299999999999997157,15,0.0);
INSERT INTO OrderDetail VALUES('10627/73',10627,73,15,35,0.15);
INSERT INTO OrderDetail VALUES('10628/1',10628,1,18,25,0.0);
INSERT INTO OrderDetail VALUES('10629/29',10629,29,123.79000000000000003,20,0.0);
INSERT INTO OrderDetail VALUES('10629/64',10629,64,33.250000000000001776,9,0.0);
INSERT INTO OrderDetail VALUES('10630/55',10630,55,24,12,0.05);
INSERT INTO OrderDetail VALUES('10630/76',10630,76,18,35,0.0);
INSERT INTO OrderDetail VALUES('10631/75',10631,75,7.75,8,0.1);
INSERT INTO OrderDetail VALUES('10632/2',10632,2,19,30,0.05);
INSERT INTO OrderDetail VALUES('10632/33',10632,33,2.5,20,0.05);
INSERT INTO OrderDetail VALUES('10633/12',10633,12,38,36,0.15);
INSERT INTO OrderDetail VALUES('10633/13',10633,13,6,13,0.15);
INSERT INTO OrderDetail VALUES('10633/26',10633,26,31.230000000000002202,35,0.15);
INSERT INTO OrderDetail VALUES('10633/62',10633,62,49.299999999999997157,80,0.15);
INSERT INTO OrderDetail VALUES('10634/7',10634,7,30,35,0.0);
INSERT INTO OrderDetail VALUES('10634/18',10634,18,62.5,50,0.0);
INSERT INTO OrderDetail VALUES('10634/51',10634,51,53,15,0.0);
INSERT INTO OrderDetail VALUES('10634/75',10634,75,7.75,2,0.0);
INSERT INTO OrderDetail VALUES('10635/4',10635,4,22,10,0.1);
INSERT INTO OrderDetail VALUES('10635/5',10635,5,21.350000000000002309,15,0.1);
INSERT INTO OrderDetail VALUES('10635/22',10635,22,21,40,0.0);
INSERT INTO OrderDetail VALUES('10636/4',10636,4,22,25,0.0);
INSERT INTO OrderDetail VALUES('10636/58',10636,58,13.249999999999999555,6,0.0);
INSERT INTO OrderDetail VALUES('10637/11',10637,11,21,10,0.0);
INSERT INTO OrderDetail VALUES('10637/50',10637,50,16.25,25,0.05);
INSERT INTO OrderDetail VALUES('10637/56',10637,56,38,60,0.05);
INSERT INTO OrderDetail VALUES('10638/45',10638,45,9.5,20,0.0);
INSERT INTO OrderDetail VALUES('10638/65',10638,65,21.049999999999999822,21,0.0);
INSERT INTO OrderDetail VALUES('10638/72',10638,72,34.799999999999995381,60,0.0);
INSERT INTO OrderDetail VALUES('10639/18',10639,18,62.5,8,0.0);
INSERT INTO OrderDetail VALUES('10640/69',10640,69,36,20,0.25);
INSERT INTO OrderDetail VALUES('10640/70',10640,70,15,15,0.25);
INSERT INTO OrderDetail VALUES('10641/2',10641,2,19,50,0.0);
INSERT INTO OrderDetail VALUES('10641/40',10641,40,18.399999999999998578,60,0.0);
INSERT INTO OrderDetail VALUES('10642/21',10642,21,10,30,0.2);
INSERT INTO OrderDetail VALUES('10642/61',10642,61,28.5,20,0.2);
INSERT INTO OrderDetail VALUES('10643/28',10643,28,45.600000000000004973,15,0.25);
INSERT INTO OrderDetail VALUES('10643/39',10643,39,18,21,0.25);
INSERT INTO OrderDetail VALUES('10643/46',10643,46,12,2,0.25);
INSERT INTO OrderDetail VALUES('10644/18',10644,18,62.5,4,0.1);
INSERT INTO OrderDetail VALUES('10644/43',10644,43,46,20,0.0);
INSERT INTO OrderDetail VALUES('10644/46',10644,46,12,21,0.1);
INSERT INTO OrderDetail VALUES('10645/18',10645,18,62.5,20,0.0);
INSERT INTO OrderDetail VALUES('10645/36',10645,36,19,15,0.0);
INSERT INTO OrderDetail VALUES('10646/1',10646,1,18,15,0.25);
INSERT INTO OrderDetail VALUES('10646/10',10646,10,31,18,0.25);
INSERT INTO OrderDetail VALUES('10646/71',10646,71,21.499999999999999111,30,0.25);
INSERT INTO OrderDetail VALUES('10646/77',10646,77,13,35,0.25);
INSERT INTO OrderDetail VALUES('10647/19',10647,19,9.1999999999999992894,30,0.0);
INSERT INTO OrderDetail VALUES('10647/39',10647,39,18,20,0.0);
INSERT INTO OrderDetail VALUES('10648/22',10648,22,21,15,0.0);
INSERT INTO OrderDetail VALUES('10648/24',10648,24,4.5,15,0.15);
INSERT INTO OrderDetail VALUES('10649/28',10649,28,45.600000000000004973,20,0.0);
INSERT INTO OrderDetail VALUES('10649/72',10649,72,34.799999999999995381,15,0.0);
INSERT INTO OrderDetail VALUES('10650/30',10650,30,25.88999999999999968,30,0.0);
INSERT INTO OrderDetail VALUES('10650/53',10650,53,32.799999999999998046,25,0.05);
INSERT INTO OrderDetail VALUES('10650/54',10650,54,7.4500000000000001776,30,0.0);
INSERT INTO OrderDetail VALUES('10651/19',10651,19,9.1999999999999992894,12,0.25);
INSERT INTO OrderDetail VALUES('10651/22',10651,22,21,20,0.25);
INSERT INTO OrderDetail VALUES('10652/30',10652,30,25.88999999999999968,2,0.25);
INSERT INTO OrderDetail VALUES('10652/42',10652,42,14,20,0.0);
INSERT INTO OrderDetail VALUES('10653/16',10653,16,17.449999999999999289,30,0.1);
INSERT INTO OrderDetail VALUES('10653/60',10653,60,34,20,0.1);
INSERT INTO OrderDetail VALUES('10654/4',10654,4,22,12,0.1);
INSERT INTO OrderDetail VALUES('10654/39',10654,39,18,20,0.1);
INSERT INTO OrderDetail VALUES('10654/54',10654,54,7.4500000000000001776,6,0.1);
INSERT INTO OrderDetail VALUES('10655/41',10655,41,9.6500000000000003552,20,0.2);
INSERT INTO OrderDetail VALUES('10656/14',10656,14,23.250000000000001776,3,0.1);
INSERT INTO OrderDetail VALUES('10656/44',10656,44,19.449999999999999289,28,0.1);
INSERT INTO OrderDetail VALUES('10656/47',10656,47,9.5,6,0.1);
INSERT INTO OrderDetail VALUES('10657/15',10657,15,15.5,50,0.0);
INSERT INTO OrderDetail VALUES('10657/41',10657,41,9.6500000000000003552,24,0.0);
INSERT INTO OrderDetail VALUES('10657/46',10657,46,12,45,0.0);
INSERT INTO OrderDetail VALUES('10657/47',10657,47,9.5,10,0.0);
INSERT INTO OrderDetail VALUES('10657/56',10657,56,38,45,0.0);
INSERT INTO OrderDetail VALUES('10657/60',10657,60,34,30,0.0);
INSERT INTO OrderDetail VALUES('10658/21',10658,21,10,60,0.0);
INSERT INTO OrderDetail VALUES('10658/40',10658,40,18.399999999999998578,70,0.05);
INSERT INTO OrderDetail VALUES('10658/60',10658,60,34,55,0.05);
INSERT INTO OrderDetail VALUES('10658/77',10658,77,13,70,0.05);
INSERT INTO OrderDetail VALUES('10659/31',10659,31,12.5,20,0.05);
INSERT INTO OrderDetail VALUES('10659/40',10659,40,18.399999999999998578,24,0.05);
INSERT INTO OrderDetail VALUES('10659/70',10659,70,15,40,0.05);
INSERT INTO OrderDetail VALUES('10660/20',10660,20,81,21,0.0);
INSERT INTO OrderDetail VALUES('10661/39',10661,39,18,3,0.2);
INSERT INTO OrderDetail VALUES('10661/58',10661,58,13.249999999999999555,49,0.2);
INSERT INTO OrderDetail VALUES('10662/68',10662,68,12.5,10,0.0);
INSERT INTO OrderDetail VALUES('10663/40',10663,40,18.399999999999998578,30,0.05);
INSERT INTO OrderDetail VALUES('10663/42',10663,42,14,30,0.05);
INSERT INTO OrderDetail VALUES('10663/51',10663,51,53,20,0.05);
INSERT INTO OrderDetail VALUES('10664/10',10664,10,31,24,0.15);
INSERT INTO OrderDetail VALUES('10664/56',10664,56,38,12,0.15);
INSERT INTO OrderDetail VALUES('10664/65',10664,65,21.049999999999999822,15,0.15);
INSERT INTO OrderDetail VALUES('10665/51',10665,51,53,20,0.0);
INSERT INTO OrderDetail VALUES('10665/59',10665,59,55,1,0.0);
INSERT INTO OrderDetail VALUES('10665/76',10665,76,18,10,0.0);
INSERT INTO OrderDetail VALUES('10666/29',10666,29,123.79000000000000003,36,0.0);
INSERT INTO OrderDetail VALUES('10666/65',10666,65,21.049999999999999822,10,0.0);
INSERT INTO OrderDetail VALUES('10667/69',10667,69,36,45,0.2);
INSERT INTO OrderDetail VALUES('10667/71',10667,71,21.499999999999999111,14,0.2);
INSERT INTO OrderDetail VALUES('10668/31',10668,31,12.5,8,0.1);
INSERT INTO OrderDetail VALUES('10668/55',10668,55,24,4,0.1);
INSERT INTO OrderDetail VALUES('10668/64',10668,64,33.250000000000001776,15,0.1);
INSERT INTO OrderDetail VALUES('10669/36',10669,36,19,30,0.0);
INSERT INTO OrderDetail VALUES('10670/23',10670,23,9,32,0.0);
INSERT INTO OrderDetail VALUES('10670/46',10670,46,12,60,0.0);
INSERT INTO OrderDetail VALUES('10670/67',10670,67,14,25,0.0);
INSERT INTO OrderDetail VALUES('10670/73',10670,73,15,50,0.0);
INSERT INTO OrderDetail VALUES('10670/75',10670,75,7.75,25,0.0);
INSERT INTO OrderDetail VALUES('10671/16',10671,16,17.449999999999999289,10,0.0);
INSERT INTO OrderDetail VALUES('10671/62',10671,62,49.299999999999997157,10,0.0);
INSERT INTO OrderDetail VALUES('10671/65',10671,65,21.049999999999999822,12,0.0);
INSERT INTO OrderDetail VALUES('10672/38',10672,38,263.49999999999997868,15,0.1);
INSERT INTO OrderDetail VALUES('10672/71',10672,71,21.499999999999999111,12,0.0);
INSERT INTO OrderDetail VALUES('10673/16',10673,16,17.449999999999999289,3,0.0);
INSERT INTO OrderDetail VALUES('10673/42',10673,42,14,6,0.0);
INSERT INTO OrderDetail VALUES('10673/43',10673,43,46,6,0.0);
INSERT INTO OrderDetail VALUES('10674/23',10674,23,9,5,0.0);
INSERT INTO OrderDetail VALUES('10675/14',10675,14,23.250000000000001776,30,0.0);
INSERT INTO OrderDetail VALUES('10675/53',10675,53,32.799999999999998046,10,0.0);
INSERT INTO OrderDetail VALUES('10675/58',10675,58,13.249999999999999555,30,0.0);
INSERT INTO OrderDetail VALUES('10676/10',10676,10,31,2,0.0);
INSERT INTO OrderDetail VALUES('10676/19',10676,19,9.1999999999999992894,7,0.0);
INSERT INTO OrderDetail VALUES('10676/44',10676,44,19.449999999999999289,21,0.0);
INSERT INTO OrderDetail VALUES('10677/26',10677,26,31.230000000000002202,30,0.15);
INSERT INTO OrderDetail VALUES('10677/33',10677,33,2.5,8,0.15);
INSERT INTO OrderDetail VALUES('10678/12',10678,12,38,100,0.0);
INSERT INTO OrderDetail VALUES('10678/33',10678,33,2.5,30,0.0);
INSERT INTO OrderDetail VALUES('10678/41',10678,41,9.6500000000000003552,120,0.0);
INSERT INTO OrderDetail VALUES('10678/54',10678,54,7.4500000000000001776,30,0.0);
INSERT INTO OrderDetail VALUES('10679/59',10679,59,55,12,0.0);
INSERT INTO OrderDetail VALUES('10680/16',10680,16,17.449999999999999289,50,0.25);
INSERT INTO OrderDetail VALUES('10680/31',10680,31,12.5,20,0.25);
INSERT INTO OrderDetail VALUES('10680/42',10680,42,14,40,0.25);
INSERT INTO OrderDetail VALUES('10681/19',10681,19,9.1999999999999992894,30,0.1);
INSERT INTO OrderDetail VALUES('10681/21',10681,21,10,12,0.1);
INSERT INTO OrderDetail VALUES('10681/64',10681,64,33.250000000000001776,28,0.0);
INSERT INTO OrderDetail VALUES('10682/33',10682,33,2.5,30,0.0);
INSERT INTO OrderDetail VALUES('10682/66',10682,66,17,4,0.0);
INSERT INTO OrderDetail VALUES('10682/75',10682,75,7.75,30,0.0);
INSERT INTO OrderDetail VALUES('10683/52',10683,52,7,9,0.0);
INSERT INTO OrderDetail VALUES('10684/40',10684,40,18.399999999999998578,20,0.0);
INSERT INTO OrderDetail VALUES('10684/47',10684,47,9.5,40,0.0);
INSERT INTO OrderDetail VALUES('10684/60',10684,60,34,30,0.0);
INSERT INTO OrderDetail VALUES('10685/10',10685,10,31,20,0.0);
INSERT INTO OrderDetail VALUES('10685/41',10685,41,9.6500000000000003552,4,0.0);
INSERT INTO OrderDetail VALUES('10685/47',10685,47,9.5,15,0.0);
INSERT INTO OrderDetail VALUES('10686/17',10686,17,39,30,0.2);
INSERT INTO OrderDetail VALUES('10686/26',10686,26,31.230000000000002202,15,0.0);
INSERT INTO OrderDetail VALUES('10687/9',10687,9,97,50,0.25);
INSERT INTO OrderDetail VALUES('10687/29',10687,29,123.79000000000000003,10,0.0);
INSERT INTO OrderDetail VALUES('10687/36',10687,36,19,6,0.25);
INSERT INTO OrderDetail VALUES('10688/10',10688,10,31,18,0.1);
INSERT INTO OrderDetail VALUES('10688/28',10688,28,45.600000000000004973,60,0.1);
INSERT INTO OrderDetail VALUES('10688/34',10688,34,14,14,0.0);
INSERT INTO OrderDetail VALUES('10689/1',10689,1,18,35,0.25);
INSERT INTO OrderDetail VALUES('10690/56',10690,56,38,20,0.25);
INSERT INTO OrderDetail VALUES('10690/77',10690,77,13,30,0.25);
INSERT INTO OrderDetail VALUES('10691/1',10691,1,18,30,0.0);
INSERT INTO OrderDetail VALUES('10691/29',10691,29,123.79000000000000003,40,0.0);
INSERT INTO OrderDetail VALUES('10691/43',10691,43,46,40,0.0);
INSERT INTO OrderDetail VALUES('10691/44',10691,44,19.449999999999999289,24,0.0);
INSERT INTO OrderDetail VALUES('10691/62',10691,62,49.299999999999997157,48,0.0);
INSERT INTO OrderDetail VALUES('10692/63',10692,63,43.899999999999996802,20,0.0);
INSERT INTO OrderDetail VALUES('10693/9',10693,9,97,6,0.0);
INSERT INTO OrderDetail VALUES('10693/54',10693,54,7.4500000000000001776,60,0.15);
INSERT INTO OrderDetail VALUES('10693/69',10693,69,36,30,0.15);
INSERT INTO OrderDetail VALUES('10693/73',10693,73,15,15,0.15);
INSERT INTO OrderDetail VALUES('10694/7',10694,7,30,90,0.0);
INSERT INTO OrderDetail VALUES('10694/59',10694,59,55,25,0.0);
INSERT INTO OrderDetail VALUES('10694/70',10694,70,15,50,0.0);
INSERT INTO OrderDetail VALUES('10695/8',10695,8,40,10,0.0);
INSERT INTO OrderDetail VALUES('10695/12',10695,12,38,4,0.0);
INSERT INTO OrderDetail VALUES('10695/24',10695,24,4.5,20,0.0);
INSERT INTO OrderDetail VALUES('10696/17',10696,17,39,20,0.0);
INSERT INTO OrderDetail VALUES('10696/46',10696,46,12,18,0.0);
INSERT INTO OrderDetail VALUES('10697/19',10697,19,9.1999999999999992894,7,0.25);
INSERT INTO OrderDetail VALUES('10697/35',10697,35,18,9,0.25);
INSERT INTO OrderDetail VALUES('10697/58',10697,58,13.249999999999999555,30,0.25);
INSERT INTO OrderDetail VALUES('10697/70',10697,70,15,30,0.25);
INSERT INTO OrderDetail VALUES('10698/11',10698,11,21,15,0.0);
INSERT INTO OrderDetail VALUES('10698/17',10698,17,39,8,0.05);
INSERT INTO OrderDetail VALUES('10698/29',10698,29,123.79000000000000003,12,0.05);
INSERT INTO OrderDetail VALUES('10698/65',10698,65,21.049999999999999822,65,0.05);
INSERT INTO OrderDetail VALUES('10698/70',10698,70,15,8,0.05);
INSERT INTO OrderDetail VALUES('10699/47',10699,47,9.5,12,0.0);
INSERT INTO OrderDetail VALUES('10700/1',10700,1,18,5,0.2);
INSERT INTO OrderDetail VALUES('10700/34',10700,34,14,12,0.2);
INSERT INTO OrderDetail VALUES('10700/68',10700,68,12.5,40,0.2);
INSERT INTO OrderDetail VALUES('10700/71',10700,71,21.499999999999999111,60,0.2);
INSERT INTO OrderDetail VALUES('10701/59',10701,59,55,42,0.15);
INSERT INTO OrderDetail VALUES('10701/71',10701,71,21.499999999999999111,20,0.15);
INSERT INTO OrderDetail VALUES('10701/76',10701,76,18,35,0.15);
INSERT INTO OrderDetail VALUES('10702/3',10702,3,10,6,0.0);
INSERT INTO OrderDetail VALUES('10702/76',10702,76,18,15,0.0);
INSERT INTO OrderDetail VALUES('10703/2',10703,2,19,5,0.0);
INSERT INTO OrderDetail VALUES('10703/59',10703,59,55,35,0.0);
INSERT INTO OrderDetail VALUES('10703/73',10703,73,15,35,0.0);
INSERT INTO OrderDetail VALUES('10704/4',10704,4,22,6,0.0);
INSERT INTO OrderDetail VALUES('10704/24',10704,24,4.5,35,0.0);
INSERT INTO OrderDetail VALUES('10704/48',10704,48,12.749999999999999111,24,0.0);
INSERT INTO OrderDetail VALUES('10705/31',10705,31,12.5,20,0.0);
INSERT INTO OrderDetail VALUES('10705/32',10705,32,32,4,0.0);
INSERT INTO OrderDetail VALUES('10706/16',10706,16,17.449999999999999289,20,0.0);
INSERT INTO OrderDetail VALUES('10706/43',10706,43,46,24,0.0);
INSERT INTO OrderDetail VALUES('10706/59',10706,59,55,8,0.0);
INSERT INTO OrderDetail VALUES('10707/55',10707,55,24,21,0.0);
INSERT INTO OrderDetail VALUES('10707/57',10707,57,19.5,40,0.0);
INSERT INTO OrderDetail VALUES('10707/70',10707,70,15,28,0.15);
INSERT INTO OrderDetail VALUES('10708/5',10708,5,21.350000000000002309,4,0.0);
INSERT INTO OrderDetail VALUES('10708/36',10708,36,19,5,0.0);
INSERT INTO OrderDetail VALUES('10709/8',10709,8,40,40,0.0);
INSERT INTO OrderDetail VALUES('10709/51',10709,51,53,28,0.0);
INSERT INTO OrderDetail VALUES('10709/60',10709,60,34,10,0.0);
INSERT INTO OrderDetail VALUES('10710/19',10710,19,9.1999999999999992894,5,0.0);
INSERT INTO OrderDetail VALUES('10710/47',10710,47,9.5,5,0.0);
INSERT INTO OrderDetail VALUES('10711/19',10711,19,9.1999999999999992894,12,0.0);
INSERT INTO OrderDetail VALUES('10711/41',10711,41,9.6500000000000003552,42,0.0);
INSERT INTO OrderDetail VALUES('10711/53',10711,53,32.799999999999998046,120,0.0);
INSERT INTO OrderDetail VALUES('10712/53',10712,53,32.799999999999998046,3,0.05);
INSERT INTO OrderDetail VALUES('10712/56',10712,56,38,30,0.0);
INSERT INTO OrderDetail VALUES('10713/10',10713,10,31,18,0.0);
INSERT INTO OrderDetail VALUES('10713/26',10713,26,31.230000000000002202,30,0.0);
INSERT INTO OrderDetail VALUES('10713/45',10713,45,9.5,110,0.0);
INSERT INTO OrderDetail VALUES('10713/46',10713,46,12,24,0.0);
INSERT INTO OrderDetail VALUES('10714/2',10714,2,19,30,0.25);
INSERT INTO OrderDetail VALUES('10714/17',10714,17,39,27,0.25);
INSERT INTO OrderDetail VALUES('10714/47',10714,47,9.5,50,0.25);
INSERT INTO OrderDetail VALUES('10714/56',10714,56,38,18,0.25);
INSERT INTO OrderDetail VALUES('10714/58',10714,58,13.249999999999999555,12,0.25);
INSERT INTO OrderDetail VALUES('10715/10',10715,10,31,21,0.0);
INSERT INTO OrderDetail VALUES('10715/71',10715,71,21.499999999999999111,30,0.0);
INSERT INTO OrderDetail VALUES('10716/21',10716,21,10,5,0.0);
INSERT INTO OrderDetail VALUES('10716/51',10716,51,53,7,0.0);
INSERT INTO OrderDetail VALUES('10716/61',10716,61,28.5,10,0.0);
INSERT INTO OrderDetail VALUES('10717/21',10717,21,10,32,0.05);
INSERT INTO OrderDetail VALUES('10717/54',10717,54,7.4500000000000001776,15,0.0);
INSERT INTO OrderDetail VALUES('10717/69',10717,69,36,25,0.05);
INSERT INTO OrderDetail VALUES('10718/12',10718,12,38,36,0.0);
INSERT INTO OrderDetail VALUES('10718/16',10718,16,17.449999999999999289,20,0.0);
INSERT INTO OrderDetail VALUES('10718/36',10718,36,19,40,0.0);
INSERT INTO OrderDetail VALUES('10718/62',10718,62,49.299999999999997157,20,0.0);
INSERT INTO OrderDetail VALUES('10719/18',10719,18,62.5,12,0.25);
INSERT INTO OrderDetail VALUES('10719/30',10719,30,25.88999999999999968,3,0.25);
INSERT INTO OrderDetail VALUES('10719/54',10719,54,7.4500000000000001776,40,0.25);
INSERT INTO OrderDetail VALUES('10720/35',10720,35,18,21,0.0);
INSERT INTO OrderDetail VALUES('10720/71',10720,71,21.499999999999999111,8,0.0);
INSERT INTO OrderDetail VALUES('10721/44',10721,44,19.449999999999999289,50,0.05);
INSERT INTO OrderDetail VALUES('10722/2',10722,2,19,3,0.0);
INSERT INTO OrderDetail VALUES('10722/31',10722,31,12.5,50,0.0);
INSERT INTO OrderDetail VALUES('10722/68',10722,68,12.5,45,0.0);
INSERT INTO OrderDetail VALUES('10722/75',10722,75,7.75,42,0.0);
INSERT INTO OrderDetail VALUES('10723/26',10723,26,31.230000000000002202,15,0.0);
INSERT INTO OrderDetail VALUES('10724/10',10724,10,31,16,0.0);
INSERT INTO OrderDetail VALUES('10724/61',10724,61,28.5,5,0.0);
INSERT INTO OrderDetail VALUES('10725/41',10725,41,9.6500000000000003552,12,0.0);
INSERT INTO OrderDetail VALUES('10725/52',10725,52,7,4,0.0);
INSERT INTO OrderDetail VALUES('10725/55',10725,55,24,6,0.0);
INSERT INTO OrderDetail VALUES('10726/4',10726,4,22,25,0.0);
INSERT INTO OrderDetail VALUES('10726/11',10726,11,21,5,0.0);
INSERT INTO OrderDetail VALUES('10727/17',10727,17,39,20,0.05);
INSERT INTO OrderDetail VALUES('10727/56',10727,56,38,10,0.05);
INSERT INTO OrderDetail VALUES('10727/59',10727,59,55,10,0.05);
INSERT INTO OrderDetail VALUES('10728/30',10728,30,25.88999999999999968,15,0.0);
INSERT INTO OrderDetail VALUES('10728/40',10728,40,18.399999999999998578,6,0.0);
INSERT INTO OrderDetail VALUES('10728/55',10728,55,24,12,0.0);
INSERT INTO OrderDetail VALUES('10728/60',10728,60,34,15,0.0);
INSERT INTO OrderDetail VALUES('10729/1',10729,1,18,50,0.0);
INSERT INTO OrderDetail VALUES('10729/21',10729,21,10,30,0.0);
INSERT INTO OrderDetail VALUES('10729/50',10729,50,16.25,40,0.0);
INSERT INTO OrderDetail VALUES('10730/16',10730,16,17.449999999999999289,15,0.05);
INSERT INTO OrderDetail VALUES('10730/31',10730,31,12.5,3,0.05);
INSERT INTO OrderDetail VALUES('10730/65',10730,65,21.049999999999999822,10,0.05);
INSERT INTO OrderDetail VALUES('10731/21',10731,21,10,40,0.05);
INSERT INTO OrderDetail VALUES('10731/51',10731,51,53,30,0.05);
INSERT INTO OrderDetail VALUES('10732/76',10732,76,18,20,0.0);
INSERT INTO OrderDetail VALUES('10733/14',10733,14,23.250000000000001776,16,0.0);
INSERT INTO OrderDetail VALUES('10733/28',10733,28,45.600000000000004973,20,0.0);
INSERT INTO OrderDetail VALUES('10733/52',10733,52,7,25,0.0);
INSERT INTO OrderDetail VALUES('10734/6',10734,6,25,30,0.0);
INSERT INTO OrderDetail VALUES('10734/30',10734,30,25.88999999999999968,15,0.0);
INSERT INTO OrderDetail VALUES('10734/76',10734,76,18,20,0.0);
INSERT INTO OrderDetail VALUES('10735/61',10735,61,28.5,20,0.1);
INSERT INTO OrderDetail VALUES('10735/77',10735,77,13,2,0.1);
INSERT INTO OrderDetail VALUES('10736/65',10736,65,21.049999999999999822,40,0.0);
INSERT INTO OrderDetail VALUES('10736/75',10736,75,7.75,20,0.0);
INSERT INTO OrderDetail VALUES('10737/13',10737,13,6,4,0.0);
INSERT INTO OrderDetail VALUES('10737/41',10737,41,9.6500000000000003552,12,0.0);
INSERT INTO OrderDetail VALUES('10738/16',10738,16,17.449999999999999289,3,0.0);
INSERT INTO OrderDetail VALUES('10739/36',10739,36,19,6,0.0);
INSERT INTO OrderDetail VALUES('10739/52',10739,52,7,18,0.0);
INSERT INTO OrderDetail VALUES('10740/28',10740,28,45.600000000000004973,5,0.2);
INSERT INTO OrderDetail VALUES('10740/35',10740,35,18,35,0.2);
INSERT INTO OrderDetail VALUES('10740/45',10740,45,9.5,40,0.2);
INSERT INTO OrderDetail VALUES('10740/56',10740,56,38,14,0.2);
INSERT INTO OrderDetail VALUES('10741/2',10741,2,19,15,0.2);
INSERT INTO OrderDetail VALUES('10742/3',10742,3,10,20,0.0);
INSERT INTO OrderDetail VALUES('10742/60',10742,60,34,50,0.0);
INSERT INTO OrderDetail VALUES('10742/72',10742,72,34.799999999999995381,35,0.0);
INSERT INTO OrderDetail VALUES('10743/46',10743,46,12,28,0.05);
INSERT INTO OrderDetail VALUES('10744/40',10744,40,18.399999999999998578,50,0.2);
INSERT INTO OrderDetail VALUES('10745/18',10745,18,62.5,24,0.0);
INSERT INTO OrderDetail VALUES('10745/44',10745,44,19.449999999999999289,16,0.0);
INSERT INTO OrderDetail VALUES('10745/59',10745,59,55,45,0.0);
INSERT INTO OrderDetail VALUES('10745/72',10745,72,34.799999999999995381,7,0.0);
INSERT INTO OrderDetail VALUES('10746/13',10746,13,6,6,0.0);
INSERT INTO OrderDetail VALUES('10746/42',10746,42,14,28,0.0);
INSERT INTO OrderDetail VALUES('10746/62',10746,62,49.299999999999997157,9,0.0);
INSERT INTO OrderDetail VALUES('10746/69',10746,69,36,40,0.0);
INSERT INTO OrderDetail VALUES('10747/31',10747,31,12.5,8,0.0);
INSERT INTO OrderDetail VALUES('10747/41',10747,41,9.6500000000000003552,35,0.0);
INSERT INTO OrderDetail VALUES('10747/63',10747,63,43.899999999999996802,9,0.0);
INSERT INTO OrderDetail VALUES('10747/69',10747,69,36,30,0.0);
INSERT INTO OrderDetail VALUES('10748/23',10748,23,9,44,0.0);
INSERT INTO OrderDetail VALUES('10748/40',10748,40,18.399999999999998578,40,0.0);
INSERT INTO OrderDetail VALUES('10748/56',10748,56,38,28,0.0);
INSERT INTO OrderDetail VALUES('10749/56',10749,56,38,15,0.0);
INSERT INTO OrderDetail VALUES('10749/59',10749,59,55,6,0.0);
INSERT INTO OrderDetail VALUES('10749/76',10749,76,18,10,0.0);
INSERT INTO OrderDetail VALUES('10750/14',10750,14,23.250000000000001776,5,0.15);
INSERT INTO OrderDetail VALUES('10750/45',10750,45,9.5,40,0.15);
INSERT INTO OrderDetail VALUES('10750/59',10750,59,55,25,0.15);
INSERT INTO OrderDetail VALUES('10751/26',10751,26,31.230000000000002202,12,0.1);
INSERT INTO OrderDetail VALUES('10751/30',10751,30,25.88999999999999968,30,0.0);
INSERT INTO OrderDetail VALUES('10751/50',10751,50,16.25,20,0.1);
INSERT INTO OrderDetail VALUES('10751/73',10751,73,15,15,0.0);
INSERT INTO OrderDetail VALUES('10752/1',10752,1,18,8,0.0);
INSERT INTO OrderDetail VALUES('10752/69',10752,69,36,3,0.0);
INSERT INTO OrderDetail VALUES('10753/45',10753,45,9.5,4,0.0);
INSERT INTO OrderDetail VALUES('10753/74',10753,74,10,5,0.0);
INSERT INTO OrderDetail VALUES('10754/40',10754,40,18.399999999999998578,3,0.0);
INSERT INTO OrderDetail VALUES('10755/47',10755,47,9.5,30,0.25);
INSERT INTO OrderDetail VALUES('10755/56',10755,56,38,30,0.25);
INSERT INTO OrderDetail VALUES('10755/57',10755,57,19.5,14,0.25);
INSERT INTO OrderDetail VALUES('10755/69',10755,69,36,25,0.25);
INSERT INTO OrderDetail VALUES('10756/18',10756,18,62.5,21,0.2);
INSERT INTO OrderDetail VALUES('10756/36',10756,36,19,20,0.2);
INSERT INTO OrderDetail VALUES('10756/68',10756,68,12.5,6,0.2);
INSERT INTO OrderDetail VALUES('10756/69',10756,69,36,20,0.2);
INSERT INTO OrderDetail VALUES('10757/34',10757,34,14,30,0.0);
INSERT INTO OrderDetail VALUES('10757/59',10757,59,55,7,0.0);
INSERT INTO OrderDetail VALUES('10757/62',10757,62,49.299999999999997157,30,0.0);
INSERT INTO OrderDetail VALUES('10757/64',10757,64,33.250000000000001776,24,0.0);
INSERT INTO OrderDetail VALUES('10758/26',10758,26,31.230000000000002202,20,0.0);
INSERT INTO OrderDetail VALUES('10758/52',10758,52,7,60,0.0);
INSERT INTO OrderDetail VALUES('10758/70',10758,70,15,40,0.0);
INSERT INTO OrderDetail VALUES('10759/32',10759,32,32,10,0.0);
INSERT INTO OrderDetail VALUES('10760/25',10760,25,14,12,0.25);
INSERT INTO OrderDetail VALUES('10760/27',10760,27,43.899999999999996802,40,0.0);
INSERT INTO OrderDetail VALUES('10760/43',10760,43,46,30,0.25);
INSERT INTO OrderDetail VALUES('10761/25',10761,25,14,35,0.25);
INSERT INTO OrderDetail VALUES('10761/75',10761,75,7.75,18,0.0);
INSERT INTO OrderDetail VALUES('10762/39',10762,39,18,16,0.0);
INSERT INTO OrderDetail VALUES('10762/47',10762,47,9.5,30,0.0);
INSERT INTO OrderDetail VALUES('10762/51',10762,51,53,28,0.0);
INSERT INTO OrderDetail VALUES('10762/56',10762,56,38,60,0.0);
INSERT INTO OrderDetail VALUES('10763/21',10763,21,10,40,0.0);
INSERT INTO OrderDetail VALUES('10763/22',10763,22,21,6,0.0);
INSERT INTO OrderDetail VALUES('10763/24',10763,24,4.5,20,0.0);
INSERT INTO OrderDetail VALUES('10764/3',10764,3,10,20,0.1);
INSERT INTO OrderDetail VALUES('10764/39',10764,39,18,130,0.1);
INSERT INTO OrderDetail VALUES('10765/65',10765,65,21.049999999999999822,80,0.1);
INSERT INTO OrderDetail VALUES('10766/2',10766,2,19,40,0.0);
INSERT INTO OrderDetail VALUES('10766/7',10766,7,30,35,0.0);
INSERT INTO OrderDetail VALUES('10766/68',10766,68,12.5,40,0.0);
INSERT INTO OrderDetail VALUES('10767/42',10767,42,14,2,0.0);
INSERT INTO OrderDetail VALUES('10768/22',10768,22,21,4,0.0);
INSERT INTO OrderDetail VALUES('10768/31',10768,31,12.5,50,0.0);
INSERT INTO OrderDetail VALUES('10768/60',10768,60,34,15,0.0);
INSERT INTO OrderDetail VALUES('10768/71',10768,71,21.499999999999999111,12,0.0);
INSERT INTO OrderDetail VALUES('10769/41',10769,41,9.6500000000000003552,30,0.05);
INSERT INTO OrderDetail VALUES('10769/52',10769,52,7,15,0.05);
INSERT INTO OrderDetail VALUES('10769/61',10769,61,28.5,20,0.0);
INSERT INTO OrderDetail VALUES('10769/62',10769,62,49.299999999999997157,15,0.0);
INSERT INTO OrderDetail VALUES('10770/11',10770,11,21,15,0.25);
INSERT INTO OrderDetail VALUES('10771/71',10771,71,21.499999999999999111,16,0.0);
INSERT INTO OrderDetail VALUES('10772/29',10772,29,123.79000000000000003,18,0.0);
INSERT INTO OrderDetail VALUES('10772/59',10772,59,55,25,0.0);
INSERT INTO OrderDetail VALUES('10773/17',10773,17,39,33,0.0);
INSERT INTO OrderDetail VALUES('10773/31',10773,31,12.5,70,0.2);
INSERT INTO OrderDetail VALUES('10773/75',10773,75,7.75,7,0.2);
INSERT INTO OrderDetail VALUES('10774/31',10774,31,12.5,2,0.25);
INSERT INTO OrderDetail VALUES('10774/66',10774,66,17,50,0.0);
INSERT INTO OrderDetail VALUES('10775/10',10775,10,31,6,0.0);
INSERT INTO OrderDetail VALUES('10775/67',10775,67,14,3,0.0);
INSERT INTO OrderDetail VALUES('10776/31',10776,31,12.5,16,0.05);
INSERT INTO OrderDetail VALUES('10776/42',10776,42,14,12,0.05);
INSERT INTO OrderDetail VALUES('10776/45',10776,45,9.5,27,0.05);
INSERT INTO OrderDetail VALUES('10776/51',10776,51,53,120,0.05);
INSERT INTO OrderDetail VALUES('10777/42',10777,42,14,20,0.2);
INSERT INTO OrderDetail VALUES('10778/41',10778,41,9.6500000000000003552,10,0.0);
INSERT INTO OrderDetail VALUES('10779/16',10779,16,17.449999999999999289,20,0.0);
INSERT INTO OrderDetail VALUES('10779/62',10779,62,49.299999999999997157,20,0.0);
INSERT INTO OrderDetail VALUES('10780/70',10780,70,15,35,0.0);
INSERT INTO OrderDetail VALUES('10780/77',10780,77,13,15,0.0);
INSERT INTO OrderDetail VALUES('10781/54',10781,54,7.4500000000000001776,3,0.2);
INSERT INTO OrderDetail VALUES('10781/56',10781,56,38,20,0.2);
INSERT INTO OrderDetail VALUES('10781/74',10781,74,10,35,0.0);
INSERT INTO OrderDetail VALUES('10782/31',10782,31,12.5,1,0.0);
INSERT INTO OrderDetail VALUES('10783/31',10783,31,12.5,10,0.0);
INSERT INTO OrderDetail VALUES('10783/38',10783,38,263.49999999999997868,5,0.0);
INSERT INTO OrderDetail VALUES('10784/36',10784,36,19,30,0.0);
INSERT INTO OrderDetail VALUES('10784/39',10784,39,18,2,0.15);
INSERT INTO OrderDetail VALUES('10784/72',10784,72,34.799999999999995381,30,0.15);
INSERT INTO OrderDetail VALUES('10785/10',10785,10,31,10,0.0);
INSERT INTO OrderDetail VALUES('10785/75',10785,75,7.75,10,0.0);
INSERT INTO OrderDetail VALUES('10786/8',10786,8,40,30,0.2);
INSERT INTO OrderDetail VALUES('10786/30',10786,30,25.88999999999999968,15,0.2);
INSERT INTO OrderDetail VALUES('10786/75',10786,75,7.75,42,0.2);
INSERT INTO OrderDetail VALUES('10787/2',10787,2,19,15,0.05);
INSERT INTO OrderDetail VALUES('10787/29',10787,29,123.79000000000000003,20,0.05);
INSERT INTO OrderDetail VALUES('10788/19',10788,19,9.1999999999999992894,50,0.05);
INSERT INTO OrderDetail VALUES('10788/75',10788,75,7.75,40,0.05);
INSERT INTO OrderDetail VALUES('10789/18',10789,18,62.5,30,0.0);
INSERT INTO OrderDetail VALUES('10789/35',10789,35,18,15,0.0);
INSERT INTO OrderDetail VALUES('10789/63',10789,63,43.899999999999996802,30,0.0);
INSERT INTO OrderDetail VALUES('10789/68',10789,68,12.5,18,0.0);
INSERT INTO OrderDetail VALUES('10790/7',10790,7,30,3,0.15);
INSERT INTO OrderDetail VALUES('10790/56',10790,56,38,20,0.15);
INSERT INTO OrderDetail VALUES('10791/29',10791,29,123.79000000000000003,14,0.05);
INSERT INTO OrderDetail VALUES('10791/41',10791,41,9.6500000000000003552,20,0.05);
INSERT INTO OrderDetail VALUES('10792/2',10792,2,19,10,0.0);
INSERT INTO OrderDetail VALUES('10792/54',10792,54,7.4500000000000001776,3,0.0);
INSERT INTO OrderDetail VALUES('10792/68',10792,68,12.5,15,0.0);
INSERT INTO OrderDetail VALUES('10793/41',10793,41,9.6500000000000003552,14,0.0);
INSERT INTO OrderDetail VALUES('10793/52',10793,52,7,8,0.0);
INSERT INTO OrderDetail VALUES('10794/14',10794,14,23.250000000000001776,15,0.2);
INSERT INTO OrderDetail VALUES('10794/54',10794,54,7.4500000000000001776,6,0.2);
INSERT INTO OrderDetail VALUES('10795/16',10795,16,17.449999999999999289,65,0.0);
INSERT INTO OrderDetail VALUES('10795/17',10795,17,39,35,0.25);
INSERT INTO OrderDetail VALUES('10796/26',10796,26,31.230000000000002202,21,0.2);
INSERT INTO OrderDetail VALUES('10796/44',10796,44,19.449999999999999289,10,0.0);
INSERT INTO OrderDetail VALUES('10796/64',10796,64,33.250000000000001776,35,0.2);
INSERT INTO OrderDetail VALUES('10796/69',10796,69,36,24,0.2);
INSERT INTO OrderDetail VALUES('10797/11',10797,11,21,20,0.0);
INSERT INTO OrderDetail VALUES('10798/62',10798,62,49.299999999999997157,2,0.0);
INSERT INTO OrderDetail VALUES('10798/72',10798,72,34.799999999999995381,10,0.0);
INSERT INTO OrderDetail VALUES('10799/13',10799,13,6,20,0.15);
INSERT INTO OrderDetail VALUES('10799/24',10799,24,4.5,20,0.15);
INSERT INTO OrderDetail VALUES('10799/59',10799,59,55,25,0.0);
INSERT INTO OrderDetail VALUES('10800/11',10800,11,21,50,0.1);
INSERT INTO OrderDetail VALUES('10800/51',10800,51,53,10,0.1);
INSERT INTO OrderDetail VALUES('10800/54',10800,54,7.4500000000000001776,7,0.1);
INSERT INTO OrderDetail VALUES('10801/17',10801,17,39,40,0.25);
INSERT INTO OrderDetail VALUES('10801/29',10801,29,123.79000000000000003,20,0.25);
INSERT INTO OrderDetail VALUES('10802/30',10802,30,25.88999999999999968,25,0.25);
INSERT INTO OrderDetail VALUES('10802/51',10802,51,53,30,0.25);
INSERT INTO OrderDetail VALUES('10802/55',10802,55,24,60,0.25);
INSERT INTO OrderDetail VALUES('10802/62',10802,62,49.299999999999997157,5,0.25);
INSERT INTO OrderDetail VALUES('10803/19',10803,19,9.1999999999999992894,24,0.05);
INSERT INTO OrderDetail VALUES('10803/25',10803,25,14,15,0.05);
INSERT INTO OrderDetail VALUES('10803/59',10803,59,55,15,0.05);
INSERT INTO OrderDetail VALUES('10804/10',10804,10,31,36,0.0);
INSERT INTO OrderDetail VALUES('10804/28',10804,28,45.600000000000004973,24,0.0);
INSERT INTO OrderDetail VALUES('10804/49',10804,49,20,4,0.15);
INSERT INTO OrderDetail VALUES('10805/34',10805,34,14,10,0.0);
INSERT INTO OrderDetail VALUES('10805/38',10805,38,263.49999999999997868,10,0.0);
INSERT INTO OrderDetail VALUES('10806/2',10806,2,19,20,0.25);
INSERT INTO OrderDetail VALUES('10806/65',10806,65,21.049999999999999822,2,0.0);
INSERT INTO OrderDetail VALUES('10806/74',10806,74,10,15,0.25);
INSERT INTO OrderDetail VALUES('10807/40',10807,40,18.399999999999998578,1,0.0);
INSERT INTO OrderDetail VALUES('10808/56',10808,56,38,20,0.15);
INSERT INTO OrderDetail VALUES('10808/76',10808,76,18,50,0.15);
INSERT INTO OrderDetail VALUES('10809/52',10809,52,7,20,0.0);
INSERT INTO OrderDetail VALUES('10810/13',10810,13,6,7,0.0);
INSERT INTO OrderDetail VALUES('10810/25',10810,25,14,5,0.0);
INSERT INTO OrderDetail VALUES('10810/70',10810,70,15,5,0.0);
INSERT INTO OrderDetail VALUES('10811/19',10811,19,9.1999999999999992894,15,0.0);
INSERT INTO OrderDetail VALUES('10811/23',10811,23,9,18,0.0);
INSERT INTO OrderDetail VALUES('10811/40',10811,40,18.399999999999998578,30,0.0);
INSERT INTO OrderDetail VALUES('10812/31',10812,31,12.5,16,0.1);
INSERT INTO OrderDetail VALUES('10812/72',10812,72,34.799999999999995381,40,0.1);
INSERT INTO OrderDetail VALUES('10812/77',10812,77,13,20,0.0);
INSERT INTO OrderDetail VALUES('10813/2',10813,2,19,12,0.2);
INSERT INTO OrderDetail VALUES('10813/46',10813,46,12,35,0.0);
INSERT INTO OrderDetail VALUES('10814/41',10814,41,9.6500000000000003552,20,0.0);
INSERT INTO OrderDetail VALUES('10814/43',10814,43,46,20,0.15);
INSERT INTO OrderDetail VALUES('10814/48',10814,48,12.749999999999999111,8,0.15);
INSERT INTO OrderDetail VALUES('10814/61',10814,61,28.5,30,0.15);
INSERT INTO OrderDetail VALUES('10815/33',10815,33,2.5,16,0.0);
INSERT INTO OrderDetail VALUES('10816/38',10816,38,263.49999999999997868,30,0.05);
INSERT INTO OrderDetail VALUES('10816/62',10816,62,49.299999999999997157,20,0.05);
INSERT INTO OrderDetail VALUES('10817/26',10817,26,31.230000000000002202,40,0.15);
INSERT INTO OrderDetail VALUES('10817/38',10817,38,263.49999999999997868,30,0.0);
INSERT INTO OrderDetail VALUES('10817/40',10817,40,18.399999999999998578,60,0.15);
INSERT INTO OrderDetail VALUES('10817/62',10817,62,49.299999999999997157,25,0.15);
INSERT INTO OrderDetail VALUES('10818/32',10818,32,32,20,0.0);
INSERT INTO OrderDetail VALUES('10818/41',10818,41,9.6500000000000003552,20,0.0);
INSERT INTO OrderDetail VALUES('10819/43',10819,43,46,7,0.0);
INSERT INTO OrderDetail VALUES('10819/75',10819,75,7.75,20,0.0);
INSERT INTO OrderDetail VALUES('10820/56',10820,56,38,30,0.0);
INSERT INTO OrderDetail VALUES('10821/35',10821,35,18,20,0.0);
INSERT INTO OrderDetail VALUES('10821/51',10821,51,53,6,0.0);
INSERT INTO OrderDetail VALUES('10822/62',10822,62,49.299999999999997157,3,0.0);
INSERT INTO OrderDetail VALUES('10822/70',10822,70,15,6,0.0);
INSERT INTO OrderDetail VALUES('10823/11',10823,11,21,20,0.1);
INSERT INTO OrderDetail VALUES('10823/57',10823,57,19.5,15,0.0);
INSERT INTO OrderDetail VALUES('10823/59',10823,59,55,40,0.1);
INSERT INTO OrderDetail VALUES('10823/77',10823,77,13,15,0.1);
INSERT INTO OrderDetail VALUES('10824/41',10824,41,9.6500000000000003552,12,0.0);
INSERT INTO OrderDetail VALUES('10824/70',10824,70,15,9,0.0);
INSERT INTO OrderDetail VALUES('10825/26',10825,26,31.230000000000002202,12,0.0);
INSERT INTO OrderDetail VALUES('10825/53',10825,53,32.799999999999998046,20,0.0);
INSERT INTO OrderDetail VALUES('10826/31',10826,31,12.5,35,0.0);
INSERT INTO OrderDetail VALUES('10826/57',10826,57,19.5,15,0.0);
INSERT INTO OrderDetail VALUES('10827/10',10827,10,31,15,0.0);
INSERT INTO OrderDetail VALUES('10827/39',10827,39,18,21,0.0);
INSERT INTO OrderDetail VALUES('10828/20',10828,20,81,5,0.0);
INSERT INTO OrderDetail VALUES('10828/38',10828,38,263.49999999999997868,2,0.0);
INSERT INTO OrderDetail VALUES('10829/2',10829,2,19,10,0.0);
INSERT INTO OrderDetail VALUES('10829/8',10829,8,40,20,0.0);
INSERT INTO OrderDetail VALUES('10829/13',10829,13,6,10,0.0);
INSERT INTO OrderDetail VALUES('10829/60',10829,60,34,21,0.0);
INSERT INTO OrderDetail VALUES('10830/6',10830,6,25,6,0.0);
INSERT INTO OrderDetail VALUES('10830/39',10830,39,18,28,0.0);
INSERT INTO OrderDetail VALUES('10830/60',10830,60,34,30,0.0);
INSERT INTO OrderDetail VALUES('10830/68',10830,68,12.5,24,0.0);
INSERT INTO OrderDetail VALUES('10831/19',10831,19,9.1999999999999992894,2,0.0);
INSERT INTO OrderDetail VALUES('10831/35',10831,35,18,8,0.0);
INSERT INTO OrderDetail VALUES('10831/38',10831,38,263.49999999999997868,8,0.0);
INSERT INTO OrderDetail VALUES('10831/43',10831,43,46,9,0.0);
INSERT INTO OrderDetail VALUES('10832/13',10832,13,6,3,0.2);
INSERT INTO OrderDetail VALUES('10832/25',10832,25,14,10,0.2);
INSERT INTO OrderDetail VALUES('10832/44',10832,44,19.449999999999999289,16,0.2);
INSERT INTO OrderDetail VALUES('10832/64',10832,64,33.250000000000001776,3,0.0);
INSERT INTO OrderDetail VALUES('10833/7',10833,7,30,20,0.1);
INSERT INTO OrderDetail VALUES('10833/31',10833,31,12.5,9,0.1);
INSERT INTO OrderDetail VALUES('10833/53',10833,53,32.799999999999998046,9,0.1);
INSERT INTO OrderDetail VALUES('10834/29',10834,29,123.79000000000000003,8,0.05);
INSERT INTO OrderDetail VALUES('10834/30',10834,30,25.88999999999999968,20,0.05);
INSERT INTO OrderDetail VALUES('10835/59',10835,59,55,15,0.0);
INSERT INTO OrderDetail VALUES('10835/77',10835,77,13,2,0.2);
INSERT INTO OrderDetail VALUES('10836/22',10836,22,21,52,0.0);
INSERT INTO OrderDetail VALUES('10836/35',10836,35,18,6,0.0);
INSERT INTO OrderDetail VALUES('10836/57',10836,57,19.5,24,0.0);
INSERT INTO OrderDetail VALUES('10836/60',10836,60,34,60,0.0);
INSERT INTO OrderDetail VALUES('10836/64',10836,64,33.250000000000001776,30,0.0);
INSERT INTO OrderDetail VALUES('10837/13',10837,13,6,6,0.0);
INSERT INTO OrderDetail VALUES('10837/40',10837,40,18.399999999999998578,25,0.0);
INSERT INTO OrderDetail VALUES('10837/47',10837,47,9.5,40,0.25);
INSERT INTO OrderDetail VALUES('10837/76',10837,76,18,21,0.25);
INSERT INTO OrderDetail VALUES('10838/1',10838,1,18,4,0.25);
INSERT INTO OrderDetail VALUES('10838/18',10838,18,62.5,25,0.25);
INSERT INTO OrderDetail VALUES('10838/36',10838,36,19,50,0.25);
INSERT INTO OrderDetail VALUES('10839/58',10839,58,13.249999999999999555,30,0.1);
INSERT INTO OrderDetail VALUES('10839/72',10839,72,34.799999999999995381,15,0.1);
INSERT INTO OrderDetail VALUES('10840/25',10840,25,14,6,0.2);
INSERT INTO OrderDetail VALUES('10840/39',10840,39,18,10,0.2);
INSERT INTO OrderDetail VALUES('10841/10',10841,10,31,16,0.0);
INSERT INTO OrderDetail VALUES('10841/56',10841,56,38,30,0.0);
INSERT INTO OrderDetail VALUES('10841/59',10841,59,55,50,0.0);
INSERT INTO OrderDetail VALUES('10841/77',10841,77,13,15,0.0);
INSERT INTO OrderDetail VALUES('10842/11',10842,11,21,15,0.0);
INSERT INTO OrderDetail VALUES('10842/43',10842,43,46,5,0.0);
INSERT INTO OrderDetail VALUES('10842/68',10842,68,12.5,20,0.0);
INSERT INTO OrderDetail VALUES('10842/70',10842,70,15,12,0.0);
INSERT INTO OrderDetail VALUES('10843/51',10843,51,53,4,0.25);
INSERT INTO OrderDetail VALUES('10844/22',10844,22,21,35,0.0);
INSERT INTO OrderDetail VALUES('10845/23',10845,23,9,70,0.1);
INSERT INTO OrderDetail VALUES('10845/35',10845,35,18,25,0.1);
INSERT INTO OrderDetail VALUES('10845/42',10845,42,14,42,0.1);
INSERT INTO OrderDetail VALUES('10845/58',10845,58,13.249999999999999555,60,0.1);
INSERT INTO OrderDetail VALUES('10845/64',10845,64,33.250000000000001776,48,0.0);
INSERT INTO OrderDetail VALUES('10846/4',10846,4,22,21,0.0);
INSERT INTO OrderDetail VALUES('10846/70',10846,70,15,30,0.0);
INSERT INTO OrderDetail VALUES('10846/74',10846,74,10,20,0.0);
INSERT INTO OrderDetail VALUES('10847/1',10847,1,18,80,0.2);
INSERT INTO OrderDetail VALUES('10847/19',10847,19,9.1999999999999992894,12,0.2);
INSERT INTO OrderDetail VALUES('10847/37',10847,37,26,60,0.2);
INSERT INTO OrderDetail VALUES('10847/45',10847,45,9.5,36,0.2);
INSERT INTO OrderDetail VALUES('10847/60',10847,60,34,45,0.2);
INSERT INTO OrderDetail VALUES('10847/71',10847,71,21.499999999999999111,55,0.2);
INSERT INTO OrderDetail VALUES('10848/5',10848,5,21.350000000000002309,30,0.0);
INSERT INTO OrderDetail VALUES('10848/9',10848,9,97,3,0.0);
INSERT INTO OrderDetail VALUES('10849/3',10849,3,10,49,0.0);
INSERT INTO OrderDetail VALUES('10849/26',10849,26,31.230000000000002202,18,0.15);
INSERT INTO OrderDetail VALUES('10850/25',10850,25,14,20,0.15);
INSERT INTO OrderDetail VALUES('10850/33',10850,33,2.5,4,0.15);
INSERT INTO OrderDetail VALUES('10850/70',10850,70,15,30,0.15);
INSERT INTO OrderDetail VALUES('10851/2',10851,2,19,5,0.05);
INSERT INTO OrderDetail VALUES('10851/25',10851,25,14,10,0.05);
INSERT INTO OrderDetail VALUES('10851/57',10851,57,19.5,10,0.05);
INSERT INTO OrderDetail VALUES('10851/59',10851,59,55,42,0.05);
INSERT INTO OrderDetail VALUES('10852/2',10852,2,19,15,0.0);
INSERT INTO OrderDetail VALUES('10852/17',10852,17,39,6,0.0);
INSERT INTO OrderDetail VALUES('10852/62',10852,62,49.299999999999997157,50,0.0);
INSERT INTO OrderDetail VALUES('10853/18',10853,18,62.5,10,0.0);
INSERT INTO OrderDetail VALUES('10854/10',10854,10,31,100,0.15);
INSERT INTO OrderDetail VALUES('10854/13',10854,13,6,65,0.15);
INSERT INTO OrderDetail VALUES('10855/16',10855,16,17.449999999999999289,50,0.0);
INSERT INTO OrderDetail VALUES('10855/31',10855,31,12.5,14,0.0);
INSERT INTO OrderDetail VALUES('10855/56',10855,56,38,24,0.0);
INSERT INTO OrderDetail VALUES('10855/65',10855,65,21.049999999999999822,15,0.15);
INSERT INTO OrderDetail VALUES('10856/2',10856,2,19,20,0.0);
INSERT INTO OrderDetail VALUES('10856/42',10856,42,14,20,0.0);
INSERT INTO OrderDetail VALUES('10857/3',10857,3,10,30,0.0);
INSERT INTO OrderDetail VALUES('10857/26',10857,26,31.230000000000002202,35,0.25);
INSERT INTO OrderDetail VALUES('10857/29',10857,29,123.79000000000000003,10,0.25);
INSERT INTO OrderDetail VALUES('10858/7',10858,7,30,5,0.0);
INSERT INTO OrderDetail VALUES('10858/27',10858,27,43.899999999999996802,10,0.0);
INSERT INTO OrderDetail VALUES('10858/70',10858,70,15,4,0.0);
INSERT INTO OrderDetail VALUES('10859/24',10859,24,4.5,40,0.25);
INSERT INTO OrderDetail VALUES('10859/54',10859,54,7.4500000000000001776,35,0.25);
INSERT INTO OrderDetail VALUES('10859/64',10859,64,33.250000000000001776,30,0.25);
INSERT INTO OrderDetail VALUES('10860/51',10860,51,53,3,0.0);
INSERT INTO OrderDetail VALUES('10860/76',10860,76,18,20,0.0);
INSERT INTO OrderDetail VALUES('10861/17',10861,17,39,42,0.0);
INSERT INTO OrderDetail VALUES('10861/18',10861,18,62.5,20,0.0);
INSERT INTO OrderDetail VALUES('10861/21',10861,21,10,40,0.0);
INSERT INTO OrderDetail VALUES('10861/33',10861,33,2.5,35,0.0);
INSERT INTO OrderDetail VALUES('10861/62',10861,62,49.299999999999997157,3,0.0);
INSERT INTO OrderDetail VALUES('10862/11',10862,11,21,25,0.0);
INSERT INTO OrderDetail VALUES('10862/52',10862,52,7,8,0.0);
INSERT INTO OrderDetail VALUES('10863/1',10863,1,18,20,0.15);
INSERT INTO OrderDetail VALUES('10863/58',10863,58,13.249999999999999555,12,0.15);
INSERT INTO OrderDetail VALUES('10864/35',10864,35,18,4,0.0);
INSERT INTO OrderDetail VALUES('10864/67',10864,67,14,15,0.0);
INSERT INTO OrderDetail VALUES('10865/38',10865,38,263.49999999999997868,60,0.05);
INSERT INTO OrderDetail VALUES('10865/39',10865,39,18,80,0.05);
INSERT INTO OrderDetail VALUES('10866/2',10866,2,19,21,0.25);
INSERT INTO OrderDetail VALUES('10866/24',10866,24,4.5,6,0.25);
INSERT INTO OrderDetail VALUES('10866/30',10866,30,25.88999999999999968,40,0.25);
INSERT INTO OrderDetail VALUES('10867/53',10867,53,32.799999999999998046,3,0.0);
INSERT INTO OrderDetail VALUES('10868/26',10868,26,31.230000000000002202,20,0.0);
INSERT INTO OrderDetail VALUES('10868/35',10868,35,18,30,0.0);
INSERT INTO OrderDetail VALUES('10868/49',10868,49,20,42,0.1);
INSERT INTO OrderDetail VALUES('10869/1',10869,1,18,40,0.0);
INSERT INTO OrderDetail VALUES('10869/11',10869,11,21,10,0.0);
INSERT INTO OrderDetail VALUES('10869/23',10869,23,9,50,0.0);
INSERT INTO OrderDetail VALUES('10869/68',10869,68,12.5,20,0.0);
INSERT INTO OrderDetail VALUES('10870/35',10870,35,18,3,0.0);
INSERT INTO OrderDetail VALUES('10870/51',10870,51,53,2,0.0);
INSERT INTO OrderDetail VALUES('10871/6',10871,6,25,50,0.05);
INSERT INTO OrderDetail VALUES('10871/16',10871,16,17.449999999999999289,12,0.05);
INSERT INTO OrderDetail VALUES('10871/17',10871,17,39,16,0.05);
INSERT INTO OrderDetail VALUES('10872/55',10872,55,24,10,0.05);
INSERT INTO OrderDetail VALUES('10872/62',10872,62,49.299999999999997157,20,0.05);
INSERT INTO OrderDetail VALUES('10872/64',10872,64,33.250000000000001776,15,0.05);
INSERT INTO OrderDetail VALUES('10872/65',10872,65,21.049999999999999822,21,0.05);
INSERT INTO OrderDetail VALUES('10873/21',10873,21,10,20,0.0);
INSERT INTO OrderDetail VALUES('10873/28',10873,28,45.600000000000004973,3,0.0);
INSERT INTO OrderDetail VALUES('10874/10',10874,10,31,10,0.0);
INSERT INTO OrderDetail VALUES('10875/19',10875,19,9.1999999999999992894,25,0.0);
INSERT INTO OrderDetail VALUES('10875/47',10875,47,9.5,21,0.1);
INSERT INTO OrderDetail VALUES('10875/49',10875,49,20,15,0.0);
INSERT INTO OrderDetail VALUES('10876/46',10876,46,12,21,0.0);
INSERT INTO OrderDetail VALUES('10876/64',10876,64,33.250000000000001776,20,0.0);
INSERT INTO OrderDetail VALUES('10877/16',10877,16,17.449999999999999289,30,0.25);
INSERT INTO OrderDetail VALUES('10877/18',10877,18,62.5,25,0.0);
INSERT INTO OrderDetail VALUES('10878/20',10878,20,81,20,0.05);
INSERT INTO OrderDetail VALUES('10879/40',10879,40,18.399999999999998578,12,0.0);
INSERT INTO OrderDetail VALUES('10879/65',10879,65,21.049999999999999822,10,0.0);
INSERT INTO OrderDetail VALUES('10879/76',10879,76,18,10,0.0);
INSERT INTO OrderDetail VALUES('10880/23',10880,23,9,30,0.2);
INSERT INTO OrderDetail VALUES('10880/61',10880,61,28.5,30,0.2);
INSERT INTO OrderDetail VALUES('10880/70',10880,70,15,50,0.2);
INSERT INTO OrderDetail VALUES('10881/73',10881,73,15,10,0.0);
INSERT INTO OrderDetail VALUES('10882/42',10882,42,14,25,0.0);
INSERT INTO OrderDetail VALUES('10882/49',10882,49,20,20,0.15);
INSERT INTO OrderDetail VALUES('10882/54',10882,54,7.4500000000000001776,32,0.15);
INSERT INTO OrderDetail VALUES('10883/24',10883,24,4.5,8,0.0);
INSERT INTO OrderDetail VALUES('10884/21',10884,21,10,40,0.05);
INSERT INTO OrderDetail VALUES('10884/56',10884,56,38,21,0.05);
INSERT INTO OrderDetail VALUES('10884/65',10884,65,21.049999999999999822,12,0.05);
INSERT INTO OrderDetail VALUES('10885/2',10885,2,19,20,0.0);
INSERT INTO OrderDetail VALUES('10885/24',10885,24,4.5,12,0.0);
INSERT INTO OrderDetail VALUES('10885/70',10885,70,15,30,0.0);
INSERT INTO OrderDetail VALUES('10885/77',10885,77,13,25,0.0);
INSERT INTO OrderDetail VALUES('10886/10',10886,10,31,70,0.0);
INSERT INTO OrderDetail VALUES('10886/31',10886,31,12.5,35,0.0);
INSERT INTO OrderDetail VALUES('10886/77',10886,77,13,40,0.0);
INSERT INTO OrderDetail VALUES('10887/25',10887,25,14,5,0.0);
INSERT INTO OrderDetail VALUES('10888/2',10888,2,19,20,0.0);
INSERT INTO OrderDetail VALUES('10888/68',10888,68,12.5,18,0.0);
INSERT INTO OrderDetail VALUES('10889/11',10889,11,21,40,0.0);
INSERT INTO OrderDetail VALUES('10889/38',10889,38,263.49999999999997868,40,0.0);
INSERT INTO OrderDetail VALUES('10890/17',10890,17,39,15,0.0);
INSERT INTO OrderDetail VALUES('10890/34',10890,34,14,10,0.0);
INSERT INTO OrderDetail VALUES('10890/41',10890,41,9.6500000000000003552,14,0.0);
INSERT INTO OrderDetail VALUES('10891/30',10891,30,25.88999999999999968,15,0.05);
INSERT INTO OrderDetail VALUES('10892/59',10892,59,55,40,0.05);
INSERT INTO OrderDetail VALUES('10893/8',10893,8,40,30,0.0);
INSERT INTO OrderDetail VALUES('10893/24',10893,24,4.5,10,0.0);
INSERT INTO OrderDetail VALUES('10893/29',10893,29,123.79000000000000003,24,0.0);
INSERT INTO OrderDetail VALUES('10893/30',10893,30,25.88999999999999968,35,0.0);
INSERT INTO OrderDetail VALUES('10893/36',10893,36,19,20,0.0);
INSERT INTO OrderDetail VALUES('10894/13',10894,13,6,28,0.05);
INSERT INTO OrderDetail VALUES('10894/69',10894,69,36,50,0.05);
INSERT INTO OrderDetail VALUES('10894/75',10894,75,7.75,120,0.05);
INSERT INTO OrderDetail VALUES('10895/24',10895,24,4.5,110,0.0);
INSERT INTO OrderDetail VALUES('10895/39',10895,39,18,45,0.0);
INSERT INTO OrderDetail VALUES('10895/40',10895,40,18.399999999999998578,91,0.0);
INSERT INTO OrderDetail VALUES('10895/60',10895,60,34,100,0.0);
INSERT INTO OrderDetail VALUES('10896/45',10896,45,9.5,15,0.0);
INSERT INTO OrderDetail VALUES('10896/56',10896,56,38,16,0.0);
INSERT INTO OrderDetail VALUES('10897/29',10897,29,123.79000000000000003,80,0.0);
INSERT INTO OrderDetail VALUES('10897/30',10897,30,25.88999999999999968,36,0.0);
INSERT INTO OrderDetail VALUES('10898/13',10898,13,6,5,0.0);
INSERT INTO OrderDetail VALUES('10899/39',10899,39,18,8,0.15);
INSERT INTO OrderDetail VALUES('10900/70',10900,70,15,3,0.25);
INSERT INTO OrderDetail VALUES('10901/41',10901,41,9.6500000000000003552,30,0.0);
INSERT INTO OrderDetail VALUES('10901/71',10901,71,21.499999999999999111,30,0.0);
INSERT INTO OrderDetail VALUES('10902/55',10902,55,24,30,0.15);
INSERT INTO OrderDetail VALUES('10902/62',10902,62,49.299999999999997157,6,0.15);
INSERT INTO OrderDetail VALUES('10903/13',10903,13,6,40,0.0);
INSERT INTO OrderDetail VALUES('10903/65',10903,65,21.049999999999999822,21,0.0);
INSERT INTO OrderDetail VALUES('10903/68',10903,68,12.5,20,0.0);
INSERT INTO OrderDetail VALUES('10904/58',10904,58,13.249999999999999555,15,0.0);
INSERT INTO OrderDetail VALUES('10904/62',10904,62,49.299999999999997157,35,0.0);
INSERT INTO OrderDetail VALUES('10905/1',10905,1,18,20,0.05);
INSERT INTO OrderDetail VALUES('10906/61',10906,61,28.5,15,0.0);
INSERT INTO OrderDetail VALUES('10907/75',10907,75,7.75,14,0.0);
INSERT INTO OrderDetail VALUES('10908/7',10908,7,30,20,0.05);
INSERT INTO OrderDetail VALUES('10908/52',10908,52,7,14,0.05);
INSERT INTO OrderDetail VALUES('10909/7',10909,7,30,12,0.0);
INSERT INTO OrderDetail VALUES('10909/16',10909,16,17.449999999999999289,15,0.0);
INSERT INTO OrderDetail VALUES('10909/41',10909,41,9.6500000000000003552,5,0.0);
INSERT INTO OrderDetail VALUES('10910/19',10910,19,9.1999999999999992894,12,0.0);
INSERT INTO OrderDetail VALUES('10910/49',10910,49,20,10,0.0);
INSERT INTO OrderDetail VALUES('10910/61',10910,61,28.5,5,0.0);
INSERT INTO OrderDetail VALUES('10911/1',10911,1,18,10,0.0);
INSERT INTO OrderDetail VALUES('10911/17',10911,17,39,12,0.0);
INSERT INTO OrderDetail VALUES('10911/67',10911,67,14,15,0.0);
INSERT INTO OrderDetail VALUES('10912/11',10912,11,21,40,0.25);
INSERT INTO OrderDetail VALUES('10912/29',10912,29,123.79000000000000003,60,0.25);
INSERT INTO OrderDetail VALUES('10913/4',10913,4,22,30,0.25);
INSERT INTO OrderDetail VALUES('10913/33',10913,33,2.5,40,0.25);
INSERT INTO OrderDetail VALUES('10913/58',10913,58,13.249999999999999555,15,0.0);
INSERT INTO OrderDetail VALUES('10914/71',10914,71,21.499999999999999111,25,0.0);
INSERT INTO OrderDetail VALUES('10915/17',10915,17,39,10,0.0);
INSERT INTO OrderDetail VALUES('10915/33',10915,33,2.5,30,0.0);
INSERT INTO OrderDetail VALUES('10915/54',10915,54,7.4500000000000001776,10,0.0);
INSERT INTO OrderDetail VALUES('10916/16',10916,16,17.449999999999999289,6,0.0);
INSERT INTO OrderDetail VALUES('10916/32',10916,32,32,6,0.0);
INSERT INTO OrderDetail VALUES('10916/57',10916,57,19.5,20,0.0);
INSERT INTO OrderDetail VALUES('10917/30',10917,30,25.88999999999999968,1,0.0);
INSERT INTO OrderDetail VALUES('10917/60',10917,60,34,10,0.0);
INSERT INTO OrderDetail VALUES('10918/1',10918,1,18,60,0.25);
INSERT INTO OrderDetail VALUES('10918/60',10918,60,34,25,0.25);
INSERT INTO OrderDetail VALUES('10919/16',10919,16,17.449999999999999289,24,0.0);
INSERT INTO OrderDetail VALUES('10919/25',10919,25,14,24,0.0);
INSERT INTO OrderDetail VALUES('10919/40',10919,40,18.399999999999998578,20,0.0);
INSERT INTO OrderDetail VALUES('10920/50',10920,50,16.25,24,0.0);
INSERT INTO OrderDetail VALUES('10921/35',10921,35,18,10,0.0);
INSERT INTO OrderDetail VALUES('10921/63',10921,63,43.899999999999996802,40,0.0);
INSERT INTO OrderDetail VALUES('10922/17',10922,17,39,15,0.0);
INSERT INTO OrderDetail VALUES('10922/24',10922,24,4.5,35,0.0);
INSERT INTO OrderDetail VALUES('10923/42',10923,42,14,10,0.2);
INSERT INTO OrderDetail VALUES('10923/43',10923,43,46,10,0.2);
INSERT INTO OrderDetail VALUES('10923/67',10923,67,14,24,0.2);
INSERT INTO OrderDetail VALUES('10924/10',10924,10,31,20,0.1);
INSERT INTO OrderDetail VALUES('10924/28',10924,28,45.600000000000004973,30,0.1);
INSERT INTO OrderDetail VALUES('10924/75',10924,75,7.75,6,0.0);
INSERT INTO OrderDetail VALUES('10925/36',10925,36,19,25,0.15);
INSERT INTO OrderDetail VALUES('10925/52',10925,52,7,12,0.15);
INSERT INTO OrderDetail VALUES('10926/11',10926,11,21,2,0.0);
INSERT INTO OrderDetail VALUES('10926/13',10926,13,6,10,0.0);
INSERT INTO OrderDetail VALUES('10926/19',10926,19,9.1999999999999992894,7,0.0);
INSERT INTO OrderDetail VALUES('10926/72',10926,72,34.799999999999995381,10,0.0);
INSERT INTO OrderDetail VALUES('10927/20',10927,20,81,5,0.0);
INSERT INTO OrderDetail VALUES('10927/52',10927,52,7,5,0.0);
INSERT INTO OrderDetail VALUES('10927/76',10927,76,18,20,0.0);
INSERT INTO OrderDetail VALUES('10928/47',10928,47,9.5,5,0.0);
INSERT INTO OrderDetail VALUES('10928/76',10928,76,18,5,0.0);
INSERT INTO OrderDetail VALUES('10929/21',10929,21,10,60,0.0);
INSERT INTO OrderDetail VALUES('10929/75',10929,75,7.75,49,0.0);
INSERT INTO OrderDetail VALUES('10929/77',10929,77,13,15,0.0);
INSERT INTO OrderDetail VALUES('10930/21',10930,21,10,36,0.0);
INSERT INTO OrderDetail VALUES('10930/27',10930,27,43.899999999999996802,25,0.0);
INSERT INTO OrderDetail VALUES('10930/55',10930,55,24,25,0.2);
INSERT INTO OrderDetail VALUES('10930/58',10930,58,13.249999999999999555,30,0.2);
INSERT INTO OrderDetail VALUES('10931/13',10931,13,6,42,0.15);
INSERT INTO OrderDetail VALUES('10931/57',10931,57,19.5,30,0.0);
INSERT INTO OrderDetail VALUES('10932/16',10932,16,17.449999999999999289,30,0.1);
INSERT INTO OrderDetail VALUES('10932/62',10932,62,49.299999999999997157,14,0.1);
INSERT INTO OrderDetail VALUES('10932/72',10932,72,34.799999999999995381,16,0.0);
INSERT INTO OrderDetail VALUES('10932/75',10932,75,7.75,20,0.1);
INSERT INTO OrderDetail VALUES('10933/53',10933,53,32.799999999999998046,2,0.0);
INSERT INTO OrderDetail VALUES('10933/61',10933,61,28.5,30,0.0);
INSERT INTO OrderDetail VALUES('10934/6',10934,6,25,20,0.0);
INSERT INTO OrderDetail VALUES('10935/1',10935,1,18,21,0.0);
INSERT INTO OrderDetail VALUES('10935/18',10935,18,62.5,4,0.25);
INSERT INTO OrderDetail VALUES('10935/23',10935,23,9,8,0.25);
INSERT INTO OrderDetail VALUES('10936/36',10936,36,19,30,0.2);
INSERT INTO OrderDetail VALUES('10937/28',10937,28,45.600000000000004973,8,0.0);
INSERT INTO OrderDetail VALUES('10937/34',10937,34,14,20,0.0);
INSERT INTO OrderDetail VALUES('10938/13',10938,13,6,20,0.25);
INSERT INTO OrderDetail VALUES('10938/43',10938,43,46,24,0.25);
INSERT INTO OrderDetail VALUES('10938/60',10938,60,34,49,0.25);
INSERT INTO OrderDetail VALUES('10938/71',10938,71,21.499999999999999111,35,0.25);
INSERT INTO OrderDetail VALUES('10939/2',10939,2,19,10,0.15);
INSERT INTO OrderDetail VALUES('10939/67',10939,67,14,40,0.15);
INSERT INTO OrderDetail VALUES('10940/7',10940,7,30,8,0.0);
INSERT INTO OrderDetail VALUES('10940/13',10940,13,6,20,0.0);
INSERT INTO OrderDetail VALUES('10941/31',10941,31,12.5,44,0.25);
INSERT INTO OrderDetail VALUES('10941/62',10941,62,49.299999999999997157,30,0.25);
INSERT INTO OrderDetail VALUES('10941/68',10941,68,12.5,80,0.25);
INSERT INTO OrderDetail VALUES('10941/72',10941,72,34.799999999999995381,50,0.0);
INSERT INTO OrderDetail VALUES('10942/49',10942,49,20,28,0.0);
INSERT INTO OrderDetail VALUES('10943/13',10943,13,6,15,0.0);
INSERT INTO OrderDetail VALUES('10943/22',10943,22,21,21,0.0);
INSERT INTO OrderDetail VALUES('10943/46',10943,46,12,15,0.0);
INSERT INTO OrderDetail VALUES('10944/11',10944,11,21,5,0.25);
INSERT INTO OrderDetail VALUES('10944/44',10944,44,19.449999999999999289,18,0.25);
INSERT INTO OrderDetail VALUES('10944/56',10944,56,38,18,0.0);
INSERT INTO OrderDetail VALUES('10945/13',10945,13,6,20,0.0);
INSERT INTO OrderDetail VALUES('10945/31',10945,31,12.5,10,0.0);
INSERT INTO OrderDetail VALUES('10946/10',10946,10,31,25,0.0);
INSERT INTO OrderDetail VALUES('10946/24',10946,24,4.5,25,0.0);
INSERT INTO OrderDetail VALUES('10946/77',10946,77,13,40,0.0);
INSERT INTO OrderDetail VALUES('10947/59',10947,59,55,4,0.0);
INSERT INTO OrderDetail VALUES('10948/50',10948,50,16.25,9,0.0);
INSERT INTO OrderDetail VALUES('10948/51',10948,51,53,40,0.0);
INSERT INTO OrderDetail VALUES('10948/55',10948,55,24,4,0.0);
INSERT INTO OrderDetail VALUES('10949/6',10949,6,25,12,0.0);
INSERT INTO OrderDetail VALUES('10949/10',10949,10,31,30,0.0);
INSERT INTO OrderDetail VALUES('10949/17',10949,17,39,6,0.0);
INSERT INTO OrderDetail VALUES('10949/62',10949,62,49.299999999999997157,60,0.0);
INSERT INTO OrderDetail VALUES('10950/4',10950,4,22,5,0.0);
INSERT INTO OrderDetail VALUES('10951/33',10951,33,2.5,15,0.05);
INSERT INTO OrderDetail VALUES('10951/41',10951,41,9.6500000000000003552,6,0.05);
INSERT INTO OrderDetail VALUES('10951/75',10951,75,7.75,50,0.05);
INSERT INTO OrderDetail VALUES('10952/6',10952,6,25,16,0.05);
INSERT INTO OrderDetail VALUES('10952/28',10952,28,45.600000000000004973,2,0.0);
INSERT INTO OrderDetail VALUES('10953/20',10953,20,81,50,0.05);
INSERT INTO OrderDetail VALUES('10953/31',10953,31,12.5,50,0.05);
INSERT INTO OrderDetail VALUES('10954/16',10954,16,17.449999999999999289,28,0.15);
INSERT INTO OrderDetail VALUES('10954/31',10954,31,12.5,25,0.15);
INSERT INTO OrderDetail VALUES('10954/45',10954,45,9.5,30,0.0);
INSERT INTO OrderDetail VALUES('10954/60',10954,60,34,24,0.15);
INSERT INTO OrderDetail VALUES('10955/75',10955,75,7.75,12,0.2);
INSERT INTO OrderDetail VALUES('10956/21',10956,21,10,12,0.0);
INSERT INTO OrderDetail VALUES('10956/47',10956,47,9.5,14,0.0);
INSERT INTO OrderDetail VALUES('10956/51',10956,51,53,8,0.0);
INSERT INTO OrderDetail VALUES('10957/30',10957,30,25.88999999999999968,30,0.0);
INSERT INTO OrderDetail VALUES('10957/35',10957,35,18,40,0.0);
INSERT INTO OrderDetail VALUES('10957/64',10957,64,33.250000000000001776,8,0.0);
INSERT INTO OrderDetail VALUES('10958/5',10958,5,21.350000000000002309,20,0.0);
INSERT INTO OrderDetail VALUES('10958/7',10958,7,30,6,0.0);
INSERT INTO OrderDetail VALUES('10958/72',10958,72,34.799999999999995381,5,0.0);
INSERT INTO OrderDetail VALUES('10959/75',10959,75,7.75,20,0.15);
INSERT INTO OrderDetail VALUES('10960/24',10960,24,4.5,10,0.25);
INSERT INTO OrderDetail VALUES('10960/41',10960,41,9.6500000000000003552,24,0.0);
INSERT INTO OrderDetail VALUES('10961/52',10961,52,7,6,0.05);
INSERT INTO OrderDetail VALUES('10961/76',10961,76,18,60,0.0);
INSERT INTO OrderDetail VALUES('10962/7',10962,7,30,45,0.0);
INSERT INTO OrderDetail VALUES('10962/13',10962,13,6,77,0.0);
INSERT INTO OrderDetail VALUES('10962/53',10962,53,32.799999999999998046,20,0.0);
INSERT INTO OrderDetail VALUES('10962/69',10962,69,36,9,0.0);
INSERT INTO OrderDetail VALUES('10962/76',10962,76,18,44,0.0);
INSERT INTO OrderDetail VALUES('10963/60',10963,60,34,2,0.15);
INSERT INTO OrderDetail VALUES('10964/18',10964,18,62.5,6,0.0);
INSERT INTO OrderDetail VALUES('10964/38',10964,38,263.49999999999997868,5,0.0);
INSERT INTO OrderDetail VALUES('10964/69',10964,69,36,10,0.0);
INSERT INTO OrderDetail VALUES('10965/51',10965,51,53,16,0.0);
INSERT INTO OrderDetail VALUES('10966/37',10966,37,26,8,0.0);
INSERT INTO OrderDetail VALUES('10966/56',10966,56,38,12,0.15);
INSERT INTO OrderDetail VALUES('10966/62',10966,62,49.299999999999997157,12,0.15);
INSERT INTO OrderDetail VALUES('10967/19',10967,19,9.1999999999999992894,12,0.0);
INSERT INTO OrderDetail VALUES('10967/49',10967,49,20,40,0.0);
INSERT INTO OrderDetail VALUES('10968/12',10968,12,38,30,0.0);
INSERT INTO OrderDetail VALUES('10968/24',10968,24,4.5,30,0.0);
INSERT INTO OrderDetail VALUES('10968/64',10968,64,33.250000000000001776,4,0.0);
INSERT INTO OrderDetail VALUES('10969/46',10969,46,12,9,0.0);
INSERT INTO OrderDetail VALUES('10970/52',10970,52,7,40,0.2);
INSERT INTO OrderDetail VALUES('10971/29',10971,29,123.79000000000000003,14,0.0);
INSERT INTO OrderDetail VALUES('10972/17',10972,17,39,6,0.0);
INSERT INTO OrderDetail VALUES('10972/33',10972,33,2.5,7,0.0);
INSERT INTO OrderDetail VALUES('10973/26',10973,26,31.230000000000002202,5,0.0);
INSERT INTO OrderDetail VALUES('10973/41',10973,41,9.6500000000000003552,6,0.0);
INSERT INTO OrderDetail VALUES('10973/75',10973,75,7.75,10,0.0);
INSERT INTO OrderDetail VALUES('10974/63',10974,63,43.899999999999996802,10,0.0);
INSERT INTO OrderDetail VALUES('10975/8',10975,8,40,16,0.0);
INSERT INTO OrderDetail VALUES('10975/75',10975,75,7.75,10,0.0);
INSERT INTO OrderDetail VALUES('10976/28',10976,28,45.600000000000004973,20,0.0);
INSERT INTO OrderDetail VALUES('10977/39',10977,39,18,30,0.0);
INSERT INTO OrderDetail VALUES('10977/47',10977,47,9.5,30,0.0);
INSERT INTO OrderDetail VALUES('10977/51',10977,51,53,10,0.0);
INSERT INTO OrderDetail VALUES('10977/63',10977,63,43.899999999999996802,20,0.0);
INSERT INTO OrderDetail VALUES('10978/8',10978,8,40,20,0.15);
INSERT INTO OrderDetail VALUES('10978/21',10978,21,10,40,0.15);
INSERT INTO OrderDetail VALUES('10978/40',10978,40,18.399999999999998578,10,0.0);
INSERT INTO OrderDetail VALUES('10978/44',10978,44,19.449999999999999289,6,0.15);
INSERT INTO OrderDetail VALUES('10979/7',10979,7,30,18,0.0);
INSERT INTO OrderDetail VALUES('10979/12',10979,12,38,20,0.0);
INSERT INTO OrderDetail VALUES('10979/24',10979,24,4.5,80,0.0);
INSERT INTO OrderDetail VALUES('10979/27',10979,27,43.899999999999996802,30,0.0);
INSERT INTO OrderDetail VALUES('10979/31',10979,31,12.5,24,0.0);
INSERT INTO OrderDetail VALUES('10979/63',10979,63,43.899999999999996802,35,0.0);
INSERT INTO OrderDetail VALUES('10980/75',10980,75,7.75,40,0.2);
INSERT INTO OrderDetail VALUES('10981/38',10981,38,263.49999999999997868,60,0.0);
INSERT INTO OrderDetail VALUES('10982/7',10982,7,30,20,0.0);
INSERT INTO OrderDetail VALUES('10982/43',10982,43,46,9,0.0);
INSERT INTO OrderDetail VALUES('10983/13',10983,13,6,84,0.15);
INSERT INTO OrderDetail VALUES('10983/57',10983,57,19.5,15,0.0);
INSERT INTO OrderDetail VALUES('10984/16',10984,16,17.449999999999999289,55,0.0);
INSERT INTO OrderDetail VALUES('10984/24',10984,24,4.5,20,0.0);
INSERT INTO OrderDetail VALUES('10984/36',10984,36,19,40,0.0);
INSERT INTO OrderDetail VALUES('10985/16',10985,16,17.449999999999999289,36,0.1);
INSERT INTO OrderDetail VALUES('10985/18',10985,18,62.5,8,0.1);
INSERT INTO OrderDetail VALUES('10985/32',10985,32,32,35,0.1);
INSERT INTO OrderDetail VALUES('10986/11',10986,11,21,30,0.0);
INSERT INTO OrderDetail VALUES('10986/20',10986,20,81,15,0.0);
INSERT INTO OrderDetail VALUES('10986/76',10986,76,18,10,0.0);
INSERT INTO OrderDetail VALUES('10986/77',10986,77,13,15,0.0);
INSERT INTO OrderDetail VALUES('10987/7',10987,7,30,60,0.0);
INSERT INTO OrderDetail VALUES('10987/43',10987,43,46,6,0.0);
INSERT INTO OrderDetail VALUES('10987/72',10987,72,34.799999999999995381,20,0.0);
INSERT INTO OrderDetail VALUES('10988/7',10988,7,30,60,0.0);
INSERT INTO OrderDetail VALUES('10988/62',10988,62,49.299999999999997157,40,0.1);
INSERT INTO OrderDetail VALUES('10989/6',10989,6,25,40,0.0);
INSERT INTO OrderDetail VALUES('10989/11',10989,11,21,15,0.0);
INSERT INTO OrderDetail VALUES('10989/41',10989,41,9.6500000000000003552,4,0.0);
INSERT INTO OrderDetail VALUES('10990/21',10990,21,10,65,0.0);
INSERT INTO OrderDetail VALUES('10990/34',10990,34,14,60,0.15);
INSERT INTO OrderDetail VALUES('10990/55',10990,55,24,65,0.15);
INSERT INTO OrderDetail VALUES('10990/61',10990,61,28.5,66,0.15);
INSERT INTO OrderDetail VALUES('10991/2',10991,2,19,50,0.2);
INSERT INTO OrderDetail VALUES('10991/70',10991,70,15,20,0.2);
INSERT INTO OrderDetail VALUES('10991/76',10991,76,18,90,0.2);
INSERT INTO OrderDetail VALUES('10992/72',10992,72,34.799999999999995381,2,0.0);
INSERT INTO OrderDetail VALUES('10993/29',10993,29,123.79000000000000003,50,0.25);
INSERT INTO OrderDetail VALUES('10993/41',10993,41,9.6500000000000003552,35,0.25);
INSERT INTO OrderDetail VALUES('10994/59',10994,59,55,18,0.05);
INSERT INTO OrderDetail VALUES('10995/51',10995,51,53,20,0.0);
INSERT INTO OrderDetail VALUES('10995/60',10995,60,34,4,0.0);
INSERT INTO OrderDetail VALUES('10996/42',10996,42,14,40,0.0);
INSERT INTO OrderDetail VALUES('10997/32',10997,32,32,50,0.0);
INSERT INTO OrderDetail VALUES('10997/46',10997,46,12,20,0.25);
INSERT INTO OrderDetail VALUES('10997/52',10997,52,7,20,0.25);
INSERT INTO OrderDetail VALUES('10998/24',10998,24,4.5,12,0.0);
INSERT INTO OrderDetail VALUES('10998/61',10998,61,28.5,7,0.0);
INSERT INTO OrderDetail VALUES('10998/74',10998,74,10,20,0.0);
INSERT INTO OrderDetail VALUES('10998/75',10998,75,7.75,30,0.0);
INSERT INTO OrderDetail VALUES('10999/41',10999,41,9.6500000000000003552,20,0.05);
INSERT INTO OrderDetail VALUES('10999/51',10999,51,53,15,0.05);
INSERT INTO OrderDetail VALUES('10999/77',10999,77,13,21,0.05);
INSERT INTO OrderDetail VALUES('11000/4',11000,4,22,25,0.25);
INSERT INTO OrderDetail VALUES('11000/24',11000,24,4.5,30,0.25);
INSERT INTO OrderDetail VALUES('11000/77',11000,77,13,30,0.0);
INSERT INTO OrderDetail VALUES('11001/7',11001,7,30,60,0.0);
INSERT INTO OrderDetail VALUES('11001/22',11001,22,21,25,0.0);
INSERT INTO OrderDetail VALUES('11001/46',11001,46,12,25,0.0);
INSERT INTO OrderDetail VALUES('11001/55',11001,55,24,6,0.0);
INSERT INTO OrderDetail VALUES('11002/13',11002,13,6,56,0.0);
INSERT INTO OrderDetail VALUES('11002/35',11002,35,18,15,0.15);
INSERT INTO OrderDetail VALUES('11002/42',11002,42,14,24,0.15);
INSERT INTO OrderDetail VALUES('11002/55',11002,55,24,40,0.0);
INSERT INTO OrderDetail VALUES('11003/1',11003,1,18,4,0.0);
INSERT INTO OrderDetail VALUES('11003/40',11003,40,18.399999999999998578,10,0.0);
INSERT INTO OrderDetail VALUES('11003/52',11003,52,7,10,0.0);
INSERT INTO OrderDetail VALUES('11004/26',11004,26,31.230000000000002202,6,0.0);
INSERT INTO OrderDetail VALUES('11004/76',11004,76,18,6,0.0);
INSERT INTO OrderDetail VALUES('11005/1',11005,1,18,2,0.0);
INSERT INTO OrderDetail VALUES('11005/59',11005,59,55,10,0.0);
INSERT INTO OrderDetail VALUES('11006/1',11006,1,18,8,0.0);
INSERT INTO OrderDetail VALUES('11006/29',11006,29,123.79000000000000003,2,0.25);
INSERT INTO OrderDetail VALUES('11007/8',11007,8,40,30,0.0);
INSERT INTO OrderDetail VALUES('11007/29',11007,29,123.79000000000000003,10,0.0);
INSERT INTO OrderDetail VALUES('11007/42',11007,42,14,14,0.0);
INSERT INTO OrderDetail VALUES('11008/28',11008,28,45.600000000000004973,70,0.05);
INSERT INTO OrderDetail VALUES('11008/34',11008,34,14,90,0.05);
INSERT INTO OrderDetail VALUES('11008/71',11008,71,21.499999999999999111,21,0.0);
INSERT INTO OrderDetail VALUES('11009/24',11009,24,4.5,12,0.0);
INSERT INTO OrderDetail VALUES('11009/36',11009,36,19,18,0.25);
INSERT INTO OrderDetail VALUES('11009/60',11009,60,34,9,0.0);
INSERT INTO OrderDetail VALUES('11010/7',11010,7,30,20,0.0);
INSERT INTO OrderDetail VALUES('11010/24',11010,24,4.5,10,0.0);
INSERT INTO OrderDetail VALUES('11011/58',11011,58,13.249999999999999555,40,0.05);
INSERT INTO OrderDetail VALUES('11011/71',11011,71,21.499999999999999111,20,0.0);
INSERT INTO OrderDetail VALUES('11012/19',11012,19,9.1999999999999992894,50,0.05);
INSERT INTO OrderDetail VALUES('11012/60',11012,60,34,36,0.05);
INSERT INTO OrderDetail VALUES('11012/71',11012,71,21.499999999999999111,60,0.05);
INSERT INTO OrderDetail VALUES('11013/23',11013,23,9,10,0.0);
INSERT INTO OrderDetail VALUES('11013/42',11013,42,14,4,0.0);
INSERT INTO OrderDetail VALUES('11013/45',11013,45,9.5,20,0.0);
INSERT INTO OrderDetail VALUES('11013/68',11013,68,12.5,2,0.0);
INSERT INTO OrderDetail VALUES('11014/41',11014,41,9.6500000000000003552,28,0.1);
INSERT INTO OrderDetail VALUES('11015/30',11015,30,25.88999999999999968,15,0.0);
INSERT INTO OrderDetail VALUES('11015/77',11015,77,13,18,0.0);
INSERT INTO OrderDetail VALUES('11016/31',11016,31,12.5,15,0.0);
INSERT INTO OrderDetail VALUES('11016/36',11016,36,19,16,0.0);
INSERT INTO OrderDetail VALUES('11017/3',11017,3,10,25,0.0);
INSERT INTO OrderDetail VALUES('11017/59',11017,59,55,110,0.0);
INSERT INTO OrderDetail VALUES('11017/70',11017,70,15,30,0.0);
INSERT INTO OrderDetail VALUES('11018/12',11018,12,38,20,0.0);
INSERT INTO OrderDetail VALUES('11018/18',11018,18,62.5,10,0.0);
INSERT INTO OrderDetail VALUES('11018/56',11018,56,38,5,0.0);
INSERT INTO OrderDetail VALUES('11019/46',11019,46,12,3,0.0);
INSERT INTO OrderDetail VALUES('11019/49',11019,49,20,2,0.0);
INSERT INTO OrderDetail VALUES('11020/10',11020,10,31,24,0.15);
INSERT INTO OrderDetail VALUES('11021/2',11021,2,19,11,0.25);
INSERT INTO OrderDetail VALUES('11021/20',11021,20,81,15,0.0);
INSERT INTO OrderDetail VALUES('11021/26',11021,26,31.230000000000002202,63,0.0);
INSERT INTO OrderDetail VALUES('11021/51',11021,51,53,44,0.25);
INSERT INTO OrderDetail VALUES('11021/72',11021,72,34.799999999999995381,35,0.0);
INSERT INTO OrderDetail VALUES('11022/19',11022,19,9.1999999999999992894,35,0.0);
INSERT INTO OrderDetail VALUES('11022/69',11022,69,36,30,0.0);
INSERT INTO OrderDetail VALUES('11023/7',11023,7,30,4,0.0);
INSERT INTO OrderDetail VALUES('11023/43',11023,43,46,30,0.0);
INSERT INTO OrderDetail VALUES('11024/26',11024,26,31.230000000000002202,12,0.0);
INSERT INTO OrderDetail VALUES('11024/33',11024,33,2.5,30,0.0);
INSERT INTO OrderDetail VALUES('11024/65',11024,65,21.049999999999999822,21,0.0);
INSERT INTO OrderDetail VALUES('11024/71',11024,71,21.499999999999999111,50,0.0);
INSERT INTO OrderDetail VALUES('11025/1',11025,1,18,10,0.1);
INSERT INTO OrderDetail VALUES('11025/13',11025,13,6,20,0.1);
INSERT INTO OrderDetail VALUES('11026/18',11026,18,62.5,8,0.0);
INSERT INTO OrderDetail VALUES('11026/51',11026,51,53,10,0.0);
INSERT INTO OrderDetail VALUES('11027/24',11027,24,4.5,30,0.25);
INSERT INTO OrderDetail VALUES('11027/62',11027,62,49.299999999999997157,21,0.25);
INSERT INTO OrderDetail VALUES('11028/55',11028,55,24,35,0.0);
INSERT INTO OrderDetail VALUES('11028/59',11028,59,55,24,0.0);
INSERT INTO OrderDetail VALUES('11029/56',11029,56,38,20,0.0);
INSERT INTO OrderDetail VALUES('11029/63',11029,63,43.899999999999996802,12,0.0);
INSERT INTO OrderDetail VALUES('11030/2',11030,2,19,100,0.25);
INSERT INTO OrderDetail VALUES('11030/5',11030,5,21.350000000000002309,70,0.0);
INSERT INTO OrderDetail VALUES('11030/29',11030,29,123.79000000000000003,60,0.25);
INSERT INTO OrderDetail VALUES('11030/59',11030,59,55,100,0.25);
INSERT INTO OrderDetail VALUES('11031/1',11031,1,18,45,0.0);
INSERT INTO OrderDetail VALUES('11031/13',11031,13,6,80,0.0);
INSERT INTO OrderDetail VALUES('11031/24',11031,24,4.5,21,0.0);
INSERT INTO OrderDetail VALUES('11031/64',11031,64,33.250000000000001776,20,0.0);
INSERT INTO OrderDetail VALUES('11031/71',11031,71,21.499999999999999111,16,0.0);
INSERT INTO OrderDetail VALUES('11032/36',11032,36,19,35,0.0);
INSERT INTO OrderDetail VALUES('11032/38',11032,38,263.49999999999997868,25,0.0);
INSERT INTO OrderDetail VALUES('11032/59',11032,59,55,30,0.0);
INSERT INTO OrderDetail VALUES('11033/53',11033,53,32.799999999999998046,70,0.1);
INSERT INTO OrderDetail VALUES('11033/69',11033,69,36,36,0.1);
INSERT INTO OrderDetail VALUES('11034/21',11034,21,10,15,0.1);
INSERT INTO OrderDetail VALUES('11034/44',11034,44,19.449999999999999289,12,0.0);
INSERT INTO OrderDetail VALUES('11034/61',11034,61,28.5,6,0.0);
INSERT INTO OrderDetail VALUES('11035/1',11035,1,18,10,0.0);
INSERT INTO OrderDetail VALUES('11035/35',11035,35,18,60,0.0);
INSERT INTO OrderDetail VALUES('11035/42',11035,42,14,30,0.0);
INSERT INTO OrderDetail VALUES('11035/54',11035,54,7.4500000000000001776,10,0.0);
INSERT INTO OrderDetail VALUES('11036/13',11036,13,6,7,0.0);
INSERT INTO OrderDetail VALUES('11036/59',11036,59,55,30,0.0);
INSERT INTO OrderDetail VALUES('11037/70',11037,70,15,4,0.0);
INSERT INTO OrderDetail VALUES('11038/40',11038,40,18.399999999999998578,5,0.2);
INSERT INTO OrderDetail VALUES('11038/52',11038,52,7,2,0.0);
INSERT INTO OrderDetail VALUES('11038/71',11038,71,21.499999999999999111,30,0.0);
INSERT INTO OrderDetail VALUES('11039/28',11039,28,45.600000000000004973,20,0.0);
INSERT INTO OrderDetail VALUES('11039/35',11039,35,18,24,0.0);
INSERT INTO OrderDetail VALUES('11039/49',11039,49,20,60,0.0);
INSERT INTO OrderDetail VALUES('11039/57',11039,57,19.5,28,0.0);
INSERT INTO OrderDetail VALUES('11040/21',11040,21,10,20,0.0);
INSERT INTO OrderDetail VALUES('11041/2',11041,2,19,30,0.2);
INSERT INTO OrderDetail VALUES('11041/63',11041,63,43.899999999999996802,30,0.0);
INSERT INTO OrderDetail VALUES('11042/44',11042,44,19.449999999999999289,15,0.0);
INSERT INTO OrderDetail VALUES('11042/61',11042,61,28.5,4,0.0);
INSERT INTO OrderDetail VALUES('11043/11',11043,11,21,10,0.0);
INSERT INTO OrderDetail VALUES('11044/62',11044,62,49.299999999999997157,12,0.0);
INSERT INTO OrderDetail VALUES('11045/33',11045,33,2.5,15,0.0);
INSERT INTO OrderDetail VALUES('11045/51',11045,51,53,24,0.0);
INSERT INTO OrderDetail VALUES('11046/12',11046,12,38,20,0.05);
INSERT INTO OrderDetail VALUES('11046/32',11046,32,32,15,0.05);
INSERT INTO OrderDetail VALUES('11046/35',11046,35,18,18,0.05);
INSERT INTO OrderDetail VALUES('11047/1',11047,1,18,25,0.25);
INSERT INTO OrderDetail VALUES('11047/5',11047,5,21.350000000000002309,30,0.25);
INSERT INTO OrderDetail VALUES('11048/68',11048,68,12.5,42,0.0);
INSERT INTO OrderDetail VALUES('11049/2',11049,2,19,10,0.2);
INSERT INTO OrderDetail VALUES('11049/12',11049,12,38,4,0.2);
INSERT INTO OrderDetail VALUES('11050/76',11050,76,18,50,0.1);
INSERT INTO OrderDetail VALUES('11051/24',11051,24,4.5,10,0.2);
INSERT INTO OrderDetail VALUES('11052/43',11052,43,46,30,0.2);
INSERT INTO OrderDetail VALUES('11052/61',11052,61,28.5,10,0.2);
INSERT INTO OrderDetail VALUES('11053/18',11053,18,62.5,35,0.2);
INSERT INTO OrderDetail VALUES('11053/32',11053,32,32,20,0.0);
INSERT INTO OrderDetail VALUES('11053/64',11053,64,33.250000000000001776,25,0.2);
INSERT INTO OrderDetail VALUES('11054/33',11054,33,2.5,10,0.0);
INSERT INTO OrderDetail VALUES('11054/67',11054,67,14,20,0.0);
INSERT INTO OrderDetail VALUES('11055/24',11055,24,4.5,15,0.0);
INSERT INTO OrderDetail VALUES('11055/25',11055,25,14,15,0.0);
INSERT INTO OrderDetail VALUES('11055/51',11055,51,53,20,0.0);
INSERT INTO OrderDetail VALUES('11055/57',11055,57,19.5,20,0.0);
INSERT INTO OrderDetail VALUES('11056/7',11056,7,30,40,0.0);
INSERT INTO OrderDetail VALUES('11056/55',11056,55,24,35,0.0);
INSERT INTO OrderDetail VALUES('11056/60',11056,60,34,50,0.0);
INSERT INTO OrderDetail VALUES('11057/70',11057,70,15,3,0.0);
INSERT INTO OrderDetail VALUES('11058/21',11058,21,10,3,0.0);
INSERT INTO OrderDetail VALUES('11058/60',11058,60,34,21,0.0);
INSERT INTO OrderDetail VALUES('11058/61',11058,61,28.5,4,0.0);
INSERT INTO OrderDetail VALUES('11059/13',11059,13,6,30,0.0);
INSERT INTO OrderDetail VALUES('11059/17',11059,17,39,12,0.0);
INSERT INTO OrderDetail VALUES('11059/60',11059,60,34,35,0.0);
INSERT INTO OrderDetail VALUES('11060/60',11060,60,34,4,0.0);
INSERT INTO OrderDetail VALUES('11060/77',11060,77,13,10,0.0);
INSERT INTO OrderDetail VALUES('11061/60',11061,60,34,15,0.0);
INSERT INTO OrderDetail VALUES('11062/53',11062,53,32.799999999999998046,10,0.2);
INSERT INTO OrderDetail VALUES('11062/70',11062,70,15,12,0.2);
INSERT INTO OrderDetail VALUES('11063/34',11063,34,14,30,0.0);
INSERT INTO OrderDetail VALUES('11063/40',11063,40,18.399999999999998578,40,0.1);
INSERT INTO OrderDetail VALUES('11063/41',11063,41,9.6500000000000003552,30,0.1);
INSERT INTO OrderDetail VALUES('11064/17',11064,17,39,77,0.1);
INSERT INTO OrderDetail VALUES('11064/41',11064,41,9.6500000000000003552,12,0.0);
INSERT INTO OrderDetail VALUES('11064/53',11064,53,32.799999999999998046,25,0.1);
INSERT INTO OrderDetail VALUES('11064/55',11064,55,24,4,0.1);
INSERT INTO OrderDetail VALUES('11064/68',11064,68,12.5,55,0.0);
INSERT INTO OrderDetail VALUES('11065/30',11065,30,25.88999999999999968,4,0.25);
INSERT INTO OrderDetail VALUES('11065/54',11065,54,7.4500000000000001776,20,0.25);
INSERT INTO OrderDetail VALUES('11066/16',11066,16,17.449999999999999289,3,0.0);
INSERT INTO OrderDetail VALUES('11066/19',11066,19,9.1999999999999992894,42,0.0);
INSERT INTO OrderDetail VALUES('11066/34',11066,34,14,35,0.0);
INSERT INTO OrderDetail VALUES('11067/41',11067,41,9.6500000000000003552,9,0.0);
INSERT INTO OrderDetail VALUES('11068/28',11068,28,45.600000000000004973,8,0.15);
INSERT INTO OrderDetail VALUES('11068/43',11068,43,46,36,0.15);
INSERT INTO OrderDetail VALUES('11068/77',11068,77,13,28,0.15);
INSERT INTO OrderDetail VALUES('11069/39',11069,39,18,20,0.0);
INSERT INTO OrderDetail VALUES('11070/1',11070,1,18,40,0.15);
INSERT INTO OrderDetail VALUES('11070/2',11070,2,19,20,0.15);
INSERT INTO OrderDetail VALUES('11070/16',11070,16,17.449999999999999289,30,0.15);
INSERT INTO OrderDetail VALUES('11070/31',11070,31,12.5,20,0.0);
INSERT INTO OrderDetail VALUES('11071/7',11071,7,30,15,0.05);
INSERT INTO OrderDetail VALUES('11071/13',11071,13,6,10,0.05);
INSERT INTO OrderDetail VALUES('11072/2',11072,2,19,8,0.0);
INSERT INTO OrderDetail VALUES('11072/41',11072,41,9.6500000000000003552,40,0.0);
INSERT INTO OrderDetail VALUES('11072/50',11072,50,16.25,22,0.0);
INSERT INTO OrderDetail VALUES('11072/64',11072,64,33.250000000000001776,130,0.0);
INSERT INTO OrderDetail VALUES('11073/11',11073,11,21,10,0.0);
INSERT INTO OrderDetail VALUES('11073/24',11073,24,4.5,20,0.0);
INSERT INTO OrderDetail VALUES('11074/16',11074,16,17.449999999999999289,14,0.05);
INSERT INTO OrderDetail VALUES('11075/2',11075,2,19,10,0.15);
INSERT INTO OrderDetail VALUES('11075/46',11075,46,12,30,0.15);
INSERT INTO OrderDetail VALUES('11075/76',11075,76,18,2,0.15);
INSERT INTO OrderDetail VALUES('11076/6',11076,6,25,20,0.25);
INSERT INTO OrderDetail VALUES('11076/14',11076,14,23.250000000000001776,20,0.25);
INSERT INTO OrderDetail VALUES('11076/19',11076,19,9.1999999999999992894,10,0.25);
INSERT INTO OrderDetail VALUES('11077/2',11077,2,19,24,0.2);
INSERT INTO OrderDetail VALUES('11077/3',11077,3,10,4,0.0);
INSERT INTO OrderDetail VALUES('11077/4',11077,4,22,1,0.0);
INSERT INTO OrderDetail VALUES('11077/6',11077,6,25,1,0.02);
INSERT INTO OrderDetail VALUES('11077/7',11077,7,30,1,0.05);
INSERT INTO OrderDetail VALUES('11077/8',11077,8,40,2,0.1);
INSERT INTO OrderDetail VALUES('11077/10',11077,10,31,1,0.0);
INSERT INTO OrderDetail VALUES('11077/12',11077,12,38,2,0.05);
INSERT INTO OrderDetail VALUES('11077/13',11077,13,6,4,0.0);
INSERT INTO OrderDetail VALUES('11077/14',11077,14,23.250000000000001776,1,0.03);
INSERT INTO OrderDetail VALUES('11077/16',11077,16,17.449999999999999289,2,0.03);
INSERT INTO OrderDetail VALUES('11077/20',11077,20,81,1,0.04);
INSERT INTO OrderDetail VALUES('11077/23',11077,23,9,2,0.0);
INSERT INTO OrderDetail VALUES('11077/32',11077,32,32,1,0.0);
INSERT INTO OrderDetail VALUES('11077/39',11077,39,18,2,0.05);
INSERT INTO OrderDetail VALUES('11077/41',11077,41,9.6500000000000003552,3,0.0);
INSERT INTO OrderDetail VALUES('11077/46',11077,46,12,3,0.02);
INSERT INTO OrderDetail VALUES('11077/52',11077,52,7,2,0.0);
INSERT INTO OrderDetail VALUES('11077/55',11077,55,24,2,0.0);
INSERT INTO OrderDetail VALUES('11077/60',11077,60,34,2,0.06);
INSERT INTO OrderDetail VALUES('11077/64',11077,64,33.250000000000001776,2,0.03);
INSERT INTO OrderDetail VALUES('11077/66',11077,66,17,1,0.0);
INSERT INTO OrderDetail VALUES('11077/73',11077,73,15,2,0.01);
INSERT INTO OrderDetail VALUES('11077/75',11077,75,7.75,4,0.0);
INSERT INTO OrderDetail VALUES('11077/77',11077,77,13,2,0.0);
INSERT INTO Region VALUES(1,'Eastern');
INSERT INTO Region VALUES(2,'Western');
INSERT INTO Region VALUES(3,'Northern');
INSERT INTO Region VALUES(4,'Southern');
INSERT INTO Territory VALUES('01581','Westboro',1);
INSERT INTO Territory VALUES('01730','Bedford',1);
INSERT INTO Territory VALUES('01833','Georgetow',1);
INSERT INTO Territory VALUES('02116','Boston',1);
INSERT INTO Territory VALUES('02139','Cambridge',1);
INSERT INTO Territory VALUES('02184','Braintree',1);
INSERT INTO Territory VALUES('02903','Providence',1);
INSERT INTO Territory VALUES('03049','Hollis',3);
INSERT INTO Territory VALUES('03801','Portsmouth',3);
INSERT INTO Territory VALUES('06897','Wilton',1);
INSERT INTO Territory VALUES('07960','Morristown',1);
INSERT INTO Territory VALUES('08837','Edison',1);
INSERT INTO Territory VALUES('10019','New York',1);
INSERT INTO Territory VALUES('10038','New York',1);
INSERT INTO Territory VALUES('11747','Mellvile',1);
INSERT INTO Territory VALUES('14450','Fairport',1);
INSERT INTO Territory VALUES('19428','Philadelphia',3);
INSERT INTO Territory VALUES('19713','Neward',1);
INSERT INTO Territory VALUES('20852','Rockville',1);
INSERT INTO Territory VALUES('27403','Greensboro',1);
INSERT INTO Territory VALUES('27511','Cary',1);
INSERT INTO Territory VALUES('29202','Columbia',4);
INSERT INTO Territory VALUES('30346','Atlanta',4);
INSERT INTO Territory VALUES('31406','Savannah',4);
INSERT INTO Territory VALUES('32859','Orlando',4);
INSERT INTO Territory VALUES('33607','Tampa',4);
INSERT INTO Territory VALUES('40222','Louisville',1);
INSERT INTO Territory VALUES('44122','Beachwood',3);
INSERT INTO Territory VALUES('45839','Findlay',3);
INSERT INTO Territory VALUES('48075','Southfield',3);
INSERT INTO Territory VALUES('48084','Troy',3);
INSERT INTO Territory VALUES('48304','Bloomfield Hills',3);
INSERT INTO Territory VALUES('53404','Racine',3);
INSERT INTO Territory VALUES('55113','Roseville',3);
INSERT INTO Territory VALUES('55439','Minneapolis',3);
INSERT INTO Territory VALUES('60179','Hoffman Estates',2);
INSERT INTO Territory VALUES('60601','Chicago',2);
INSERT INTO Territory VALUES('72716','Bentonville',4);
INSERT INTO Territory VALUES('75234','Dallas',4);
INSERT INTO Territory VALUES('78759','Austin',4);
INSERT INTO Territory VALUES('80202','Denver',2);
INSERT INTO Territory VALUES('80909','Colorado Springs',2);
INSERT INTO Territory VALUES('85014','Phoenix',2);
INSERT INTO Territory VALUES('85251','Scottsdale',2);
INSERT INTO Territory VALUES('90405','Santa Monica',2);
INSERT INTO Territory VALUES('94025','Menlo Park',2);
INSERT INTO Territory VALUES('94105','San Francisco',2);
INSERT INTO Territory VALUES('95008','Campbell',2);
INSERT INTO Territory VALUES('95054','Santa Clara',2);
INSERT INTO Territory VALUES('95060','Santa Cruz',2);
INSERT INTO Territory VALUES('98004','Bellevue',2);
INSERT INTO Territory VALUES('98052','Redmond',2);
INSERT INTO Territory VALUES('98104','Seattle',2);
INSERT INTO EmployeeTerritory VALUES('1/06897',1,'06897');
INSERT INTO EmployeeTerritory VALUES('1/19713',1,'19713');
INSERT INTO EmployeeTerritory VALUES('2/01581',2,'01581');
INSERT INTO EmployeeTerritory VALUES('2/01730',2,'01730');
INSERT INTO EmployeeTerritory VALUES('2/01833',2,'01833');
INSERT INTO EmployeeTerritory VALUES('2/02116',2,'02116');
INSERT INTO EmployeeTerritory VALUES('2/02139',2,'02139');
INSERT INTO EmployeeTerritory VALUES('2/02184',2,'02184');
INSERT INTO EmployeeTerritory VALUES('2/40222',2,'40222');
INSERT INTO EmployeeTerritory VALUES('3/30346',3,'30346');
INSERT INTO EmployeeTerritory VALUES('3/31406',3,'31406');
INSERT INTO EmployeeTerritory VALUES('3/32859',3,'32859');
INSERT INTO EmployeeTerritory VALUES('3/33607',3,'33607');
INSERT INTO EmployeeTerritory VALUES('4/20852',4,'20852');
INSERT INTO EmployeeTerritory VALUES('4/27403',4,'27403');
INSERT INTO EmployeeTerritory VALUES('4/27511',4,'27511');
INSERT INTO EmployeeTerritory VALUES('5/02903',5,'02903');
INSERT INTO EmployeeTerritory VALUES('5/07960',5,'07960');
INSERT INTO EmployeeTerritory VALUES('5/08837',5,'08837');
INSERT INTO EmployeeTerritory VALUES('5/10019',5,'10019');
INSERT INTO EmployeeTerritory VALUES('5/10038',5,'10038');
INSERT INTO EmployeeTerritory VALUES('5/11747',5,'11747');
INSERT INTO EmployeeTerritory VALUES('5/14450',5,'14450');
INSERT INTO EmployeeTerritory VALUES('6/85014',6,'85014');
INSERT INTO EmployeeTerritory VALUES('6/85251',6,'85251');
INSERT INTO EmployeeTerritory VALUES('6/98004',6,'98004');
INSERT INTO EmployeeTerritory VALUES('6/98052',6,'98052');
INSERT INTO EmployeeTerritory VALUES('6/98104',6,'98104');
INSERT INTO EmployeeTerritory VALUES('7/60179',7,'60179');
INSERT INTO EmployeeTerritory VALUES('7/60601',7,'60601');
INSERT INTO EmployeeTerritory VALUES('7/80202',7,'80202');
INSERT INTO EmployeeTerritory VALUES('7/80909',7,'80909');
INSERT INTO EmployeeTerritory VALUES('7/90405',7,'90405');
INSERT INTO EmployeeTerritory VALUES('7/94025',7,'94025');
INSERT INTO EmployeeTerritory VALUES('7/94105',7,'94105');
INSERT INTO EmployeeTerritory VALUES('7/95008',7,'95008');
INSERT INTO EmployeeTerritory VALUES('7/95054',7,'95054');
INSERT INTO EmployeeTerritory VALUES('7/95060',7,'95060');
INSERT INTO EmployeeTerritory VALUES('8/19428',8,'19428');
INSERT INTO EmployeeTerritory VALUES('8/44122',8,'44122');
INSERT INTO EmployeeTerritory VALUES('8/45839',8,'45839');
INSERT INTO EmployeeTerritory VALUES('8/53404',8,'53404');
INSERT INTO EmployeeTerritory VALUES('9/03049',9,'03049');
INSERT INTO EmployeeTerritory VALUES('9/03801',9,'03801');
INSERT INTO EmployeeTerritory VALUES('9/48075',9,'48075');
INSERT INTO EmployeeTerritory VALUES('9/48084',9,'48084');
INSERT INTO EmployeeTerritory VALUES('9/48304',9,'48304');
INSERT INTO EmployeeTerritory VALUES('9/55113',9,'55113');
INSERT INTO EmployeeTerritory VALUES('9/55439',9,'55439');